/*
 Navicat Premium Data Transfer

 Source Server         : Mysql
 Source Server Type    : MySQL
 Source Server Version : 80016
 Source Host           : localhost:3306
 Source Schema         : supplierbidding

 Target Server Type    : MySQL
 Target Server Version : 80016
 File Encoding         : 65001

 Date: 03/09/2020 16:47:40
*/

SET NAMES utf8mb4;
SET FOREIGN_KEY_CHECKS = 0;

-- ----------------------------
-- Table structure for act_evt_log
-- ----------------------------
DROP TABLE IF EXISTS `act_evt_log`;
CREATE TABLE `act_evt_log`  (
  `LOG_NR_` bigint(20) NOT NULL AUTO_INCREMENT,
  `TYPE_` varchar(64) CHARACTER SET utf8 COLLATE utf8_bin NULL DEFAULT NULL,
  `PROC_DEF_ID_` varchar(64) CHARACTER SET utf8 COLLATE utf8_bin NULL DEFAULT NULL,
  `PROC_INST_ID_` varchar(64) CHARACTER SET utf8 COLLATE utf8_bin NULL DEFAULT NULL,
  `EXECUTION_ID_` varchar(64) CHARACTER SET utf8 COLLATE utf8_bin NULL DEFAULT NULL,
  `TASK_ID_` varchar(64) CHARACTER SET utf8 COLLATE utf8_bin NULL DEFAULT NULL,
  `TIME_STAMP_` timestamp(3) NOT NULL,
  `USER_ID_` varchar(255) CHARACTER SET utf8 COLLATE utf8_bin NULL DEFAULT NULL,
  `DATA_` longblob NULL,
  `LOCK_OWNER_` varchar(255) CHARACTER SET utf8 COLLATE utf8_bin NULL DEFAULT NULL,
  `LOCK_TIME_` timestamp(3) NULL DEFAULT NULL,
  `IS_PROCESSED_` tinyint(4) NULL DEFAULT 0,
  PRIMARY KEY (`LOG_NR_`) USING BTREE
) ENGINE = InnoDB CHARACTER SET = utf8 COLLATE = utf8_bin ROW_FORMAT = Dynamic;

-- ----------------------------
-- Table structure for act_ge_bytearray
-- ----------------------------
DROP TABLE IF EXISTS `act_ge_bytearray`;
CREATE TABLE `act_ge_bytearray`  (
  `ID_` varchar(64) CHARACTER SET utf8 COLLATE utf8_bin NOT NULL,
  `REV_` int(11) NULL DEFAULT NULL,
  `NAME_` varchar(255) CHARACTER SET utf8 COLLATE utf8_bin NULL DEFAULT NULL,
  `DEPLOYMENT_ID_` varchar(64) CHARACTER SET utf8 COLLATE utf8_bin NULL DEFAULT NULL,
  `BYTES_` longblob NULL,
  `GENERATED_` tinyint(4) NULL DEFAULT NULL,
  PRIMARY KEY (`ID_`) USING BTREE,
  INDEX `ACT_FK_BYTEARR_DEPL`(`DEPLOYMENT_ID_`) USING BTREE,
  CONSTRAINT `ACT_FK_BYTEARR_DEPL` FOREIGN KEY (`DEPLOYMENT_ID_`) REFERENCES `act_re_deployment` (`ID_`) ON DELETE RESTRICT ON UPDATE RESTRICT
) ENGINE = InnoDB CHARACTER SET = utf8 COLLATE = utf8_bin ROW_FORMAT = Dynamic;

-- ----------------------------
-- Records of act_ge_bytearray
-- ----------------------------
INSERT INTO `act_ge_bytearray` VALUES ('10', 1, 'source', NULL, 0x7B226964223A2263616E766173222C227265736F757263654964223A2263616E766173222C227374656E63696C736574223A7B226E616D657370616365223A22687474703A2F2F62336D6E2E6F72672F7374656E63696C7365742F62706D6E322E3023227D7D, NULL);
INSERT INTO `act_ge_bytearray` VALUES ('11', 1, 'source-extra', NULL, 0x89504E470D0A1A0A0000000D49484452000003D20000010E080600000065F02FA3000000206348524D00007A26000080840000FA00000080E8000075300000EA6000003A98000017709CBA513C0000000467414D410000B18E7CFB5193000000017352474200AECE1CE900000006624B474400FF00FF00FFA0BDA793000000097048597300000EC400000EC401952B0E1B000020004944415478DAEDDD099C9555DD38F067580717484525770D93324553B3CC8A7A5D4A2B2D174014B78A7ADD25DC52B3D457530897CAF2D54414C12DC9CA3D5F4CF26FB80B5A69299B80896C82A2C2CCFFFCEE3C77BC8C33C0302B33DFEFE773B8F73EF7B9772EE79EF3DCF37BCEF26419000000000000000000000000000000000000000000000000000000000000000000000000000000000000000000000000000000000000000000000000000000000000000000000000000000000000000000000000000000000000000000000000000000000000000000000000000000000000000000000000000000000000000000000000000000000000000000000000000000000000000000000000000000000000000000000000000000000000000000000000000000000000000000000000000000000000000000000000000000000000000000000000000000000000000000000000000000000000000000000000000000000000000000000000000000000000000000000000000000000000000000000000000000000000000000000000000000000000000000000000000000000000000000000000000000000000000000000000000000000000000000000000000000000000000000000000000000000000000000000000000000000000000000000000000000000000000000000000000000000000000000000000000000000000000000000000000000000000000040532893050000B0F6193060C036E9E61839410B1A356EDCB8A9EDF13FDEC9770F00006BA508A27F2C1B68611708A4010080B5D14F6401CDA8DD9FC011480300C05A1E448F1B37EE02D9407319306040BB0FA63B2806000000209006000000813400000008A401000040200D00000002690000001048CB02000000104803000080401A00000004D2000000209006000000813400000008A4650100000008A40100A02DD85C1640EBD349160000408B5A27A527537A336F9FFF30A599296D95D238C13408A40100802A5F4A69644A9F4EE9E0945E4969BBFC76594AD3529A2A9B40200D000054F95B4A07A6F4BDFCF13A7920FD92AC81D6CD1C690000687E37A474587EFFDA949E4BE9B53C0102690000A08663B3AA61DB0FA6B4754A1B95A43E256963590502690000A0CAA329ED9252BF947AA7F44E4A2FE4B75DF2DB4FC92610480300001FB834A58352FA4B56B56A774556B5C8D88EF9ED7BB2085A1F8B8D010040F31B98D292ACEA5257D1FB7C7F4A83535A9C555DEEEAAE943E9E59780C5A253DD20000D0FCC6E66DF19BB2AA5EE76752DA35A52FA7F49D9496A674BD6C0281340000F081F1291D95D28F52FA624A77A7F47C4AFF9D3F7F554A5F954DD0FA18DA0D00002DEBE2ACAA873AFC2BA54DF3FBB7CB1A689DF448030040CB7BA58EED5BCB1A687DF448032DAEB2B2B2FCD5575F3D71F1E2C547BEFDF6DB3B2C59B2A4BCA2A242C6345059595965D7AE5DDFECD2A5CBA4F7DF7F7FF8DE7BEFFD7F7205755FDDA7558921DCBFCAEF7F2EA599F9FDE8EC9A9607D1A3B2AA79D380401AA04A6A447FFFC9279F1CB174E9D2757AF5EA95455A7FFDF5B30E1D0C9869A8149094A500A5E7A2458B0E983367CE3E7FF9CB5FFEFECE3BEF1CB9FFFEFB4F913BA8FBEA3EAD4279C9FD2D525A96DFDF260FA4234D974DD0FAF8B5025ACCF4E9D3C74F9B36ED9A8D36DA689D3DF6D823DB6AABADB21E3D7A684837D6013EE563F7EEDDB32DB6D822DB7DF7DDBB6CB9E5967DA387EAE1871F3E48EEA0EEABFBB40AE34BEE4F4AE9893C4D9235209006A8B5219DD2413BEEB863B6F9E69BC7504499D2C436DB6CB3AC6FDFBEDD5223FBA6871E7AE8EB7204755FDD0740200DAC256248E72BAFBC72D00E3BEC50E835A9E9DDC5AF67339FBD297BE9FF7E9AFDF3E10BB2E94FDF902D5DF49A8C6B04EBAEBB6EB6F3CE3BAF9F82979BEEBFFFFE4FC911D47D759F16B5714AEBE569FD3AEE03AD9039D240B38AC585625E640CE5ACAB213DE3E9DF66CBDE5B52BDEDED79FFCEA63F757DB6D56EC767E5DD3797898DD0A0DE669B6D2A525013D727FD8A1C41DD57F7693117A5B44E4A2B5B656F996C82D6478F34D0AC6285DE585C28861AD666DEB44757684817552C7F2F9BFBEA0419D848B6D8628B0D3B75EAB4FD830F3EF859B981BAAFEED362F6CDAAAE217D784AC7A6F4855A9215BB41200DB47771999B589DB7AE7991EFAC641867F458D17836D9649339E9E6103981BAAFEED3220E48A94F4AB3F2DB18297A5E7EBF346D2AAB40200DB47371ADD8589DB72E95CBDFAFFBC595AE2FDB987AF6EC196365FBC909D47D759F1651DB65AD5ECAAAE64D977A39A52EB20B5A1773A48166B564C992F2B8562C2D2F7D0F1FADA5C106EABEBA4FF3285ED7BB3CFF3E66A4F48FFC76CB92FD06A4F49EEC028134D08E555454B8566C2B917F0F7E0750F7D57D5ADE8C1A8173A97B640F2DA97FFFFE679595955D52C7D33F1E3060C08F4B378C1B37AE5D5CD7D02F1AD0AA74EEB6419DCF75EAAA370BD47D687396D678FC575942AB0A183B7478562E08A481566EC3ADF6CA3A7559F743DB3B76EE966DB8F5DE3208D47D009AD1D8B163EFABACAC7C6B35779F2990066801EB6DFC896CDD9E3BD4BA7DFD4D769441A0EE03D0FCEE58C5F3CBE39F1470DF2790066821CBDF7FE743DB96BDFB968C01751F80169002E45B56B14BE1D20B6565656304D200CDECBD256F64D39FBA3E5BFCC6DF3FF4DC92375FCEA63FF9BF857D00751F80E6B3CE3AEB4C4C37F357B24BAC3E3F77CE9C391305D200CD68E1ACA75343FABAECEDF9AFD6B9CFDB0BA66553275D93CD9FFE5856E9BAB2A0EE03D02C468D1AB5B4ACACACAE15E40B07E6CACACAF113264C58D65EF2C4A50F801615BD4CAFBF744FA1D76975542C7FAFB0FF5B6FFC3DDBE4E30764E585CBA102EA3E004D2905CAD7A59B41B53C15F3A33B2477B6A7FCD0230DB4A8E8655ADD8674A9E8BD9AF6C46F6420A8FB00348318B69D82E9B76B79AA734A3367CF9EFD90401AA099442FD39AAAAC58260341DD07A019C4B0ED0E1D3A8CAA79382F1C972B2BEF6B4FC3BA83A1DD408BEAB3CF453201D47D600D6CB6D9660B66CD9A956DB5D55696B7A759545454DC5B5656F6DFC5C72980AE488FA373F6CFED2D2FF4480300C05AE6FCF3CF1F387FFEFC115FFBDAD7B237DE78E3B273CE39E718B942537BFDF5D7E33AD1738B8F53101D1DB3735380FD4781340000D06A0D1B36EC90E9D3A7DF74E2892776183C787076CA29A7744801CE75A79D76DA11CDF4117AA7B4DE4A9E8F4B21EDBE92E7F749A9577EDF08D9B5480CDF4EC1F3FD3536DF77FBEDB72F1648030000AD52F444CF9D3BF7B6934E3AA9E3A73FFDE9C2B6BE7DFB4630DD71FEFCF9A39B2998DE3BA51FA5D4AF8E74704AC7D778CDD7533A26A5EFE7AF8FFB87A674F92A826E5A997CF5EE6A29B0BEB33DE683401A0000D6023FF9C94F8E9E3163C6CDD1135D0CA28B76DA69A7ECD4534F2D04D3279C70C2B79AE1E3FC33A50935D2B329F54CE9F1945EAFB17F0CFD1D95D29E295D91D2AF53FAAF94CE4EE9C96CE53DDCB422E5E5E58F973EEEDAB5EB84F6980F865234B2CACACAF2C993271FFDCC33CF1C317BF6EC5D66CD9AB5CEA2458B3A2D5DBA34EBD4A953E5FAEBAFFFFE861B6EF85AF7EEDD1F4BBB5F78E69967FE53AE0100B0AA207AEAD4A9BF8D61DCD1035D9BD87EFAE9A7771C3162C4AD83070F3E6CF4E8D1BF6FE28FD5AF966D736BC418E5F97E4BF3C74F65553DD0313C3C7A323F9BDFDF31A561295996BF151A3468D016CB962D3BB8ACACEC4B29AED925AB5AAD3B3A652BD3E367FAF7EFFF6C7AEEAF1D3B761C3766CC98990269EA1540FFEE77BFBBF6A28B2E1AF8E69B6F76FAC4273E91F5EBD72FDB72CB2DB31438C7999B2C15B2B2B7DE7AABCB8C1933B69D3265CAB64F3FFDF411A79D76DAF4254B965C74EDB5D75E27170100A825881EB4AA20BA287AA6870E1DDA79F8F0E1B71D7DF4D1DFBEF1C61BFFD4041F69591E474CC8AA86684FCDB7F7CEB79506C31140C7025531B47B9B94622EED1629CDCCF73B28A52B53D2166E85060E1C18C3F44FA8A8A8F8620A94BBD4B24B597CAFE9B9F86E0F5EBE7CF9E503060C98901E5F3F76ECD89B05D2ACD4E38F3F7EDCC5175FFCAB850B17764D05A77036B063C78E1FDA2F82E9481B6FBC7116C371060F1E5CF6DC73CF6D3D6EDCB85F0F193264E8BC79F3BE71FBEDB7FF4B8E0200104E3DF5D4835F7DF5D51B4F3AE9A45506D1A5C1F40F7FF8C32E975F7EF95D2910FA660A68EE6BE48F15BDCEC5C5C20ECCAA7A92B33C289E98D5DEABDC338F3DA6D6D8DEA7966DB4B014D34470FCEBCACACAFDD7E0E5FDD2EBFAA5F7189202EB63DB6A7C23906E8054403ADD7DF7DD0F8C1A35EACB071E786016971FA82D805E993820A6D4F1FEFBEFEF73DB6DB73DFFBDEF7DEF64BDD30000444F741E4477AC39277A7582E961C386758E60BA7FFFFE87DD7AEBAD8D7979A2A525F7179704C20B6B3C57D39C5A82E6C5BEE9D6259597011D3A74F8554545C506C56D11E37CEA539FCAF6DC73CFAC77EFDED9473EF2916CFDF5D7CFDE7EFBED6CC18205D9D4A953B3499326654F3FFD74F6FEFBEF175FB6777ADD3303070EFC415BEC9D16483720887EE491471E7BE8A187F638FDF4D3B3EDB7DFBE41EFB7FFFEFB677DFAF4E976E9A5975EF59DEF7CA7EB75D75DF74BB90C00D03E9D77DE7947A6E0A4D0135DDF20BA34981E3A7468F98811236E6F8260BA287AA6FBE5F7B75EC97E0BF27D63F877F45CFF35AB9A3F6D3466EB0AA2BF9E82E89B5310DDB118404767E17EFBED5718555BD33AEBAC53489B6DB659B6D75E7B1582EA3FFDE94FD9BDF7DE9B2D5FBE3C76592FC54D37A560BA3C05D36DAAB3D0AADD6B287AA2EFBCF3CE3DD241AEC14174D1D65B6F9DFDF4A73FED960AEFA5A9B01D29970100DA67103D73E6CC1B634EF49A06D14531FA71D8B061E55DBA748960FAEB4DF071637EF3843C5D9C550DFBAECD9C3CD08EE76F4D69B7AC6A15EF9F655597C0EAED9B6FF1203A7AA2C7A7C0B7104447707CC92597C44263B506D1B5899EEAD83F5E176B4515A5F7FCDFB616DF08A4D740CC89BEF7DE7BBF7CD24927AD76A15A5DF17EE79C73CE7A9D3B77BE3A15B63E721B00A0FD88E1DCC5207A75E744AF4A3ECCBB3CB52F6F4BEDCBAF36F2472E9D7F3D370F88B7A8B1CF8959556FF4BBF93E318F7A44FEDC67F3FBFFEBDB6F393127BA63C78EBF2A06D13BECB04376C10517AC100CD747BC2E5E1F65AF2498BEA62DC5378676D753ACCE7DE185175E1373A21BAB27BAA6E899EEDFBF7FD75B6EB9E586F4F073721D00A0EDAB6D61B1182AFB831FFCE043FB5E75D5552B74E8C45CD5E38F3FFE43FBFDF297BF2C5C4126029A33CE38A3DB65975D76670A660E69E0026411142FA8657B71F8F685299D54B23DE64DC7B0F2E8951E92D2F292E7E6E4C1F8614A40CBE9D0A1C375C539D1D1133D74E8D0C21CE8868821DFA94C1702EA193366C4A618E61D274CBED026F24CB1A99FF1E3C75F1F97B08A39CD4DE980030EE8D6A3478F6D0DF1060068FBA2273A05CD77D45C582C86CA46201D414949D093FDFAD7BF5EE1F5D75E7B6DD6B973E7EAC71B6CB04176E491471682E8A27C35EF75D2EBEF68E030EF71D12CAEE3B9088AF748E9F1926D31377659BEEDBC942E2849C5FFC85CA5A065C425AE5210FD5F713FE64447F0DBD020BA34988E51BC250B32EFDD56E21B81743D446FF49429530E8F4B5C951EA89ACA902143364807BA13E43CAD492AFFE7C601B75FBF7E46B480BA0FEA42E304D1474F9D3A75745DAB737FF18B5FCC3EFAD18F563F4E414FF6EAABAF664F3EF964E1F13FFFF9CF6CF2E4C9D5AB2577EAD429EBDEBD7BF6D5AF7E781477F4749F71C6199DD33EE39A68CE346B5F99AC8E376261B1351DCE5D9778BFAF7FFDEBA531D51081743B930E5047FFE73FFFE9D458F3555665E79D77EED2B56BD76D63CE82DCA715B9301D00EFEAD5ABD782F4037C73CCB53AECB0C3D66B0D1F2CCEC6A73A5A6858FCE52F7F296CBBF3CE3BB337DF7C73A5AF8B0649CD33FB2B73D34D3765D3A74FAFF3F937DE78E343DB1E79E49195BEE77BEFBD57B85DB46851E13686E815ADEAF3437BABFBD75D775D759DA9CB8D37DE58B80C4BD1B265CB56BB9E8F1D3B76A575BC288E330F3FFCF00A298E43ABAAB3ABF3F9639FBFFFFDEF85FBCF3DF75CF5F6D5F95C344F5DD874D34DE7A636DA4D0DAD0B7910FDDB552D2C76E28927AED02BFDCE3BEF14CAC95B6FBD955D7DF5D52BFC6EC47EDFFBDEF7EABC2C6BB4318BC17413CC99A6E5CAE4BCFA1E9F070D1A14F3D9BF1CF78B2B74378538A953D211B9775B886F04D2F5F0CC33CF1C1141747DAF15DD103BEDB453CC1B3954EED30AAD5B565636281DB8EF4D7562663A208E8E03F731C71C53DE121F261A10B7DF7E7BB6C9269B6473E7CE2DCC290BF7DC734FB6D1461BADB0EFE2C58B0BA9FA40D8A143E16C7EB1811A8DE078AF62801BC1F87DF7DD579DA2F1F2B39FFDACF0DEF1381AEC3152251AEAA15BB76E8533AFA58DE93973E614E61BD5E584134E28BC576A50154E04C465232EBDF4D2C2B6F4A3A8B4D1AEEBFECC993357FC00EBAE5BDD1357D73E7182AC34B0881EBA79F3E6654B97565DE2367AF3EA3266CC980FBD5F5DC1FA57BEF29515D2DFFEF6B70F1D73D6E4F347EF62B157E8B4D34EAB0EBC070F1E5CF8BFD1F2523DE8916E8ECCEBC2ABA92EDC50DFBA70FEF9E70F2C06D1ABEAA8E9D5AB57211889DF98D2DFBE8B2FBEB8FA246C8821B99FFBDCE7B2EDB6DB6EA5EF17C1F4B061C3D24F6087B17AA6DB4C995CBFC6F179956532B55D0E2E2E301665B0742A40638A290A354E14ADF5F18DE159F5307BF6EC5DFAF5EBD7AC7F73CF3DF7FC48FA51FE52BA3BDC37402B168D89A3D281F8A8D4487D271DB86F4D07F2DFA73AF3C70913262C6B8E0F307AF4E8ECC20B2F5C69437C8B2DAA16118DA16FDFFDEE77B3EF7CE73BD5CFC7BA072FBEF862211503E268B876E9D2253BE490430A8FA3B7291A2B7196BFD8888E855E8E3EFAE8422A5A6FBDF562BE5121988F203DE6A945305C6CFCC47BA47CC9BEF9CD6FAED0E88F0652CAB36CDB6DB7CD66CD9A95EDB2CB2E856DC5A01EDA6BDD1F376E5CF6C94F7EB2509F428C3CE9D1A347E1445388111F11BCFEF0873FFCD06B274D9A54A87BD14317016CBC368E01D19B1C816A04D835BDF4D24BD527E356A566CF726D416E7D3E7F1C7F22D88FDB7FFFFBDF8513729B6FBE79E15814E23317DF8756A5674AC7A4BA704CFAFE16A7BA70C7AAEA420A620F993E7DFA4DA50B8BADCAB7BFFDED42798913BAC5DFB338099CFEEE0A278D0E3FFCF0D57ABFF477BB0D1D3AB462F8F0E1B7A4DFA9239AE83AD3B4DCF1B95826DF49ED92684CDC55B34CA672FAA5E2FDCF7CE6334DFA81E2FDE364636EAD8F6F04D2F5901AB6EBC48ADACD69BBEDB68B313CBBC87DD622DD8A07EE5EBD7A2D4C8D89FBD2417A54D7AE5D278C1A356A6953FCC168B8DE7CF3CDD911471C510876A351110DCDB85DB26449F6C20B2F64FFF8C73FAA03E9185A140DD3E2DCB1085A6385CAA2785DF46C171BAED173152351E207208686167BB3A30113F3D6A2411E67FEE3FDE3B5713637AEA1188D9DF9F3E7171ACDF1797EFBDBDF16DE536F12EA7EFD1D70C001D5F7E3C4580494C5CBAAC4655AE2045488FA1927AA6224499CFCDE79E79D0B75F79A6BAE29ECD3B367CFECD9679FCD8E3DF6D83AFF5604B151775725FEEEC4891357D8F6B18F7DAC419F3F82E8D75F7FBD709C889370B1FD861B6E287C9ED2F55922A0BAFEFAEB0BFBD0EAAC575217E6A600E6A1F4F8C6D2BA103DD17910DDB13ED7898EDFA258B8E9F2CB2F2FFCBE85D2203A7AFD8E3BEEB8158680AFCAAEBBEEBAEE19679CB1F8B2CB2E134CB7E1E3732A2783D3EDE0542617A5E3F303E9F87C7D94C974CCD9A524EE68D20FB1CD36DB943E5CEBE31B81743D2C5AB4A8531CA09A536AA86F9C0AFEB254E02FF00DB0168AB3A1FD5319EE1F8DC3F403FDEFDAE60F3754F40C47801A0BABC4D0CAE8218AB4D5565B157AA076DC71C742AA297A83F6D9679F42C32302E4EF7FFFFB85ED314CEEB39FFD6C75433B7A85A2A7F85BDFFA56F6A94F7DAAD0508FF7FFFCE73F5F783E7AAFA22113817404E0DFF8C6370A0DDF1862FEA52F559FE82DF42CD75CF8251ACBD1688FDB78CF08CE8B2982EFE2FF65F8F0E1B5F6B635447CBE9843EAF8426BAFFB51F6FFE77FFEA77A5860CC1D8E80F8B5D75ECBA64E9D5A18E5910281AA0866BDF50A532B626A44D4ABA8E371B22C82D0180512EF13F574AFBDF6AAF56F457DDB7DF7DD57182A5B9B582B214EC8D5EC918ED74690FBBBDFFD6E8D3F7FA438A6C549B9D82782E8471F7D342B9ECC8FF73AE79C73D6388856F79B55CF540F06A4DB01795DF8D7A69B6E3A66C68C19E7454F747D82E8D21338711226465B949E988DDF8CF81D8A32585F7DFBF65D6FD8B061F352303D3605FEBF4F9FF95FBEBA36AB7B4A87A6EFF8D07CAA4B45E98998A654E3FD7B0AA4DB91286CE5E5CD3BFDF3F1C71F8F2117F13DFDD837C0DA2E95E58FC50F7F71A87463889E9DD2DE9CD51143E2A2A1BAE79E7B66175D7451E1FA86311F317A9323F88EDEA0D2DEAA689C44DD8F003AE645C7EB62AEDAADB7DE9A9D79E6998561DBC5B51362BFD8160DDF18BA59D7672EF68E47233C7AB4630E75F46C45D01E79149F277A142245A3371A5B1188945E33B4A1A261FECC33CF648E2FAC0D753FEA46048F214E6C45801CF538EACDB469D356D837EA538C04894034E617C789AEDD76DB2DBBFBEEBB0B7533E61947F01A27DF6A8A512D310C3B4E70C57B44D05D9B787EFBEDB7CFF6DE7BEF421D8EFA59FCFFC51CEB867CFEF8BBB1FF2DB7DC52B87C5104CCC5A920F1DADFFCE637F5EA7154F75B555DE89DBEDF1FC7824E6B12441745B92819225B10E53C4EF8AEA95D76D965C3CD37DF7C51FA8D1AE49B6A57AAE78A34D625AFEA52E3B855BEB6679C40BA1EBA76ED5A9982E9B2E60CA63FF399CFCCBDE38E3B3E920EBC17FB06682556A7E1F57E7EDBB94603E295DD77DFBD51C70D45233782D218E21843B823088E619BD1C88D466AF44445C3F8FEFBEF2F0C878B7D2348EDD3A74FA1711A73A263E8F6BEFBEE5B689CC6B53A4B7B918B629E62F4E0C430D162E3251ABFD18B54B3111C0DE4CB2EBBACD00B159F29DE3FE6AC45001DBDE01150C490D318161EC793FDF6DBAFB0B858F4A6C77B454F77ACC21A8DF418921A8DF278AEB17DE10B5F28FCBDD4A0FE89624D6BAFFB51A78B738AA74C9952A8BF517FE27EE96581C2F8F1E30B6B19443D8F21D531752302DD18D911436223288DEBA4D656AFFEFCE73F17D6388893653152E5FCF3CF5FE5679B3163C62A1BA0ABFBF923B08E63513C1FD3556A06CCB16F43826875BFD9EA425D81F42BE9776BDC840913CEEADBB76F8735BD124C9C6449EFB5C2B0EE38E9FBFBDFFFBE7022684DA4F2F0FA6BAFBD168B098ED123DD26CB6445FA5E2BF20EBAD23219DB0BC174B43D9A32982E5D003259BAB667BA40BA1EBA77EFFEFE82050BBAC48F6B73E9DCB9F3BC54C0978E1B37EE02DF00ADC1800103EA3A58BF9F1FA0BB161BD1E9F182F4F8A1F851EEDAB5EB7D3137ECB8E38EAB6CCCCF539CC71C626E62F44EC7B0EC983B16BDB711B046E3A2B4C11C3DCBC55575637B04BBD133108DDA3FFCE10FD9F1C71FFFA1BF13FB4783FC94534EA95EA42C866AD70CA4A3272946AFC470CCF8BBA5C3CA8B43BB6BBBAE677125E1A208F09B7AB5EE185A1AFFEF33CF3CD3F185565FF7E36454B1EE94F6E8462AAD8331D43502E7E2AAF9713FEA658C2089D5F663C8F751471D556B101DBDD571E2ABD85318EFF1F2CB2F174E6AD5B47CF9F2EAFB31273B56DC6F8CCF1F3DDC91E258B3320D19A1A2EE37595D88B25F591611EE078F3F541762FB39E79CF3DCC89123C79E7CF2C9F51EDE1D579978FEF9E73FB4DE4694C9284BB1227C7D877747107DF9E597774BEF39D01CE9B65326637A681E2C47CCD721DD76A8592653FB63727AAE77EC178B2C3665205D6311C7B902E976E4231FF9C8F47480EADD9C81F4E4C993FF1DC746B94F2B15CB86C62FF9BAD180CEDB0EB1125774BBDCDAAD5BB78752A36141737D98E26891983F1841752CF81543B1634E4E344C8BA207A8381F31866246CF4F3472635877CC6DAE6DB867D1A69B6E5ABDD8587175EF9A0DD4B3CF3EBBD639D97589F99211FC978AF99CB5AD260CEDB5EE7FE2139FA8B5473702DF388156DD329B3BB7D0E31C75B91874C448951891F2CB5FFEB210C41E73CC31B5FE8D73CF3DB7106C17FDE8473FCA0E3AE8A0422F5FCD21DE31BA25FE6E04DF71222C6E23808993777139BB35FDFC75899301319FBAE889279E586101335A873C885E655D48BF53B79D7AEAA9EF5D7DF5D577A4DB8EABDB331DC1F22F7EF18B152EE158DA33BD70E1C242D98F5EE9D51DB990CAEDEB3FFFF9CF23881E24886E13E2D81C8B379497F43ED759265310FE6C31907EE59557AA2FBBD7144A8F61C9B302E9762435AE1F493F7EBD637E647379ECB1C7E2C8F888DCA795EA567280BE23A53FA586E11F9B6A75EED511C322A3811A4174884587621E74CC612CCE4F8CE78B979889CBE2147B83A3711B43A9A307EAA73FFD696195DFE82D2A3DEB1F3DCDEFBEFB6EE17E6D9789885EE8E8015BD509B7EBAEBBAEBA673B7AB3860C195218F21DEB2244D01F8B0AC5DF8DF7B3CA37EA7EB6C2627BA53DBA351503DEA8A7117444901AF529A65B44DD8A2037D63188291CA581681C27A2A7BA74D5ED78AFB8AC5E9CE83AEFBCF3B2C30E3BACFA6F46EF72F458C7E78AE03BEA7DF4E444901E01724C03290D6456F7F347401E236A8AC7A5A8FF315D2556218FA92731F432C45491986ED29079B634AA7AD7852BAEB8627C0AA20F4DB777ACEEEADDB1885DE9F0D838E91A652FA631C52295216E6FBBEDB63A4F18957AE9A597668F1C39B25C10DDA6C430EDF2D52D939595958FA480BB704DE76887D436BDADB1C4FB9758EBE31B81743D2C5CB8F09269D3A61D9B7E983B1417166A624B5383BE4FBA3D41EED3DAC4D0A0880153A057BCA4C78296FC3C111847CFD3BC79F30A3D4FA5A29729161C0A313F3AAEAF19BD3B312CBCB4211B2B721745105DECE12EED798E1EADA268903FF0C003D1182ADC1645033E7A93E36FC5DCC9E2355F631198E8918A867134D0A3111E0B1E1D78E081857D22308FDEE948B1D8590C398F467CCC670475FF031128C449AD95F5E4464F6F5C8BFDA1871E2A04A73127BA3815E4924B2E2904D31148C7B1E0B1C71E2B04A9C5291FA522E08D1EBE581BA118A8C409AFA8DBD1FB7DE59557561F4762544B043AB12D82DCD29130ABFBF9E3445F2C061627F48AEF1B817A31E88FAB0BC4E74979DFA43D47344F5D88603AFD961C76D55557DD7AF2C927775E59301D8BE8C56F4869201D278363E4C459679D55F8FD0B71B225CA68ACC3B1B2CB19C570EEE1C387F748FF0F41743B2E93A9BD323E3F920D4B00000D6549444154C53623E3EE73CF3D572847B15063638B61DD4F3DF554741016A73EDCB1B6E7779922573FA79F7EFABF060D1AF4B1E638039C1AE663D28FE5D6E3C68DD38AA6D5183060C0B965656553D301FA8E35E97D7AF0C1072BE3C7BDB1152F55B3B261D90D09D25736CCBAD873BC368A9EFA7DF7DDD76F016B55DD8FD5EE4BD74758D37DD65443EB7C537E3675BFF5D785DA1C7EF8E1FB949797FFE994534EE952571B33AE3011ABB9174FEEC6888758542F464AC609D81875511CC910E52BA622C549A3DA3A7F8A73A2D3DDA3C78E1D3BDEB7DABECBE4C081031F4C41F83E713F46F21547F535A614CF14A6C9E426B685F8468F743D2D5CB8F0EC5B92BE7DFB766AE25EE90537DE78E32753A5F8B95CA7354907BE8B5AE3E76A8A00BAFA40B98AB9CA6B6B100D6B6BDD5F9D20B42903D586D6F9960EA2697D75E1B6DB6E7B280533075D7DF5D5779D74D249E53583E998B614C3F94B4748C59485E274C398831FD309629E7E9CE8899335314520464BC5A5B64A9913AD4CD62286DB1502E9B88A489CF46CCC112F3182E70F7FF843756F748A6F7ED316F25DEBAF9EAEBFFEFADB172F5EFCF728644D69F8F0E177A603DC92D9B3678F93EB00006DDBD8B163EF7BF7DD77BF75C515572C8D21B645312436A61545605C2A7AA34BC55A1BA56B6AC410DDD1A347570FF90ED1131D4174BADB5F104D49D98B510913E27EAC2D1153D68AEB3134544C45B8F2CA2B97A7B2591C0133B1ADC4377AA4D7C0C2850BBF79D75D77BDB8C30E3B74ABED92180D3579F2E4BB9F7AEAA903CBCACABE3C61C28465721C00A07D04D3871F7EF837468C18F187534F3DB5D0331D579E48DB57F9DA18EABDB2FD8A3DD11144C7DF91DBD4706C4A4FA4D43316AF4B65301B3A7468832E871541740ACA2B5F7BEDB5E230DEC529BEF96E5B896FF448AF8171E3C64D7DEFBDF7BE9B0AD8DB711DC7C6940ADA5F2FBDF4D25D52211B960E72FF90DB0000ED470CF37EF7DD77BF113DD34F3DF554A35C023582E89123477689E1DC8268EA8A6F2A2B2B63B5D642901B0BB8C6BCFC1896BD26E275E79F7FFEF2C9932757AFC590E29B1FB4A5F84620BD866EBEF9E6318B172F3EE9DC73CF5D1C2B6B3686E8893EE38C33B65CBE7CF935A990DD2C970100DA7530FD6E4383E9E270EED4BE1C6C38372B93CA470CB9FE6E31988E9EE9B3CF3E3B1B33664C618AC1EA88FD6261B1B3CE3AABB4273A56143FBBADC5371D15990605BECFF4EEDDFBD5891327EED7B163C765DB6FBF7D97355C8064413AC08D4B85F74BA9909D9B6E7F217769AB060F1E7C412C9042EB306DDAB4ECA69B6EFA899C40DD57F7695D5E78E1855776DC71C7A7274D9A74C876DB6DD7A157AF5EF56E64464FF48811230AC3B95370734F2DBBC444EBC929AD2C588F7DDE49298661EE92D29C7C7B54E885BEA9B665CA9429CFA67217BD84FB94959595A7D824AE375EB8F45A71D5F8587039629EB80C5F0CDF8E11BA71C9CFF1E3C7C7E5F92A52D92D4BAF2BF644C7F5AC87B4C5F8C61CE9068A333703060C78FCB6DB6EBBFEDE7BEFDD71C89021DD77DD75D76EABF9F2A50F3EF8E0F8D1A347F74E85B277CC89369C1B008010C3B0070E1C78C8F0E1C3EF38EDB4D33AEFB6DB6EABBDE47BE9C26225C3B96329E6D2B1BAB182D91E29FDB5645BCD7D764EE996FCFED529FD574AEFE5DBE2124615BEA9B619DFA4D8E47F8B97C58A45C89E7EFAE9425A85D2133E13634E745B8D6F04D28D20E614C4412515B843D381EE075DBA74D9A94F9F3E6FECBDF7DEEB6DBBEDB65D36DC70C35EE5E5E5D93BEFBCF3FA82050B16BEF8E28B2F4F9C38B1E3CB2FBFBC432A945BA4D7FE72CE9C39375B580C00809AC1F4E1871F7EF0C89123C7A7603A5B9D60BA789DE8FC1257A573A28F48E98592E077D3ACAA57F980FC71BF94DE4CE967799C509E52E7947AA7D433A59979101DA60BA2DB7C7CB36FC43729181E9202EA7EF5881D27A6747D5B8F6F04D28D5BE0EE4837770C1A34688BE79E7BEED0679F7DF6F3E9F1EE292DCD0F443D527A3FA5B88EDA9F53FA415E480100A05631673A82E99FFFFCE777A560FAFDDD77DF7DDDBAF67DE9A597660F1F3E3CDA9C755D27BA74DB167940FC7CFE387A0E5FC9EF47DBB55756D5C3383FDF7E7C4A1BE4EDD9A2BB533A3ADF87361CDF5454541C9A02EA627CD32B2F2311E7CC4DE9D9941E897DDB4B7C23906E0263C68C89B37557E40900001A1C4C0F1C38F0B0912347DE3974E8D0459FFEF4A7BBD7DC275F9D3BE6B50ECAAF0D5C53F4349F97D253F9E34FE6415004D4DB64559D3E97E4CFC5DCD67FA5F46E56D54BBD451E447F29A562A014EF75A1205A7CD31E59B51B0000D60231CC7BD9B265078D1831A2EC89279E5854FA5CE9EADC7504D145314CFB9E3CC542630F94DC9F5963DF4DF3FD8FCCAA7AAE23608EF78EDEC7CD521A91555D7B1804D2000040EB143DD32998FEF615575C513669D2A4F9C520BA644EF4AA2E711523520FC8D34E29ED97DFDFABC67EB190D81579F01C972D7ABBC6F3B36AD946DBD13FAB5A99BDB4DC5CB61AAFBBAFBDC49802E9A6F5F1943E5F63DBA929F52979BC67BE0D0000EA134C77FCD5AF7E35B31E417488C59F6AEB917EACC67E8FA63430AB1AD6BD321BFB46DAA4389132AD46B95927BF5F5CF02EE648EF9607DCC5148BD16D59F2F8E2AC6A4A409B638E74E314B2F553FA4A5675C6EE99BC501D97D2AF527AABC6FE7DB315E7167C33DF0F0000563B981E387060FF471F7DF4DEB2B2B2AFD5589D7B655ECC3E58A57BA7BCFD1A0B466D97552D36B62A31DC7B9B92C7D129F447DF489B12D70BBF21ABEA14FC78BEAD22FFDEA3ECEC91C72F716DF1A7F200BB383A614949001E65E5476D359304D20DF7687EBB514AB3537A28A5F5F2C0BAF4C2F79BA7B46B56B550C30179411C9BBFE6B594BE9A1FC8FE264B0100589598337DCC31C76C306AD4A805F578D9CF4AEE7F34ABEA915E5CCB7E1BE46DDA6EF9E30E795BF6B0947E915575246579DB76B7EC8305CC58BB75C9BFE73159D550EE587CEEF5FCB903B20F463394FA4356355F3E6C967D70A2E6989406646DF432698676374F61CCF26039563E1C97D28494B6CA0BE7BFF2C216DF459CF9E923CB0000581DF50CA26BEA9C07C2B5999F07C81FCF03ED08867E9807D1217A24E37258B1AAF774DF449B519E07C367A774675635B4BF7F1EAF44AFF3C1291D55E335FF2909B06795DC7F2A6BC3D71AD723DD3071C980EDF202D2370F8EBBE405709BBCC01D94D2055955CFF33E79818CDEEAC7F2D7C6C1E7AF59D57C8237B355CF43010080C6F0DBBC0D5A97F1792A2A1DC27D8FEC6B9316E5E522629B47F3D8E6DE7C7BF13BAF392F7E933CEE29C643C76655BDD89F6BCB1925906E9817F314E26C5DCC4D89B925A543BB4B0F321BE7017514AA9FE5056CD33CC0CEF2C26768370000CDE13D59402D6295F6BBB2AAB59C62DAEAB094FE5FFE5C7418C6DCFA9F94EC5FBC0C5AF45C4FCFCBD53D25AF69930CED6E3C3B66AB5EA0217AAE6315EF386BB3280FBEE79704DCDBC9460000A005ED9F550DE12FC627B34BE2959853FF4A8DFD1F4EE9A2944ECF1FC73E97A6F44E5BCE243DD28D23166398B51AFBC5999B93B3AA25E1F7906D0000402BB2511E1047A75FCC718E1EE96F651F8CA02DAFB17F8CB8FD4E4A6765551D842156F3BE36AB1A121E41F67579302E90E643BE97ADB802625DA2A0AD9B554DD23F31AB1ADABD57F6C1AA87BE0F0000A0A5C47A4DB7A6F47CC9B69979401D620AEB1E2541772C947C49C9BEC5E902D16B7D6056357575765BCC28815BC344E1896BE75D99555D7FAF2882E5976A09A23F5752D0866755F30E623E417148B8A1DD0000404B7ABEC6E31B4AEEC70AEEFF5712743F5A63DF634BEEC72ADF6D769EB440BA61A2F0D4B66261F4345F55635B0C71B8BBC6B69A8F7F214B010080B554457BF98F5A6C0C00000004D240AB3DE874E85059515121235A81F43D4C4B37CBE404EABEBA0F80401A68C5CACBCBFFF3D65B6FC9885660FEFCF953D2CDB37202755FDD0740200DB4629D3B779EB870E14219D10ACC9933272E6D31414EA0EEABFB0008A481566CE9D2A597CD9E3DFBFDCACA4A99D1B2A6CE9B372F2E4971A7AC40DD57F701104803ADD817BFF8C549A921FDFCAC59B364460B9A3265CA83E97B98B5EFBEFB3E2E3750F7D57D0004D2402BB774E9D223A74E9DFAF6A2458B64460B58B060C1EFE7CD9BF78D8A8A8AD3E406EABEBA0F40FD7594054073BBF9E69BE71E75D45193DE7CF3CD837AF4E851DEB56B5799D28C0DE9C99327EF545656F6DFFBEDB7DF443982BAAFEE03209006D612A3478F7EE5C8238F7CF2F5D75F3F3835EC9674EFDEBD5BBA95314D67EA9429536E9F3A75EA57A221BDCF3EFBFC5196A0EEABFB00AC19BF5C408BBAFFFEFBFB74E8D0E1CA4E9D3AEDBAF1C61BCFECD9B3E7477BF4E8D12B6D93390D14D78A8DCBDCC40ABDB1B850CC8B8C219DFBEFBFFF14B983BAAFEE03209006D6720F3CF0C02E65656587A4BBFD52DA3DA572B9D260CBB2AA6BC54E48E94E8B0BA1EEABFB00000000000000000000000000000000000000000000000000000000000000000000000000000000000000000000000000000000000000000000000000000000000000000000000000000000000000000000000000000000000000000000000000000000000000000000000000000000000000000000000000000000000000000000000000000000000000000000000000000000000000000000000000000000000000000000000000000000000000000000000000000000000000CDEEFF03799E806C76C6732E0000000049454E44AE426082, NULL);
INSERT INTO `act_ge_bytearray` VALUES ('2', 2, 'source', NULL, 0x7B227265736F757263654964223A2231222C2270726F70657274696573223A7B2270726F636573735F6964223A22537570706C6965725265676973746572222C226E616D65223A22E4BE9BE5BA94E59586E6B3A8E5868CE5AEA1E6A0B8222C22646F63756D656E746174696F6E223A22222C2270726F636573735F617574686F72223A22222C2270726F636573735F76657273696F6E223A22222C2270726F636573735F6E616D657370616365223A22687474703A2F2F7777772E61637469766974692E6F72672F70726F63657373646566222C22657865637574696F6E6C697374656E657273223A22222C226576656E746C697374656E657273223A22222C227369676E616C646566696E6974696F6E73223A22222C226D657373616765646566696E6974696F6E73223A22227D2C227374656E63696C223A7B226964223A2242504D4E4469616772616D227D2C226368696C64536861706573223A5B7B227265736F757263654964223A227369642D30393746394131302D414435342D343544362D383430332D434642343442334337414637222C2270726F70657274696573223A7B226F766572726964656964223A227374617274222C226E616D65223A22E5BC80E5A78B222C22646F63756D656E746174696F6E223A22222C22657865637574696F6E6C697374656E657273223A22222C22696E69746961746F72223A22222C22666F726D6B6579646566696E6974696F6E223A22222C22666F726D70726F70657274696573223A22227D2C227374656E63696C223A7B226964223A2253746172744E6F6E654576656E74227D2C226368696C64536861706573223A5B5D2C226F7574676F696E67223A5B7B227265736F757263654964223A227369642D35304235303832352D443430372D343943392D383941302D413434354334413243314344227D5D2C22626F756E6473223A7B226C6F7765725269676874223A7B2278223A3130352C2279223A3139357D2C2275707065724C656674223A7B2278223A37352C2279223A3136357D7D2C22646F636B657273223A5B5D7D2C7B227265736F757263654964223A227369642D31423143394443392D433346322D343246342D424234302D383839314644443646414634222C2270726F70657274696573223A7B226F766572726964656964223A22737570706C696572222C226E616D65223A22E4BE9BE5BA94E59586E6B3A8E5868C222C22646F63756D656E746174696F6E223A22222C226173796E6368726F6E6F7573646566696E6974696F6E223A2266616C7365222C226578636C7573697665646566696E6974696F6E223A2266616C7365222C22657865637574696F6E6C697374656E657273223A22222C226D756C7469696E7374616E63655F74797065223A224E6F6E65222C226D756C7469696E7374616E63655F63617264696E616C697479223A22222C226D756C7469696E7374616E63655F636F6C6C656374696F6E223A22222C226D756C7469696E7374616E63655F7661726961626C65223A22222C226D756C7469696E7374616E63655F636F6E646974696F6E223A22222C226973666F72636F6D70656E736174696F6E223A2266616C7365222C22757365727461736B61737369676E6D656E74223A7B2261737369676E6D656E74223A7B2261737369676E6565223A22237B7573657269647D227D7D2C22666F726D6B6579646566696E6974696F6E223A22222C2264756564617465646566696E6974696F6E223A22222C227072696F72697479646566696E6974696F6E223A22222C22666F726D70726F70657274696573223A22222C227461736B6C697374656E657273223A22227D2C227374656E63696C223A7B226964223A22557365725461736B227D2C226368696C64536861706573223A5B5D2C226F7574676F696E67223A5B7B227265736F757263654964223A227369642D34343832324337372D383433362D343837382D424638382D314245363042393943463041227D5D2C22626F756E6473223A7B226C6F7765725269676874223A7B2278223A3338352C2279223A3232307D2C2275707065724C656674223A7B2278223A3238352C2279223A3134307D7D2C22646F636B657273223A5B5D7D2C7B227265736F757263654964223A227369642D34424430373438442D303434342D344643342D383333432D443342393634423344313043222C2270726F70657274696573223A7B226F766572726964656964223A22222C226E616D65223A22E5AEA1E6A0B8E4BABAE59198E5AEA1E689B9222C22646F63756D656E746174696F6E223A22222C226173796E6368726F6E6F7573646566696E6974696F6E223A2266616C7365222C226578636C7573697665646566696E6974696F6E223A2266616C7365222C22657865637574696F6E6C697374656E657273223A22222C226D756C7469696E7374616E63655F74797065223A224E6F6E65222C226D756C7469696E7374616E63655F63617264696E616C697479223A22222C226D756C7469696E7374616E63655F636F6C6C656374696F6E223A22222C226D756C7469696E7374616E63655F7661726961626C65223A22222C226D756C7469696E7374616E63655F636F6E646974696F6E223A22222C226973666F72636F6D70656E736174696F6E223A2266616C7365222C22757365727461736B61737369676E6D656E74223A7B2261737369676E6D656E74223A7B2261737369676E6565223A22237B617070726F76657D227D7D2C22666F726D6B6579646566696E6974696F6E223A22222C2264756564617465646566696E6974696F6E223A22222C227072696F72697479646566696E6974696F6E223A22222C22666F726D70726F70657274696573223A22222C227461736B6C697374656E657273223A22227D2C227374656E63696C223A7B226964223A22557365725461736B227D2C226368696C64536861706573223A5B5D2C226F7574676F696E67223A5B7B227265736F757263654964223A227369642D45314345433645412D313630322D343044322D413745352D363846423731344135313043227D5D2C22626F756E6473223A7B226C6F7765725269676874223A7B2278223A3634302C2279223A3232307D2C2275707065724C656674223A7B2278223A3534302C2279223A3134307D7D2C22646F636B657273223A5B5D7D2C7B227265736F757263654964223A227369642D44354345373636412D394239312D343133452D393138422D414134314130364138303244222C2270726F70657274696573223A7B226F766572726964656964223A22617070726F7665222C226E616D65223A22E5AEA1E689B9222C22646F63756D656E746174696F6E223A22222C226173796E6368726F6E6F7573646566696E6974696F6E223A2266616C7365222C226578636C7573697665646566696E6974696F6E223A2266616C7365222C2273657175656E6365666C6F776F72646572223A22227D2C227374656E63696C223A7B226964223A224578636C757369766547617465776179227D2C226368696C64536861706573223A5B5D2C226F7574676F696E67223A5B7B227265736F757263654964223A227369642D31354442463334442D393532372D343144362D393141442D364641463737453342413538227D2C7B227265736F757263654964223A227369642D39434241394134432D424432342D343139452D394234362D314543303232304631444646227D5D2C22626F756E6473223A7B226C6F7765725269676874223A7B2278223A3737352C2279223A3230307D2C2275707065724C656674223A7B2278223A3733352C2279223A3136307D7D2C22646F636B657273223A5B5D7D2C7B227265736F757263654964223A227369642D30433439333734452D383043392D343045422D383745422D304130363531313131303845222C2270726F70657274696573223A7B226F766572726964656964223A22656E64222C226E616D65223A22E7BB93E69D9F222C22646F63756D656E746174696F6E223A22222C22657865637574696F6E6C697374656E657273223A22227D2C227374656E63696C223A7B226964223A22456E644E6F6E654576656E74227D2C226368696C64536861706573223A5B5D2C226F7574676F696E67223A5B5D2C22626F756E6473223A7B226C6F7765725269676874223A7B2278223A3932382C2279223A3139347D2C2275707065724C656674223A7B2278223A3930302C2279223A3136367D7D2C22646F636B657273223A5B5D7D2C7B227265736F757263654964223A227369642D39434241394134432D424432342D343139452D394234362D314543303232304631444646222C2270726F70657274696573223A7B226F766572726964656964223A2273756363657373222C226E616D65223A22E5908CE6848F222C22646F63756D656E746174696F6E223A22222C22636F6E646974696F6E73657175656E6365666C6F77223A22247B617070726F766573746174653D3D337D222C22657865637574696F6E6C697374656E657273223A22222C2264656661756C74666C6F77223A2266616C7365227D2C227374656E63696C223A7B226964223A2253657175656E6365466C6F77227D2C226368696C64536861706573223A5B5D2C226F7574676F696E67223A5B7B227265736F757263654964223A227369642D30433439333734452D383043392D343045422D383745422D304130363531313131303845227D5D2C22626F756E6473223A7B226C6F7765725269676874223A7B2278223A3839392E333738393131323235363331392C2279223A3138302E343338323531363931353633357D2C2275707065724C656674223A7B2278223A3737352E303734323133373734333638312C2279223A3138302E303436313233333038343336357D7D2C22646F636B657273223A5B7B2278223A32302E352C2279223A32302E357D2C7B2278223A31342C2279223A31347D5D2C22746172676574223A7B227265736F757263654964223A227369642D30433439333734452D383043392D343045422D383745422D304130363531313131303845227D7D2C7B227265736F757263654964223A227369642D31354442463334442D393532372D343144362D393141442D364641463737453342413538222C2270726F70657274696573223A7B226F766572726964656964223A2272656675736564222C226E616D65223A22E68B92E7BB9D222C22646F63756D656E746174696F6E223A22222C22636F6E646974696F6E73657175656E6365666C6F77223A22247B617070726F766573746174653D3D347D222C22657865637574696F6E6C697374656E657273223A22222C2264656661756C74666C6F77223A2266616C7365227D2C227374656E63696C223A7B226964223A2253657175656E6365466C6F77227D2C226368696C64536861706573223A5B5D2C226F7574676F696E67223A5B7B227265736F757263654964223A227369642D30433439333734452D383043392D343045422D383745422D304130363531313131303845227D5D2C22626F756E6473223A7B226C6F7765725269676874223A7B2278223A3931342C2279223A3136352E353233343337357D2C2275707065724C656674223A7B2278223A3735352E352C2279223A3131317D7D2C22646F636B657273223A5B7B2278223A32302E352C2279223A32302E357D2C7B2278223A3735352E352C2279223A3131317D2C7B2278223A3931342C2279223A3131317D2C7B2278223A31342C2279223A31347D5D2C22746172676574223A7B227265736F757263654964223A227369642D30433439333734452D383043392D343045422D383745422D304130363531313131303845227D7D2C7B227265736F757263654964223A227369642D45314345433645412D313630322D343044322D413745352D363846423731344135313043222C2270726F70657274696573223A7B226F766572726964656964223A22222C226E616D65223A22222C22646F63756D656E746174696F6E223A22222C22636F6E646974696F6E73657175656E6365666C6F77223A22222C22657865637574696F6E6C697374656E657273223A22222C2264656661756C74666C6F77223A2266616C7365227D2C227374656E63696C223A7B226964223A2253657175656E6365466C6F77227D2C226368696C64536861706573223A5B5D2C226F7574676F696E67223A5B7B227265736F757263654964223A227369642D44354345373636412D394239312D343133452D393138422D414134314130364138303244227D5D2C22626F756E6473223A7B226C6F7765725269676874223A7B2278223A3733342E343538393838393338363336352C2279223A3138302E34333634333139393037353131377D2C2275707065724C656674223A7B2278223A3634302E313332383037393336333633352C2279223A3138302E31353134353836333432343838337D7D2C22646F636B657273223A5B7B2278223A35302C2279223A34307D2C7B2278223A32302E352C2279223A32302E357D5D2C22746172676574223A7B227265736F757263654964223A227369642D44354345373636412D394239312D343133452D393138422D414134314130364138303244227D7D2C7B227265736F757263654964223A227369642D34343832324337372D383433362D343837382D424638382D314245363042393943463041222C2270726F70657274696573223A7B226F766572726964656964223A22222C226E616D65223A22222C22646F63756D656E746174696F6E223A22222C22636F6E646974696F6E73657175656E6365666C6F77223A22222C22657865637574696F6E6C697374656E657273223A22222C2264656661756C74666C6F77223A2266616C7365227D2C227374656E63696C223A7B226964223A2253657175656E6365466C6F77227D2C226368696C64536861706573223A5B5D2C226F7574676F696E67223A5B7B227265736F757263654964223A227369642D34424430373438442D303434342D344643342D383333432D443342393634423344313043227D5D2C22626F756E6473223A7B226C6F7765725269676874223A7B2278223A3533392E313935333132352C2279223A3138307D2C2275707065724C656674223A7B2278223A3338352E383034363837352C2279223A3138307D7D2C22646F636B657273223A5B7B2278223A35302C2279223A34307D2C7B2278223A35302C2279223A34307D5D2C22746172676574223A7B227265736F757263654964223A227369642D34424430373438442D303434342D344643342D383333432D443342393634423344313043227D7D2C7B227265736F757263654964223A227369642D35304235303832352D443430372D343943392D383941302D413434354334413243314344222C2270726F70657274696573223A7B226F766572726964656964223A22222C226E616D65223A22222C22646F63756D656E746174696F6E223A22222C22636F6E646974696F6E73657175656E6365666C6F77223A22222C22657865637574696F6E6C697374656E657273223A22222C2264656661756C74666C6F77223A2266616C7365227D2C227374656E63696C223A7B226964223A2253657175656E6365466C6F77227D2C226368696C64536861706573223A5B5D2C226F7574676F696E67223A5B7B227265736F757263654964223A227369642D31423143394443392D433346322D343246342D424234302D383839314644443646414634227D5D2C22626F756E6473223A7B226C6F7765725269676874223A7B2278223A3238342E3233343337352C2279223A3138307D2C2275707065724C656674223A7B2278223A3130352E33353534363837352C2279223A3138307D7D2C22646F636B657273223A5B7B2278223A31352C2279223A31357D2C7B2278223A35302C2279223A34307D5D2C22746172676574223A7B227265736F757263654964223A227369642D31423143394443392D433346322D343246342D424234302D383839314644443646414634227D7D5D2C22626F756E6473223A7B226C6F7765725269676874223A7B2278223A313230302C2279223A313035307D2C2275707065724C656674223A7B2278223A302C2279223A307D7D2C227374656E63696C736574223A7B2275726C223A227374656E63696C736574732F62706D6E322E302F62706D6E322E302E6A736F6E222C226E616D657370616365223A22687474703A2F2F62336D6E2E6F72672F7374656E63696C7365742F62706D6E322E3023227D2C227373657874656E73696F6E73223A5B5D7D, NULL);
INSERT INTO `act_ge_bytearray` VALUES ('20001', 1, 'source-extra', NULL, 0x89504E470D0A1A0A0000000D494844520000044A000000E2080600000059462270000000206348524D00007A26000080840000FA00000080E8000075300000EA6000003A98000017709CBA513C0000000467414D410000B18E7CFB5193000000017352474200AECE1CE900000006624B474400FF00FF00FFA0BDA793000000097048597300000EC400000EC401952B0E1B000020004944415478DAEDDD079C54D5D9C7F1334B5BBA0A4A1191185414158D18A341415F2C51A35880DD976A8925A242086AAC10352A2C826262942252A4AAA8A8204651C08EA292D784282C1DE2D2DB02BB33EFF9DFB977B97B996DEC6C9BF97D3F9FC3F4C2D97BEEDCF3DCE79C630C00000000000000000000000000000000000000000000000000000000000000000000000000000000000000000000000000000000000000000000000000000000000000000000000000000000000000000000000000000000000000000000000000000000000000000000000000000000000000000000000000000000000000000000000000000000000000000000000000000000000000000000000000000000000000000000000000000000000000000000000000000000000000000000000000000000000000000000000000000000000000000000000000000000000000000000000000000000000000000000000000000000000000000000000000000000000000000000000000000000000000000000000000000000000000000000000000000000000000000000000000000000000000000000000000000000000000000000000000000000000000000000000000000000000000000000000000000000000000000000000000000000000000000000000000000000000000000000000000000000000000000000000000000000000000000000000000000000000000000000000000000000000000000000000000000000000000000000000000000000000000000000000000000000000000000000000000000000000000000000000000000000000000000000000000000000000000000000000000000000000000000000000000000000000000000000000000000000000050618EA60A80C4528D2A000000008042D5B1E51B5BD26CB9D9967FD99262CB69B6CCB5E529AA08000000000024BA8EB67CE55E3FC196EABE4BCF22AA09482CD5A9020000000088E9335B2E37D12C125166C971B62CA36A80C495421500000000C0415EB4A5AB7BFD05131D7AB3D62D00121881120000000038D8F5B664DA32CF96636D69E42B6D7CE548AA0A482C21AA00000000000AA4E90A7AD8D2D096D77DF7EBF6365BD6DBB28F6A02120719250000000050B0276CB9CA968F6CD9644BD89695B6B4752F099200000000008084976ECB95EEF59AB67C60CB31B61C6ECBD1B6A49AE80A3800120C19250000000070B0296E7F69A289668D7C6DCB19B65C60CB4DB664DB32966A02120F73940000000040E1EEB7E56A5BDADBD2DA9645B63431D1557176D83227D68BD2D2D25AD98BBE541FAAA8F153A74ECD4CC6FF7875FEF60000000050A8C74C34C3447E30D12089CC28E2757D6D7998EA4315363819FFD3044A00000000A068CB0BB85F4B07AF2CC6EB875085A822923EB847A00440D28A4422A92B56ACE8B773E7CE9EBB77EF3E71D7AE5DA9E170988A29A5502814A955ABD6A69A356B7EBE7FFFFE8C0E1D3A7C40AD80B64FDB07AAA8DFDBF237F7FA39B6AC71AF6BEE1205471424196FA2F3961466C8D4A95307539DA80AD2D2D27491D4C1120225009292ED24DDFAE5975F0ECFCECEAED3B46953A352BF7E7D9392C21CD7A5653B9C21DB016DBC7DFBF6CB366CD8D0F9A38F3EFA7ECF9E3D3D2FB9E492A5D40E68FBB47DA08A49F55D6F614B8E7BBD9589064A5456514D4062E1A80040D259B56AD5AC952B573ED7A851A33A679D759669D9B2A569D8B0211DA578FDB0D87A6CD0A08169D1A28569DFBE7DCD638E39A69DCE30BFFFFEFB57513BA0EDD3F6812A6696EFFAE7B67CE196CFA91A20817FD3A80200C9D651B2E5AAB66DDB9AA38F3E5AA9E2544A196BDEBCB969D7AE5D6DDB899AF8DE7BEF5D418D80B64FDB0700A032235002206928E57EF9F2E5579D78E289CE59CFA0BD3B379A354B269A651FFCD9FCFBFDC166D5572F9AECED6BA9B838A85BB7AE39EDB4D3EADBCEE9C4B973E79E428D80B64FDB07AA88236DA9E796FA055C07906098A3044052D0E48D9A9740A9F6057594567F35CEE4ECDB9577DFEECD3F9A558BC79A9667DE68521B1C4D25C6A1C3D4AA55ABB0EDB43E636F5E488D80B64FDB07AA80476DA9634B61333EE7504D406221A3044052D00A179ABC51A9E0B16C5EB9205F47C913CEDD67B256CCA702E3A4458B164754AF5EFDF879F3E6FD8ADA006D9FB60F540117D9F2982DDD6CB9DE96F362940BA82620B11028019014B40CA856B728685E823D85A4D9EB8C33E2E7A8A38EDA602FAEA52640DBA7ED0395DC65B6B4B1659D7BA96CFC07DDEBFED284AA02120B8112004961F7EEDD276A758B824472F717FCE248980A8CA3C68D1B6B2C43276A02B47DDA3E50C9C55AF6779989CE5BE2F71F5B6A525D40E2608E12004961D7AE5DA9F5EBD7A7222A01FB776816E32013A0EDD3F681CA66A97B99EA6EBBAB6DF9977B798CEF7969B6ECA3BA80C441A00440520887C326258524BACAC0FD3BF0FB03DA3E6D1FA84A56FBAEA7051E7B9BEA4155D5BD7BF77B43A1D0E3053CFC705A5ADAC3FE3BA64E9D1A4A8ADF2C360D0030A646EDC30B7CAC7A2DCE4603B47D00492C3B707B115582840908A4A42CA11662D40B550000C61CD1F25C53BD66DD83EEAF56A3B639E2D80E541040DB070020E14C9932658EBDD85ECCA7AF49967A2150020056BD234F32751B9F18F3FEFA47B5A58200DA3E0000896A66118F3B73F044229139C95221044A00C095BB7FCF41F7E5ECDD41C500B47D00001256381C9E52D44FA5FE0985429393A54E089400487AFB76FD64562D1E6B76FEF4FD418FEDDAF41FB3EACBD1CE7300D0F60100483475EAD459682F3617F294DAB6646DD8B06161B2D409811200496DDBBAAF6C47698CD9BD654581CFD9BD75A5C9FCFC39B365D5C72612095369006D1F008084317EFC784D58FC56ACC72291488E7B396BFEFCF939C952272CD1062029E92CF1C6656F3B678D8B239CBBCF79FE8E9FBE37479D709949ADDF8C4A0468FB0000248A71B6F48AF553A87F5252525E49A6CA20A3044052D259E2E27694FC74F679E517CF5381006D1F008084E10EABD915BC3F140AD5B4176BD6AF5FFF5E32D507811200494967890F55249C430502B47D000012863BACE6C5C0DDCE24AE5AED269986DD08436F0024A5369D1FA51200DA3E0094A9E6CD9B6F5DB76E9D69D9B2254B69A1D28B44227343A1503FDFED88BDADABFF48B6BA20A30400000000E2ECA1871E4ADFB265CBF0DFFCE637E6A79F7E1A7ADF7DF7F5A55650996DDCB8714E2412C95BEE2D140A29B1222B1C0ECF4EB6BA20500200000000713468D0A06B57AD5A35B15FBF7E29BD7BF73677DD75578AED848E193060C0FF96D357686D4BBD421E4FB5A57D218FA7D9D2C6BDCE288424A1E135A150684EE0EE393366CCD8996C7541A00400000000E2449924595959D3EFB8E38E6ABFF8C52F9CFBDAB56BA76049B52D5BB64C28A760898220F7DBD2A980D2C5961B03AFB9C296BEB6DC6AA24192EBDC32CC141E54416219E7BF110A855E49C64A20500200000000713064C8903EAB57AF9EA44C122F48E239F5D4534DFFFEFD9D60C9EDB7DF7E75197F950DB6FCDB96F981B2C496C6B67C6ACBC6C06B34BC62BC2D67DB32D296676DF91F5BFE64CB97A6F00C152488D4D4D44FFDB76BD5AA353F19EB8134AA4A6AF4E8D1A7EDD9B3E75EBB23ED909595D564FBF6ED35F6EEDD1BAA51A38669D0A0414EB366CD76366AD4E8CBF6EDDB8FB365462814622A7E000000A0822848929999394EC36C9441128BEEFFC31FFE506DF8F0E1D37AF7EEDD75C28409AF97F1D7EA14E3BEAC403F30D57D5EB67B7BB189669068F88EB2097EE55E6F6BCB205BE87724981E3D7AB4C8C9C9E962FB941DB3B3B34FB777854D34A922626F7FDDBD7BF725F6B145D5AA559B3A79F2E435C95027044A2A99418306F54D4949796CE9D2A5CD4E3EF9E4D025975C628E39E61873C4114728BA67EC866A76ECD8517DF5EAD587D9E774B61B6AE7D9B3678F7FE18517C6DD7CF3CDB7518300000040F91A3264488FA282241E65960C1C38B0464646C6F43E7DFA5CF3D24B2FBD55865F6DBE890EA7C9746FB776EFF3073B1420D1BC141A7AD3CA16CD47D1C29635EEF3AEB2E5695BC6F0974E2CE9E9E91A82757B381C3E3F140AD58CF1142D79D3CA3EA6EDA24B6E6EEEB0B4B4B4F9F6F6D82953A64C4AE4BA21505249DC7CF3CD3FAF57AFDEDB9148E4F86EDDBA85B483AD56ADDA41CF53B044E5C8238F344AE7D3E450DF7CF34DCDE9D3A7DF7ADF7DF7F5FEE52F7F99D6A54B9737A951000000A0ECF5EFDFBFCB8A152B5EBAE38E3B8A0C9278142CF9E31FFF5873D8B061AFD9CEEA95B6D339A70CBFE2E5269A09220A7A2C34B1B3421ABBFDC3CCC0FD6D62DC872A2C2D2D4DC18FBFDBBEE72587F0F24EF6759DEC7BDC929B9B7BFD8C19337E48C43A225052090C1830E0D69D3B773E73C10517D4D0F261B1022485D10E5965EEDCB97566CD9AF5C684091326F7EEDDBB27350B000000941D6592B841926AC139498AA260C9A041836A2858D2BD7BF7AED3A64D2BAB2558952192E95EDF660E0CB1896583393828B293BF74E2B0DB5A5A4A4ACADFC2E1F0E1DE7DEA7F9E72CA29E6ECB3CF36AD5BB736871D7698A95FBFBED9BD7BB7D9BA75ABC9CCCC349F7FFEB9F9EAABAFCCFEFDFBBD9775B0AFFB3A3D3DFDB644CC2E215052C1B49EBADDF89ED14EF2F8E38F2FD57B69984E9B366DCCF0E1C37B4C9C38F1B05EBD7A5D410D03000000F1F7E0830FF6B41D482793A4A441128F3B0C27D51EBFCF28C36049537360AE92630B79DE56F7B9AD4C748E924C139DC0F507FEDA89C16E6357A4A4A44C0A87C3CE9979054874A2FEE28B2F76462C04D5A953C729CD9B3737E79E7BAE133479EBADB7CC3BEFBC63727373F5947A914864627A7A7AEA942953126A6816ABDE54A0BE7DFBF6DAB265CBF383070F2E7590C473ECB1C76AA7AD88DFE5A3478F7E9E5A06000000E24B4192356BD6BCA439490E3548E25166F8A04183526BD6ACA96049599CE8D4FC22F3DDF298894EE61A8BB249144851C044ABDC681CD1785B9EB4E501139DB70455949B49322B1289384112053F1E7FFC714DE41A3348128B324DF47CBD4EF3687AEC7B8E4E4F4F4FA8110D044A2A883B2EECB9010306D42CEE86595C7ABF8103079A2FBFFCF27763C68CF91F6A1B000000880F0DB7F18224C59D93A428EE309CD41A356A4CB71DCE4BE3FC95FDF39F2848A2095D83418F7E269A4DB2D77DCE7C5B5E721FD3AA37CA1698C85FBFEAF63DAB55ABF6372F4872E289279AC18307E70B7694845EA7D76BBBF5D8F77ECE6EBB6D12A5CE187A5341EAD5AB37EDCA2BAFAC1DAF4C922065965C7DF5D5A1F7DF7F7FA6BD7938350E000000944EAC895B351CE1B6DB0E5E7CF299679EC977A65EF33DDC78E38D073DEFAF7FFDABB3C2A53A9D77DF7D77EDA14387BE623B9CD796728257053DB6C6B8DF1B5EF3882D77F8EED7BC25DEB09F5B6CC9F53DA64C137D97AE6C0155534A4ACA186F4E126592E8A4BAE620290D0DC9B1EDC10998AC5EBDDAE9E22AB3C45E9E971075C66653FEB40C93DDB04EBEF4D24BCBB4FE35674928143A2C2323E3316A1D0000003874CA24D9BA75EBCCE0C4AD1A8EA040893A8EBE8EA9F9FBDFFF9EEFF52FBCF082A951A346DEEDC30F3FDCF4ECD9D3099278DCD570EAD8D7CF2CE5309CA9B6CC2AE031053DCEB2E553DF7DCA18C9715FF3A02D837DC5FB8F64B11554CDBE67381C764619684E1205374A1B24F1689BB7EDC1BF18498744198243A0A402D80DF3FE3E7DFAD4F3EF28CB8AC690656565F5A3D651D5A5A5A53DA01D7DA74E9DC8840368FB005064E7309EFB8D214386F4C9CCCC9C50D0EA36E79F7FBE69D6AC59DE6DDB31352B56ACD05078E7F6BFFFFD6FF3DD77DFE5AD1852BD7A75D3A0410373E9A5078FB251A6CADD77DF5DC33E676A19CD5982E4FA1DBCDDBBA2895B0F75B84D41F47E575C7160338D4422B72442BD132829673D7AF46861379E13E2359EB1288A4A6767673778F9E5973B50FBA8E21EB16DE7B5264D9A6CB73F184A49BDB46BD7AEF5CAE283B4FCD9A79F7E5AE0E3393939F96E2B65F69FFFFC67B19E1B3471E244B36AD5AA627F377DAF59B36615F8F8860D1BCCCE9D07AFE277CF3DF714F9DEFAAE7AADBFFCF4D34F66E8D0A1F99EB77DFBF698AFD77381B26AFB4D9B36DD6A3B0C93CAB2ED1765CC983166DFBE7D853EE7A5975E72964FF4B7ABE059E5824C9932A558FB838F3EFAC8BCFFFEFBF98ACE546FDAB4A942BF3F5099B8C70C59F698616269F71B6E90645C5113B7F6EBD72F5F56C99E3D7B9C76B763C70E336AD42867E88D47CFBBF9E69BFD67E2F339EDB4D36A7AC1923298B30455F3187873497F07D5F7B41717E8BAB7C24D5950C0CF9704D04173A254F54AE7EC4C39B3071C5DDAB56B9753D04EB12CB46FDF5EE3C66EB55717F2174055170A856ADB8B6BEC0FC635B61DEDB43F16EFD8DBE36AD5AA357FFCF8F1D9F1F80C051B6AD6ACE95C7FE38D379CDB3A03F4F39FFFDC3943A4831D2D8BE659B66C99E9D3A74F5E9065F3E6CD798F2D5DBAD49C75D659A663C78E4E07E5CD37DF3475EBD6CD7710F5E4934F9ACB2FBFDC49D3DDB871A3F3DE93264D72CE3605691CB46FFDFA83346EDCD874E9D2C5CC9E3DDB2C5CB8302F68B278F1623367CE1CA7D3B368D12267B6F2589DAF468D1A39FFCF01030698871F7ED84927FEFDEF7FEFFCBFF5FD4467C7D499B2759FEFF56FBFFDB639E38C33CCF5D75FCF868AB250D7B6FF1EB6EDF7B06D7F9B3D087BC3DE7E399E6D3F68CD9A35A6458B03F31DAAED6AFBD71289053D476DC5DF19523BD63E213B3BDBA4A6A63A67987FF6B39FC5FCBCC993273B738CB56CD9B2C860C6D8B1630F7AAD3A5D15F9FD814A78CCD0D05EF4B4FB8D9E76BFB1C9EE37DEB4F74D2BC97EE3A1871E4AF78224459DE86CDAB4A9D361D4EFB87EDF45EDE9B1C71ECB779241C31ECE39E71C73DC71C715FA7E0A960C1A342877D8B061536C07B957192D1D8CAAB33D6BBC8CFF77F0B5A2B667F53DED739C8EA7B65FFF30AF78D2F1A282889F7DF69977D775B664102841B1D9838C8BDBB76F7F44797EE649279DA4B3DDBFA6F691803469942616EB6A0FE2F7DA8EFB6BF6FAB4F5EBD7CF9E3F7F7E4E69DFFCDD77DF35575E79A5B10726CE646C175E78A159B76E9D0E5C623E5F1915BFFCE52FF3DDE74FA955F0E5DA6BAF75AEEB0CB00E9ABC8E8D3A3EFA0C055CBCA08B47B7BDA0843A393AF8F2C6968E1831C2C94A39EAA8A3F23A350A948882A4EAD8789D287D17054F1E79E411E73E7DFEBC79F39CF75480E484134E70D227EBD5ABA7C9A09DCE93022DEA18F96735F77E1083E9C2B6DE9D4E1E500ED4F9E965DB7F2FDBF6F7D883C569F640F0F578B57DCFD4A953CDC9279F9C1724FCEF7FFF6B1A366CE8041DE5C30F3F74DACE1FFFF8C7835EABA069EDDAB59DB3C60A50E8B50A722A20A976162B10AAA0AB82A1C511CC0C5180A3A2BF3F50C935B2A5AFDD6FF4B5FB8D9D76BF31B3A8FDC6A04183AE5DB56AD544FFC4AD45B9E69A6B9CB6E5054AD46E9429663FF74007CCB69F6EDDBA15EBFDECE7D61E387060382323E3E5EEDDBBFF2FC112F87E07BDED798FBB3DBF1ADC9EED7D1DBDEBC163D478D3FBFB02251D0994A0447273734F2BEF8E840E686C07EE286A1F09AE96FDB148B397694D9B3655A6C9FBF6FA7325396BA4A0803A014A3BD7418C020DBACFFEE038C36BE4DB6FBFCD0B9428CD5D9D07051C9439929595956F8CA647E392B50C9B28E8A08C32FD98289DDDCBF8D08194C637EBF37586297886D71F94500AAF775B01102F48E2B13F9679D75F79E515A793A32086D739D2F7D4592F8D8D56E046678AB55FEAD0A183B9EBAEBBCC45175DE4FCFFF57C7DD6F7DF7F7F50A044077CC18E5A61992E4019AAED1D2CDAED5A67D8E6D803C3F1F1CA34B9ECB2CBF2AE2BFB42BFA95E7B50BBF6B22BBC7D85DA5CA74E9D9CFD84DAF973CF3DE73C47D95E4B962C2934E34A195F5BB66C29F23BE97315F4F4532658457F7FA00AA9E7DB6F6CB2C70CF3ECED97FCFB0D6592B841926A850DB709D26FBC26B71C366C98D9B56B57DE6FA647271A6EB8E1867C43748A72C61967D4BDFBEEBB770E1D3A9460090AFA1D744E1E3469D26487FD1D9C677F07476B7BB6C778A77B4F2A2A83A9B45AB56AE5BF797A55AF540225E5CC76788ED20EB23CEDDDBB573BEADAB6D10CE62F80643900B23F1657DACB2B1504B0DBFE8AE2CC9FA14C0A752AD45951F68702173ABBAB4EC2B66DDBCC175F7C61E6CE9D6BEC418AF37C9D895551E7436769F503E40542162C58E0CC667FCA29A7386766755D018D1F7FFCD1095A2863438FA973A280C3AF7F1D4DFAD219651D50F903250AC678418E604689860579F4DE0ACA68C88C86F8285BC45B96D07F264C437D1E78E001E7BBC772F1C5173B192FA22C9AE09C27AA1B65D6E8FFE5B772E54AD3BA75EB22EB59811A05A3D827A10CE80C5B77DB86BAABEDDBB6FA6369E6CE51A6C55FFEF217E37592143454C060EDDAB5263333D30992DACE4BDEFE4381D2279E78C2096E76EEDCD969271AB3ADCC34BD8FF601FE612F7EDA0F28385BD01C401E65901D7DF4D107052AF55A9DC97EF5D5572BE4FB17076D1F955423EF448BBBDFF8C1763627AF5EBDFA416592942448E25110520149FD4EFAB3BD94DDA5DF77B5D792B2BFE3F5060D1AB479E8D0A153D2D3D35FB7DFF907FE74087287E73843D4B53DABFBE93D56D67DD0C0FB3726508292064A6A7BA9F0E545933FDAC612B2571FE62F8024F5331DAC78C35E8AA24C119D3955C68582235E47A24D9B36CE41CFAF7EF5ABBCE7AA13A6E7E84CAC3A2F0A2CE82C913A313A20D25C03BD7AF5CA7790A47D80820F9AD3E3ECB3CF76B23B34BC4713AE2A08139CC3489D93C2324A3C3AA3ACA20921F59EFA5C65AD28C2AF2C115146CC430F3DE4046E0AA3CF286CE938FD5F9581E2F79FFFFCA758F5AB20D2D75F7F6DD827A11C0E187F5E92B61F8B0290F7DD779F735D414E0510145450468782837E0A5C2AB0A931E09AE74741CF33CF3CD399EB489922BD7BF7768213DAB7042938A961320AD4EA3D8299621E3D7EFCF1C73BED4F1968DA0779FF3FFFFEA0BCBF3F6D1F09B4DF686DDBC1C39AF4F25082241E2DFBEB1B86E0509BD289924375FAE9A71F617F7FB7AF59B3A6077F291453DEE22DF15A12B820812CA9D4AA5E71044ACA7B4B4D49D99D9D9D5DA73C8325EAD4BDFAEAAB76DF1CF9337F015461C539B0566EAB22E7D502073DCBDBB76F5F64BEA196EDD3FC1DCAB4B8EAAAAB9CB33ECA28D1FC214D9A34719EA36C0AAD3AE3CD033273E64C2768A1A08482259A1340AFF1B23514A8B8F5D65B0F0AC4E8ACAA52DBBD83287558149009765C4A4BEFAF145F8F023205054914BCF1D283BD404F4134395D70750E75D88A33B4F0BCF3CE73FE9FB6C33484CD1A716AFBDEB8AF1A87D2F60BA3C08497D1A521766A3FFA0DD775FF52A0A27D83E61D525055D969CD9B3777DA454646869386AFCC8CFEFDFB3B01D5A07FFCE31FCE5C440A726ABFA180665156AF5E5DE4816F797DFFE2A0EDA312EE3B62054A96DBDFF057ED6FFA1FDAB56B9772A82B55BEFCF2CB7AAF7CC36EF4BBFAFAEBAF3B41D14361DBCEC6B56BD76A62EBC96494B02D0784ED3611B6DB46F5C0F6ACFB9D03BAA24E8295967F22702BBBAA573A8192726637D68DB613F5331D0895975AB56A29C2B76BECD8B183F90BA0AA4A4B4B2BF047C2FE00E4BA337A2B73AA9ABDBDD5DE7E4F071276FB9FA3F1C637DC7043A4A8CF68DBB6AD3317C9279F7CE2DC563688020D1AD3EF750C1440F056C45107446766BD208AD2D6353F880E8E145C114DA6AC9475EF8CAE2888A24E88E603B9E9A69B9CFB66CC985160A0C43FBF4870E88DCEFEC6FCB50C879DC08F7E14FD436482F31F2868A3F754874B67027450E775A834C65A347C2F48CF0DAECCE10DF3298A52FF7596EE9E7BEE619F84D2B4FDFDEE41612D2F4072A86DBFD003A5EAD5F332B8FC19192AFEF6AA36A7C082B744AFAEAB7D2A38A9E16E1AD2A2806AAC2083DAA586ED7967AFF51ECAD052E648506E6E6EDE750567870C1952E1DFBFB868FBA82CC70D81638883F61BBADFFE6E7F3162C4882977DE79678987DF6818AC323883932CABFDAADDE977B7A4C36F142419366C586DFB9EE9CC51C2B61C233892622F5382DB737676F677F631675CB44EE49565A0243019791681129488DD412E5EB66C59B5A64D9BB62CAFCF743B40CBA87D2412FB43B0D7ED20193748A28934144D9856BB76EDF7EC81CED692BEA7CEF414B7B32F4A6957C741073CA2F4F4FBEFBF3F5F2686960556004425B84A84022CDEFC1F0ABA1464C284094EA7C5E31F7AA3F9448234799C8233F7DE7BAFF3BEFE3946FC9FA3B955EC01A0193E7C78DE848E5AE5428120FDDF343F813A4AC1254783732300E548CB48A8E7A135B66BB881BD52B7FDC228D8192B2343810D6F9266E788302BCBC9B878F1C517F33A4A5AEE5B0147056015A4E8DBB76FCCCFD09C410A4678B41F51569BCE3C0787E028D34D9FABE08AC69FEB52FB204DC07AFBEDB757C8F707AAA022F71BF677747AFFFEFDF78D1A356AA6BDAC56DCCC1205439E7DF6D97CBFBDFECC12CD79A676A6AC92E24EE86ADBF8C6A79E7A4A41921E0449E03B06768223856DCF6969694BBC40C9F2E5CB9D937F6545735FF92C215082926ED81F7EFCF1C76D34496479D1E46D6EE3011286FB03A11F8699B6BC650FFC67C763850B099E01D230198FCE10796781FC9D0C752234A1AB3A257ABDFFACEFE38F3F9E1724F1BFB72654F4B2350A5BB2CD1F248915DC09520767E4C891CE672A7BC53FBF893257FC1D2EFFC48F5EA74A678E15D8D1FF5313472A4B66FAF4E9F99EA733625EE7CBA34E18CB03A38CD5F67572E2DEF663F12F9DEBCFC808F2021A6AD36AFFDA3FA83D0C1D3AD4994F44410CCD43A4E0A97F259A471F7DD409B8FA57ADD17B6918A086CE3EF8E083A66BD7AE799FA9F6ACAC0F7D2F0557B47FD0194205311400D1903E7FE7ABACBF3F50C5822325DA6FD8DFD259FDFBF7BFCE5ECE2CEEEA37FA5DF50F41D084C86AA73AF9E0AD0EA74BFDAE1627F8B86CD9B2F523468C4825488243390656DFD33EFF3A5D5786B1F6E1652530C9FF87044A50B20AAF5E7DD6F7DF7F7FBF0E4282133696954F3EF924DB1E548DA6F691089452682FE6A7A4A478CBF8C5F5ECB1C6E8AB63A24B51F04313BA69588EA803A2E57603DFC939ABAB1F1F054234A1A2820D9A6851FCA9EAFE8C0E6FC9615127E4DD77DF75021CBA2C2C88130CE4046972D9E0592A65863CFDF4D3A6B01540BEF9E61B67A8912694F5324CD481F3D287BDA08CF65DEA28F90330A2B3DB05ADA40354F6B65F1CEADC28C0E90F92062953E3F4D34F37EFBDF79EB35FD09C1EDE703D054D156C50FB519BFCF8E38FCD6DB7DD16B3DD28A0A1B3CE6A935EE74A93B32B4B54D91F6ACF5EC043C3E0D439D37D0AEC06275A2E8BEF0F24CB7E43C112FB1BC283EC560000113A49444154DDF599679E9976E79D77D6282C58A209917512C11F2851A6A6B2C494E5B979F366E73E6586AA3DEBC469614BB66AB84D46464643FBFF20488243DA9ED5F7B4FDCE11BAAAE33C6D839AB03BDE34EC66F1E2C54A9B0AB977CDACEAF51D62932B7F5AABDD1E183539EFBCF34E2DEBCFD21C0576C7BE74CC9831A752F3A8CAD2D2D21E08854299F68761E6A19C3D9E376F5EA4B8995CFEA0407128F8111C5673A8CF2DEAB3FD73A494F7778B2705912EBAE8227E8350A9DA7E518AD3FE4ADA464BA2A4FBA6CAF6FD69FB28E7E3ED9E87BADF88A55BB76E9D535353DFBAEBAEBB6A16142C193C78B03374D53B29A293161ABEAA15EE94E1AD0C2D77C956A79D6908AE0290B14E9E7A7392D8AB7DA64C99328BBF28BF8387BA3DABEF1989443AEBBAE6D3EBD123FE8B266931030D17752DB4B7CFABEAF54E4649C5F8EBD8B16333CE3DF7DC1CBB632CD3BF816D4CDB77EDDAF524558EAACEEE701F2DAFCF2A6947A424C185A29E5BD46797B40313CFEF06247ADB2F4A71DA5F5906194A1324A90CDF1F284F53A64C9914CFF79B3E7DFA7BB6C379D5A851A35EBBE38E3B5283C1122DB9ADB9BFFC99A31ABEA620896868AB86C6694E21053D1594D49C62CA2255E6AA1F739220CEBF834A61760225EFBCF38E93C914CFB94A94E9F8E69B6FE665938442A1E713A1DE53D8F42A64C73D6BEFDEBDABC78D1BB7A82C3FC73684BD595959CBD6AF5F3F955A070000004A750C3FC71EC35F3D72E4C86C0D63F068D88186D32AF0E1179C0CFD965B6EC9377C56C3203461BB3724479449A22089BDDA9D2009E2D5F7B417F3755DD33F6898B7867FC58386993DFDF4D3B976BBF6320517264ADF93D38715E7FA0F3EF8E0D373CF3D7779DBB66D8F8BF79B6BA245BB73CDDEBF7F7FAFF9F3E7E750DD00000040A93B9D73BA75EBF6DBE1C387BFD9BF7F7F27B3E4B0C30ED3FD45BE5643710A7B9E974962AF76D7E750DB8867DFD3962F6C69AC8985B5E2E1C081034BB55CB0822423478E8CAC5DBBD61B3BB633140AFD2E51FA9E64945490A953A76686C3E1FE8F3FFE78CD0D1B36AC8CE77B6BB2C6471E7964EBBE7DFBFAD99DECBFA86D000000203E340C67EFDEBDBF5566C9E2C58B73E3F19E0A928C1831A2A686DB10244159F43D2391C81DF6AA13C4D00A899A5347C3660E855EF7D0430FE57EF7DD7779734E8542A1DB12A9EF49A0A4024D9B366D6A6E6EEE8303070E4C59BA74E9F7F178CF952B57E6DE7BEFBD9B77EEDCF964BCC76602000000C8172CD95BDA608937DCC6F60B7A33DC0665D9F7B417BF336EB04499257FFAD39F9CD51A357CAC38F43C4DDC6AFB9BFE4C12ADC8F3A744EB7B1228A96076431B6F778A773FF6D863473EF7DC7373EDF5439E99FBF5D75F5FFFC0030F6CDDBD7BF740DB109EA07601000080B2A160893D76BF56C192254B961C52B0449924EEEA36C139494EB3A56B012F7BC477FD185FBFEEFA18CF6D60CB5931EED7140C9303F715369BF31F6C39D677FB565B5AC7785EB322FECBA9BEEFECA7596FFD6BA56BD5940BD8CAE2DFF78C4422BDDCA5869D394B66CF9E6DFAF5EB67EC76683EFCF043275BC49BC344C36B1450D172F6A3468DD292F161AD6EE39B9364A7B6BB44EC7B32474925A0E85E5A5ADAA70B162C18BD68D1A2CCDFFDEE77EB3A76EC787E71FF3E76C7BCF9F9E79FDFB275EBD60DA150E826DB00186E0300000094310D93494F4FBF36232363E68001036A9C79E699C55E3ACA3F71AB6FB88D0224CB6C39CA0D2A280032C816FF2A962D7DD7D5417DD096E5B69C6BCBFBB66CB4E5CF263A274503F776D09DB66CB3E532F7765DF7BD7E65CB4F31FA8C0ADA3C654B1F5B14D039D396581904FADC776C29E8E4EF19261A907938581DB6CCB5E53A5B36D972932D43D8C2CAAEEF69FB8DA3BD65831530F9EAABAF9C52047FA2C542CD4992A8533D1028A924346ECC5E5C6437DAEB9E7FFEF95B5E78E185F5C71D77DC8A8E1D3BA69C74D249C71C71C411F56AD7AEDD283B3B3B67DBB66D599999993B162E5CB875E9D2A547EFDDBB5763CE466FD8B0611213B702000000E5C79DE0B5CB881123660D1830C0142758A220893249DC2580FD7392AC57D7C09667DDDB0A507CE75E1F6BCB8D81B7D2B17F1B5B4E706F2BC030C69626B6CC28E0E395D171B82DEFD9F2B67B9F82205A86F6A718CFD77BDEE75EBFDC96976CD9EF7BBC8E2DBBDDEB5AD6E75D13CD3450268B9602FA3FF73165BC7C66F267A678F6D9F237130D0E1DEDBEC772F77AD8AD179441DF33140ADD62FB929D4A101B58A86D31D1FB9E044A2ADF463BD35ECCECD1A3478B1F7FFCF1BA1F7EF8E1D7F6760B138DF27A3B43957FDBF2A19EEB6EE8000000002A8086E12858F2D4534FBD3660C080FDEDDBB7AF5BD073972D5BB63E2323A3A1BDDA23C69C240A547CED5E4F71FB6B6F17D177D3E3E9EEE30A7E14B650443D5B7E63A25928BAFEB0FB990A54BC58C06B7E6FCBFF9A68F04563329485A2AC968B6DD1B229CA8AF9BBFB5C05509ABACFBDD69671B6286BE1235B7E6BA2C1103FBD471DF7F31554B9D5EDEB7CE17E8EDE7F83215052E67DCF70387C5D241251DFB3BDFB3754D04A994159B62C49B6BE2781924A6AF2E4C96BECC548B700000000A8C4142C494F4FEF3A62C48857060E1CB8FD17BFF84583E073DCD56D526D8754ABDBCC8AF1361A7AB3D844E7EC38DC0D302883E3B6423EFA02F7B99A1FA4B51BB868EE061ACE74830DC34D74088E3AC02FB8AFD3FDC7D9727521EFDFDD7D9D3AC757D932C096EDEE7B7B9923411BDCEFAF60D15213CD08196DA2C38782EBD1BE1BB87DA489066EDE668BA2EF599198CC1500000000E240C370727272AE1A3E7C78E88B2FBED8EE7FCCBFBA4D014112F9D644E70051B044C354DE30D179417617F2B11F9868068702121AAEA2A13CEB4C34D8A0C0C9DDE6C03C257A5C591C379BE8B09EF1B6BC66CBA5B67C698B320C340CC71B9EB3D74433D9BDD76E8FF1F9B1861A699E110D0952568286DE1C57CCBEA7326DF6F86EEBF5F7B065A1BC11280100000080385166494E4ECE3523478E0C7DFEF9E75B745F604E9282960056364567B7687E8F36EEF5A1A6F0D564D4A7D31089B5263A19AB568C09C7785E23F7314DF8AAAC9267DCE7E9733504471923CAF0D0F098D5263A11AC3FA0A3EF70995B14F8B8D8BDFE17139D4BC44F992C4F9BE8F01B65973CE0FE3FFCFD4F0541BAF8DEF332F7F9E7FB6E5F68A273B43463CB8A2B650AF9E78AA9EEFE7D8A32275962080CBDA91A4E7077608B7CF7F57737546F9661ED80CE31A44B0100000015CA9DB344C192573A74E8B066E1C2850D8A089288869C7C6AA2C359CE730319CACC78AF888F533688E60879CA0D4E68FE9035319EA7F7D23C13BF360756CE69660ECC37A2A0C97F6CF9C17D2C38D7C9ABBEEB1AAEE30DBDF10F9351275A592C9A485619285AE546019F89263A8CA8952DDE52CA0AEE040331FAEC11261A3079912DA9CC68FB9AE6BBAD7961EAB8D79521A4396314C86A6BA273947874BF7F7967652665D8B225D12A888C92CAB5B15EE66E68F7BBD7AF31D1D4BBD631FE56EDCC8120895C690A9ED91A000000403952B0C45E745FB060811666E85E4490C4A3C0832659D53C239B028F2D2EE0355FF83AAABBDDC0C4BB857CC62273605960BD769589CE2B728A894EDA591A354C7498CF32B7F3AD214013DDC7BC658C0BA28C06ADAEA3E13DCA7EF9355B519938DD4483503A197F855BB43DB4722FFF64A227E9B3DD6D4E01BC956ED9E5BB9EEDF65BB72462251128A93C16986834F61B131D8FF8B6BB83CB74AF2F709F77B4BB31B7703764CD42ADF1839A095AE9768A289F4D7502000000154B7396A4A6A61EAECB12BC6C90892ED51BF46C8C3E9C266D3DCBED1FBCEDF60DDAF9FA0EB1FA7B1A66A32584A7F91ED7DC286FB8AF6B5DCAFFF60EDFF5B5BEEBEAA39C19E3F91AE2F398890ECFF1E652D1C9E31BDC8E783DB6A4B851B688B27CBE73B71505CA66BBDB8ED7EF1C62F22F13FDA6393014AAB9EFFAA8448E271028A95A1BB5B7B3514A9AD6579F6FA2A97243DDFB2E73FFA68A10B6A1CA000000808A357EFCF8ADC57CAAB228B4CCEF30137BD2D456263AF4FE6BDF7D17B99D5B7576955DAE2C94677C8FAFF25DD7B40B9A134401170DC1D109562DDFEB055594ED718739783E90B0FBD9C5F14F13CD2489459D7365317CE0FB3EEABF5C6EA2D926C1A13E379A6806C35C43B0245E349C46C10E658DBCE26E2FDDDDBFC36E77FBE81578CD7FDD6D4C659DEFFA62137B2E9C84C01C2595C3C9263A21923634458015FCA8E96EC8ADDC0D57932B0D36D1CC91CEEE86ADC98D3E765FAB19A99546B7CFDDE03751AD0000004095A1210C530A795C818C4B8B788F5702818AFB7DD775BF7F4E107576E79BFC2BEA7C10E33DB56A4E76E0BEBB4CEC95780A9B2F51C38A6E0CDC57D432C02C591B5F0AC08D3307B28ED4E77CC7BDDFFB5B1C1978CD516E7FD4EBA75E6FA2993FE72472451128A91CFECF2DA228AB3749AB22A7179A03513BE3DB78D7BB1BE793EE86AA25C13ABB8F6B23FE8C6A05000000AA8C789C9DCF29E1F37717E339D987F8BA787F57C4C724135D125A735C6A1E1D0DF5FAC47D4C27EA4F35D1E1379EE1263A44479927CA50DAE7F64D3F49E44A62E84DE5A39985FF558C9DA8263752744FD13F0557B698030195E3A8460000000040C025263AFCCAEB37AEF7F52335476670C25D2D27AD3973FEE0DED6739EB0654F2257121925958B26655D578CE729C277A7892ECD7416D506000000002882E6C151C04327DB35C788324AB4D4B337322135F07C8D64B8C9967BCD81D56D34D1EB0B263A644741144D0CBC3ED12A8A4049E5A275A89F2CC6F3B4C1D635D1C976FA99E8D09B736DA9CFDF15000000001083E6B1D46A47DFFAEE5B63A20113D1D40FDE89780555B440C8E3BEE7EE732F9575A2497835E5C3FA44AC283AD4958336422D97F5B4C93F0650C1906581E72A48728E6F83D5D2591A5FA67163DE901D86DE000000000082BE0DDC7ED1775D13EE7A13FA2AA8B220F0DCEB7DD7354F4DC2CE5342A0A472D046186BC667658A3C13B84FA94E6F04EE0BDE7E962A0500000000C4513859FEA34CE60A0000000000E02250022039767629299170384C455402F6EFB0D2B0242068FBB47D00002AEBF10355002019A4A6A6FE77C78E1D544425B065CB96A5F662093501DA3E6D1F0080CA88400980A450A3468D85DBB66DA3222A810D1B366849BAF9D40468FBB47D00002A2302250092427676F6D0F5EBD7EF8F44225446C5CADCBC79B396927B85AA006D9FB60F00406544A004405238FFFCF33FB71DA56FD7AD5B476554A0A54B97CEB37F8775175D74D1A7D40668FBB47D00002A230225009246767676CFCCCCCCDDDBB76FA7322AC0D6AD5B5FDFBC79F36FC3E1F0006A03B47DDA3E0000955535AA0040B29834695256AF5EBD3EDFB469D3550D1B364CAD55AB1695528E1DA5EFBEFBEED45028F4FB8B2FBE78213502DA3E6D1F0080CA8A400980A43261C284E53D7BF6FC72E3C68D5DEC81FBAE060D1AD4B697544CD9C95CBA74E98CCCCCCC0BD551EADCB9F36CAA04B47DDA3E0000951947080092D2DCB973DBA4A4A43C5DBD7AF5338E3CF2C8358D1B376ED6B061C3A6F63E2AA794C2E1F04A2D03AA152E3479A3E62550CAFD25975CB294DA016D9FB60F00406547A00440527BF7DD774F0F8542D7DAAB9D6C696F4B2AB5526A39B62C31D165405F61F246D0F669FB00000000000000000000000000000000000000000000000000000000000000000000000000000000000000000000000000000000000000000000000000000000000000000000000000000000000000000000000000000000000000000000000000000000000000000000000000000000000000000000000000000000000000000000000000000000000000000000000000000000000000000000000000000000000000000000000000000000000000000000000000000000000000000000000000000000000000000000000000000000000000000000000000000000000000000000000000000000000000000000000000000000000000000000000000000000000000000000000000000000000000000000000000000000000000000000000000000000000000000000000000000000000000000000000000000049EFFF01EE6FC7A01F3A3B8B0000000049454E44AE426082, NULL);
INSERT INTO `act_ge_bytearray` VALUES ('22502', 1, 'TenderingApplyProject.bpmn20.xml', '22501', 0x3C3F786D6C2076657273696F6E3D22312E302220656E636F64696E673D225554462D38223F3E0A3C646566696E6974696F6E7320786D6C6E733D22687474703A2F2F7777772E6F6D672E6F72672F737065632F42504D4E2F32303130303532342F4D4F44454C2220786D6C6E733A7873693D22687474703A2F2F7777772E77332E6F72672F323030312F584D4C536368656D612D696E7374616E63652220786D6C6E733A7873643D22687474703A2F2F7777772E77332E6F72672F323030312F584D4C536368656D612220786D6C6E733A61637469766974693D22687474703A2F2F61637469766974692E6F72672F62706D6E2220786D6C6E733A62706D6E64693D22687474703A2F2F7777772E6F6D672E6F72672F737065632F42504D4E2F32303130303532342F44492220786D6C6E733A6F6D6764633D22687474703A2F2F7777772E6F6D672E6F72672F737065632F44442F32303130303532342F44432220786D6C6E733A6F6D6764693D22687474703A2F2F7777772E6F6D672E6F72672F737065632F44442F32303130303532342F44492220747970654C616E67756167653D22687474703A2F2F7777772E77332E6F72672F323030312F584D4C536368656D61222065787072657373696F6E4C616E67756167653D22687474703A2F2F7777772E77332E6F72672F313939392F585061746822207461726765744E616D6573706163653D22687474703A2F2F7777772E61637469766974692E6F72672F70726F63657373646566223E0A20203C70726F636573732069643D2254656E646572696E674170706C7950726F6A65637422206E616D653D22E68B9BE6A087E59586E794B3E8AFB7E68B9BE6A087E9A1B9E79BAEE5AEA1E6A0B82220697345786563757461626C653D2274727565223E0A202020203C73746172744576656E742069643D22737461727422206E616D653D22E5BC80E5A78B223E3C2F73746172744576656E743E0A202020203C757365725461736B2069643D226170706C7970726F6A65637422206E616D653D22E68B9BE6A087E59586E794B3E8AFB7E9A1B9E79BAE222061637469766974693A61737369676E65653D22237B7573657269647D223E0A2020202020203C657874656E73696F6E456C656D656E74733E0A20202020202020203C6D6F64656C65723A696E69746961746F722D63616E2D636F6D706C65746520786D6C6E733A6D6F64656C65723D22687474703A2F2F61637469766974692E636F6D2F6D6F64656C6572223E3C215B43444154415B66616C73655D5D3E3C2F6D6F64656C65723A696E69746961746F722D63616E2D636F6D706C6574653E0A2020202020203C2F657874656E73696F6E456C656D656E74733E0A202020203C2F757365725461736B3E0A202020203C73657175656E6365466C6F772069643D227369642D44434146434346432D303132462D344646312D383938382D3131453832363330343142452220736F757263655265663D22737461727422207461726765745265663D226170706C7970726F6A656374223E3C2F73657175656E6365466C6F773E0A202020203C757365725461736B2069643D22617070726F766522206E616D653D22E5AEA1E6A0B8E4BABAE59198E5AEA1E6A0B8222061637469766974693A61737369676E65653D22237B617070726F76657D223E0A2020202020203C657874656E73696F6E456C656D656E74733E0A20202020202020203C6D6F64656C65723A696E69746961746F722D63616E2D636F6D706C65746520786D6C6E733A6D6F64656C65723D22687474703A2F2F61637469766974692E636F6D2F6D6F64656C6572223E3C215B43444154415B66616C73655D5D3E3C2F6D6F64656C65723A696E69746961746F722D63616E2D636F6D706C6574653E0A2020202020203C2F657874656E73696F6E456C656D656E74733E0A202020203C2F757365725461736B3E0A202020203C73657175656E6365466C6F772069643D227369642D42383136393435342D463342462D343136452D393737362D3142423141463941334641312220736F757263655265663D226170706C7970726F6A65637422207461726765745265663D22617070726F7665223E3C2F73657175656E6365466C6F773E0A202020203C6578636C7573697665476174657761792069643D227374617274617070726F766522206E616D653D22E588A4E696ADE69DA1E4BBB6E7BD91E585B3223E3C2F6578636C7573697665476174657761793E0A202020203C73657175656E6365466C6F772069643D227369642D35324243463636362D323943442D344439382D393241312D4437433630373543353335312220736F757263655265663D22617070726F766522207461726765745265663D227374617274617070726F7665223E3C2F73657175656E6365466C6F773E0A202020203C656E644576656E742069643D22656E6422206E616D653D22E7BB93E69D9F223E3C2F656E644576656E743E0A202020203C73657175656E6365466C6F772069643D227369642D46373943333737462D324441352D344532422D383931442D30304230443134433335424222206E616D653D22E5908CE6848F2220736F757263655265663D227374617274617070726F766522207461726765745265663D22656E64223E0A2020202020203C636F6E646974696F6E45787072657373696F6E207873693A747970653D2274466F726D616C45787072657373696F6E223E3C215B43444154415B247B617070726F766573746174653D3D337D5D5D3E3C2F636F6E646974696F6E45787072657373696F6E3E0A202020203C2F73657175656E6365466C6F773E0A202020203C73657175656E6365466C6F772069643D227369642D43443032304245452D434242322D344633362D423138372D30463733364639314134353222206E616D653D22E68B92E7BB9D2220736F757263655265663D227374617274617070726F766522207461726765745265663D22656E64223E0A2020202020203C636F6E646974696F6E45787072657373696F6E207873693A747970653D2274466F726D616C45787072657373696F6E223E3C215B43444154415B247B617070726F766573746174653D3D347D5D5D3E3C2F636F6E646974696F6E45787072657373696F6E3E0A202020203C2F73657175656E6365466C6F773E0A20203C2F70726F636573733E0A20203C62706D6E64693A42504D4E4469616772616D2069643D2242504D4E4469616772616D5F54656E646572696E674170706C7950726F6A656374223E0A202020203C62706D6E64693A42504D4E506C616E652062706D6E456C656D656E743D2254656E646572696E674170706C7950726F6A656374222069643D2242504D4E506C616E655F54656E646572696E674170706C7950726F6A656374223E0A2020202020203C62706D6E64693A42504D4E53686170652062706D6E456C656D656E743D227374617274222069643D2242504D4E53686170655F7374617274223E0A20202020202020203C6F6D6764633A426F756E6473206865696768743D2233302E30222077696474683D2233302E302220783D2239322E37352220793D223132312E30223E3C2F6F6D6764633A426F756E64733E0A2020202020203C2F62706D6E64693A42504D4E53686170653E0A2020202020203C62706D6E64693A42504D4E53686170652062706D6E456C656D656E743D226170706C7970726F6A656374222069643D2242504D4E53686170655F6170706C7970726F6A656374223E0A20202020202020203C6F6D6764633A426F756E6473206865696768743D2238302E30222077696474683D223130302E302220783D223331352E302220793D2239362E30223E3C2F6F6D6764633A426F756E64733E0A2020202020203C2F62706D6E64693A42504D4E53686170653E0A2020202020203C62706D6E64693A42504D4E53686170652062706D6E456C656D656E743D22617070726F7665222069643D2242504D4E53686170655F617070726F7665223E0A20202020202020203C6F6D6764633A426F756E6473206865696768743D2238302E30222077696474683D223130302E302220783D223537302E302220793D2239362E30223E3C2F6F6D6764633A426F756E64733E0A2020202020203C2F62706D6E64693A42504D4E53686170653E0A2020202020203C62706D6E64693A42504D4E53686170652062706D6E456C656D656E743D227374617274617070726F7665222069643D2242504D4E53686170655F7374617274617070726F7665223E0A20202020202020203C6F6D6764633A426F756E6473206865696768743D2234302E30222077696474683D2234302E302220783D223834302E302220793D223131362E30223E3C2F6F6D6764633A426F756E64733E0A2020202020203C2F62706D6E64693A42504D4E53686170653E0A2020202020203C62706D6E64693A42504D4E53686170652062706D6E456C656D656E743D22656E64222069643D2242504D4E53686170655F656E64223E0A20202020202020203C6F6D6764633A426F756E6473206865696768743D2232382E30222077696474683D2232382E302220783D22313032302E302220793D223132322E30223E3C2F6F6D6764633A426F756E64733E0A2020202020203C2F62706D6E64693A42504D4E53686170653E0A2020202020203C62706D6E64693A42504D4E456467652062706D6E456C656D656E743D227369642D35324243463636362D323943442D344439382D393241312D443743363037354335333531222069643D2242504D4E456467655F7369642D35324243463636362D323943442D344439382D393241312D443743363037354335333531223E0A20202020202020203C6F6D6764693A776179706F696E7420783D223637302E302220793D223133362E31303339353031303339353031223E3C2F6F6D6764693A776179706F696E743E0A20202020202020203C6F6D6764693A776179706F696E7420783D223834302E343538333333333333333333342220793D223133362E3435383333333333333333333334223E3C2F6F6D6764693A776179706F696E743E0A2020202020203C2F62706D6E64693A42504D4E456467653E0A2020202020203C62706D6E64693A42504D4E456467652062706D6E456C656D656E743D227369642D42383136393435342D463342462D343136452D393737362D314242314146394133464131222069643D2242504D4E456467655F7369642D42383136393435342D463342462D343136452D393737362D314242314146394133464131223E0A20202020202020203C6F6D6764693A776179706F696E7420783D223431352E302220793D223133362E30223E3C2F6F6D6764693A776179706F696E743E0A20202020202020203C6F6D6764693A776179706F696E7420783D223537302E302220793D223133362E30223E3C2F6F6D6764693A776179706F696E743E0A2020202020203C2F62706D6E64693A42504D4E456467653E0A2020202020203C62706D6E64693A42504D4E456467652062706D6E456C656D656E743D227369642D43443032304245452D434242322D344633362D423138372D304637333646393141343532222069643D2242504D4E456467655F7369642D43443032304245452D434242322D344633362D423138372D304637333646393141343532223E0A20202020202020203C6F6D6764693A776179706F696E7420783D223836302E352220793D223131362E35223E3C2F6F6D6764693A776179706F696E743E0A20202020202020203C6F6D6764693A776179706F696E7420783D223836302E352220793D2239342E35223E3C2F6F6D6764693A776179706F696E743E0A20202020202020203C6F6D6764693A776179706F696E7420783D22313033342E302220793D2239342E35223E3C2F6F6D6764693A776179706F696E743E0A20202020202020203C6F6D6764693A776179706F696E7420783D22313033342E302220793D223132322E30223E3C2F6F6D6764693A776179706F696E743E0A2020202020203C2F62706D6E64693A42504D4E456467653E0A2020202020203C62706D6E64693A42504D4E456467652062706D6E456C656D656E743D227369642D46373943333737462D324441352D344532422D383931442D303042304431344333354242222069643D2242504D4E456467655F7369642D46373943333737462D324441352D344532422D383931442D303042304431344333354242223E0A20202020202020203C6F6D6764693A776179706F696E7420783D223837392E353534393133323934373937362220793D223133362E34343530383637303532303233223E3C2F6F6D6764693A776179706F696E743E0A20202020202020203C6F6D6764693A776179706F696E7420783D22313032302E303030303538313334383237312220793D223133362E3034303334353635333739303133223E3C2F6F6D6764693A776179706F696E743E0A2020202020203C2F62706D6E64693A42504D4E456467653E0A2020202020203C62706D6E64693A42504D4E456467652062706D6E456C656D656E743D227369642D44434146434346432D303132462D344646312D383938382D313145383236333034314245222069643D2242504D4E456467655F7369642D44434146434346432D303132462D344646312D383938382D313145383236333034314245223E0A20202020202020203C6F6D6764693A776179706F696E7420783D223132322E37352220793D223133362E30223E3C2F6F6D6764693A776179706F696E743E0A20202020202020203C6F6D6764693A776179706F696E7420783D223331352E302220793D223133362E30223E3C2F6F6D6764693A776179706F696E743E0A2020202020203C2F62706D6E64693A42504D4E456467653E0A202020203C2F62706D6E64693A42504D4E506C616E653E0A20203C2F62706D6E64693A42504D4E4469616772616D3E0A3C2F646566696E6974696F6E733E, 0);
INSERT INTO `act_ge_bytearray` VALUES ('22503', 1, 'TenderingApplyProject.TenderingApplyProject.png', '22501', 0x89504E470D0A1A0A0000000D4948445200000422000000BA08060000007BABEC6E0000165B4944415478DAEDDD7F8C5D659907F0893FA2C61863A231C61862628C31C61893C618D1B06E8C51FF308A713A9DD6561C422952B14209B5A43B8B6C853456CB2A851617AA48D4982A0DCAF61795A60B0A56B614D68508C54E6999A65B4B8B65CA74CEDEE764DEC9E9E9BD33F7CEDC99B973E7F349DECCCCFD35B767CE737BBECF7DDF733B3A0000000000000000000000000000000000000000000000000000000000000000000000000000000000000000000000000000000000000000000000000000000000000000000000000000000000000000000000000000000000000000000000000000000000000000000000000000000000000000000000000000000000000000000000000000000000000000000000000000000000000000000000000000000000000000000000000000000000000000000000000000000000000000000000000000000000000000000000000000000000000000000000000000000000000000000000000000000000000000000000000000000000000000000000000000000000000000000000000000000000000000000000000000000000000000000000000000000000000000000000000000000000000000000000000000000000000000000000000000000000000000000000000000000000000000000000000000000000000000000000000000000000000000000000000000000000000000000000000000000080163577EEDCCC3066E250BD00000033B411612B60BF059885B22C7BFD33CF3C73F0A1871ECA76ECD8916DDBB6CD98E2B17DFBF6ECC1071F1CAA8C5BED91A87DB50F021DD86F01DA5A0491DDBB7767FDFDFDD9C0C080314DE3E8D1A3D9AE5DBB862AC1648DBD12B5AFF641A003FB2D40DB8A77430591D60924DBB66D1BB057A2F6D53E087460BF05685B31255B10689D11D3B5ED95A87DB50F021DD86F01DA561CFC0A01C2086ADF50FB20D081FD16A0A5C2C8A9BF1FCE9E79E43FB227B6FF6B3EE2FBB84C80104650FB86DA07810EFB2D004D0D23278F1FCAF6FFE7F5D97FDF77CD39232E8BEB84086104B56FA87D10E8B0DF02D0B43072F0897BCF0B2269F43DB14588104650FB86DA07810EFB2D00CD0B23FFF3C04D35C3485C27440823A87D43ED834087FD1680A68591FDDBFEA5661889EB84086104B56FA87D10E8B0DF02208C0823A0F6D53E087460BF0598796124CE945F2B8CC47542843082DA37D43E0874D86F01685A18797ACFBFD70C23719D10218CA0F60DB50F021DF65B009A16468E1DDA97EDDFBAEAFCA9D995CBE23A21421841ED1B6A1F043AECB700342D8CC478F6D14DE78591B84C80104650FB86DA07810EFB2D00CD0D232FBF9C3DFD5FB79E3F35BB72595C27440823A87D43ED834087FD1680A6849193C70F654FEDB9A5E63AF1B82E6E23480823A87D43ED8340479BEDA347623F1D639CB2A5009A15465E7E393BFCF4CEECF1FB57D40C2269C46DE2B6DE21154650FB86DA078D08DA681F5D305623A2B3B3B3D7960268421819EB9D50EF900A23A87DB5AFF641238259B29F1E1DA51171F2A28B2E7ABDAD04D0843052CF3BA1A3BD432A540823A87D43ED8346046DB29FD69C15D1D5D5B5DA1602685218196F104943A8104650FB86DA8731AC1C6E44ACB4299801CD886AE78A386536044013C388218CA0F60DB50F936879650C55C6DEE1AFD6D8D3EA8D8805CE0D01208C0823A0F6D53ECCEC26440A713123E2AC660433A019F1BCD91000C28830026A5FEDC3CC6E428C7539B48CCECECE9E4223C292220061441801B5AFF6A1C5AD1CA3D990AE17F06859E95C116643CC4277DC71C7C5EBD6AD3BD0DBDB3B78E59557660B172ECCBB520B162CC8AEB8E28AECC61B6F1C5ABF7EFDB1471E79645D966576101046841150FB6A1F5AA309315693C1CC085A4A7777F79CCECECE5F54F2E6C1AEAEAE33A5F344BC32BC5C634BDCCED66A53CB972FDF78EDB5D70E7EE31BDFC86EBBEDB6ECE1871FCE0E1D3A949D3E7D3A0BF1B5BFBF3FFBD39FFE94DD75D75DD955575D95AD5AB52ABBFDF6DB9FB0F54018114640EDAB7D989EC3F88EC6663A347A7B68BAF858CEB973E71EAB7CCD6A7D7467958FF23C3E6FDEBC5B6DBD36B164C9927F5AB66CD9C0D5575F9D3719060707B37A3DF6D863D98A152BF2B179F3E61B6C4D1046841150FB6A1FA6BC09D13BCEFB694630D50D880B2BE368BDCD871AE3C497BEF4A57FB63567B06F7EF39B775F7AE9A5D9962D5B1A6A4094DD7FFFFDD9E2C58BB34D9B363D63AB8230228C80DA57FBD0B24D8866DD1F1AD2D9D9B96EDEBC7943C5A642777777B67AF5EA6CE7CE9DD9DFFEF6B7ECC5175FCCF3E54B2FBD94CFCEDFB3674FB676EDDAFC3401A566C490D91133D48A152B362C59B2247BEAA9A7B2663870E04016E794F8C94F7EF282AD0BC2883082DA57FB6A1F26CD5827A69CEAC781B19A10BDC56518D180F8E94F7F9A2FFDAFC7F1E3C7F3DBC7FD4ACB35EEB2756790458B16ADBFFCF2CBEBFEC3D72B1E2F9A111B376E7CD2560661441841EDAB39B50F93D68468D6B20A332398EC26C4BA621362D9B265F9EC87F188FB5D73CD35E73423CC8C9821625DCE57BFFAD5A6CD84A83633E2B2CB2ECBEEB8E38E6B6C6D10468411D4BEA1F6A169CAE7767855656C18FEDA88F2FD9C338249CB9EC5E518F1610769F9C578C5B28D1B6FBCB1BC4CE3B3B6768BEBE9E93975EFBDF7669329CE19B17CF9F2215B1B84116104B56FA87D686A13A2B7D04CF8DFCAC886BFD6DB8CA8753FCD0826A31171AC381362A24D886233A23433E284ADDDDA3BC2EAA54B970E9D3973269B6CD75E7B6DB666CD9A3DB63AC28830228CA0F60DB50F4D6D42840DC3CD84AC816644B10991C66D85EB9D3382A666CFE23921C6BB1C63B4651AC5734658A2D1C22EBDF4D253F1119D5361DFBE7DD18C302B02614418114650FB86DA87F1ABD51CA8D65418AD1951EFED9D3382A6983B77EEC86C8838D1E464B8E79E7BCC8A6875DDDDDD737A7A7A8626F2319D8DBAEAAAABB2BBEFBEFB725B9F767D71EDEAEA5A228C0823A87DB5AFF6A119AF1BA33421564EB0B9D068D3C2320D26B43F47F64C27A88C590BC78E1D9B94BC199FA651FC68CF382785BF508BE9ECECFCC50F7FF8C3A16C0A45E7EBA69B6E7AC6D6A74D5F84D38BDEB14A7DF50823C2086A5FEDAB7D98C8EBC6389B016335191A6D42147FFFD90E332318C7FE1CD933DDEEE69B6F9ED4CCB976EDDAE2AC882DFE422D66E1C285471E7EF8E1A9EC4364B10CE4BAEBAE7BC5D6A7CD5F84D3385AAD3B2C8C0823A87D43EDE375A39ED78D2A4D887A9B00B59A0DAF1967132271CE08C6B53F572E3B98AEDFB56BD7A466CE3D7BF6149FCB117FA116337FFEFC570E1F3E3CA58D88FEFEFEACA7A7C77FFCCC9617E191EE70F1C55818114650FB86DAC7EB463DAF1BE36C428CD68C1898401362A2CF8759BC3F57BE9E499737FB249565870E1D2A3E87417FA116336FDEBCECF4E9D353DA8888DF377FFE7CFFF133DB5E8447BAC3315D4D18114650FB86DAC7EB463DAF1B1D139F8150AD1931912644B919E19C11D4B53F177F6ED647768EF6519EC5DFE72FD4823BCC74A86347358CB61EC2486B0DFBA4A1F6D5BE61B4E2F8E217BF981A067B2778D8FF9A2A332106862F9F88BDFE4EC678C654674EC9BFC5C4594BA76346449C25D5D6679675834F757676F65E74D145AF8FDB3512463EF8C10F669FF8C427F2CEEE473FFAD17C7CE52B5FC9C76F7EF39BFC60A278FBF879D9B265F9F7B13EEECB5FFE723EE2B66F7DEB5BF39303D5FA5D71DFDEDEDEBA9FDBE6CD9BB377BDEB5D35AF7FF2C927B3BFFCE52F557FCF9D77DE39EA633FF7DC73D9A73FFDE97C94FFBDBB77EF3EE71DCD3973E6E44BBECAB7FBFAD7BFEE5D51666CEDD733623F5FB366CD98B7B9E4924B467E3E71E2447E593DCF256E17B327EBA9A1A8BB720D3EF0C003D3FAFCD53EEDF0BAD131F6A7649811C18CD89F2BDF0F991141AE7270312DE788A81C500CD9FACC9217E1F2C14447A361E4FDEF7F7FF6B18F7D2CFF3E1A79D19888113FC7C71E556B446CDCB871E4F6B51E37EE1B0D8E1829387CFFFBDFCFEF1F1FB31B3F6FDAB429FFF9F9E79F1FB9DF1BDFF8C6BC3910D75F7FFDF5D95BDEF296ECDBDFFEF648F078E8A187CE7B3E7FFCE31FB31D3B76E48126DDEEC73FFE71F6AB5FFD2AFFBEAFAF2F3B7AF46856D94EF948B789CBD363C427EE54FB77FCEE77BFCBAF2F373C5EFBDAD766175F7CB130C28CADFD6AE3F7BFFFFD48E08FAFEF78C73BB28F7FFCE3F9F731A2A6DEFDEE779F57838B162DCA037CBA6D5CB678F1E291EFAB350CD37D3FF9C94FD6D5B0F8E52F7F79DE65D1AC9CCEE7AFF66987D78D52E8778E0866ECFEEC1C1114779883958382C1A9FED48C2BAFBCF2255B9F367F113E5979B15D5DE360A2AE3012E13F0EB2DFFEF6B767175C70411EACD33B81A9D170DF7DF78D34226206413A285FBF7E7DF6EA57BF7ACCDF71F2E4C9FCEBD6AD5BF300503CF08F7F47ADC0F1B39FFD2CFF3E7E5F3CB7E2753FFFF9CFCFB97DCCCA88AFA9D1506C44C4D76850A4DB46F7FA4D6F7A531E52D2BF2F6E1FCD8EF81A8F5D0E29A91111CFB7FC6EECD5575F2D8C30E36A7FACC05FACB1F8F9861B6E38A70177DD75D78DD45CD442BC1644F3F2BBDFFD6EDE9CDCBB776F7EBFF85ACFEF7BDBDBDE56D7EDA2615AAEC154FFD3F5FCD53EEDF0BA5125FCD73B03C1A766D052FBB34FCD60447C96EBEAD5ABA7746D46BCABB974E9D23DB63E6DFA223CDABB190D879138E8FEC0073E90BF0B589C01B17FFFFEFC9DC5685294971F740CCF4078FAE9A7B3CF7DEE73F928878308EF71DBC71E7B2CFBCC673E337279BCEB98BE8FC6C43BDFF9CE7C5644F9F13FFCE10FD79C1191A662C7B28C74D9C18307F3EF638642BAACF87D71FAF61BDEF086FC84B6E977EDDBB72F7FACF8F74473262E8BA68B1911B473ED8FD63C8CE65D9A41D031BC6C21BEFFC217BE30D2C42BBE86C46D3EFFF9CF9F53C351FBA99119F559EBF527AE7FDDEB5E37EA738AE7939E47F1B5261A18EF7BDFFBA6EDF9AB7DDAE575A3463362AC26C0ABC668368C757D2D0B2AE3AC2604E3D99F237BA6E6402C159E4C6BD7AE2D3622B6F80BB598EEEEEE3995FFF4CF0E0E4EDDA4882BAEB822EBEAEABAD0D667366B248CC474E78F7CE4232307FB297047A7377E7EF4D147CF9951900E28FEFAD7BF8E19CAE3403E9A0DC5990EF12E643406A299F19EF7BCE7BC59051D857734479B1111CFA5D84C889FE3777DEA539F1A0921D1742887886A8D88589E12E781488D88E27D342268D7DAAF6719447C1FB5946AE1CD6F7E73D5201F63CB962DF9D7580E11B5DE513ADF4A79C432ABB84D341B475BE615B7490D8478DD89C6E1584B36A6E2F9AB7DDAD8583312EA6D3234DA8C484D90D5FE048C377BA6E6409C3330DE609B0CC78F1FCF8F25D3EF923D5BB77B75ECC1071F9C92591111287A7A7A4EDBEA082363879123478E64B7DF7E7B7E6010E7718883FB683A44B84EB309A24111D395D37DD27287D4A488E6451CB0C7092E972E5D7ADE417B1CF847C88FE7130D80985D118F1B97C5EF8EFB15A74D37D288A8153AE239D73AF164AD4644CCFC88991DA335222CCD6036352262194479464104F4E2CC8118518F1DC3B3A0A2566326416A58A6250E71AE85D1CE0F118DC98ED2B968AA9DC321BE8F1954C56642AD46C4543C7FB54F9BAB3533A2D1E642BDB7D784A069D933350862A6FC64B8E79E7B8AB3214ED8EA2D2AD6F02C5CB8F0CC54CC8A58B66CD9D0BC79F36EB5D51146C60E2311B663C6421CC4A7770CE300BF78A05E3C91658CEF7DEF7B234B37D2017F04FD08F271201FE78E288682B82C0EFED36DE31DC76203A018301A5D9A51BC7D3CD6B3CF3E9B7F1F4B4A460B293FF8C10FF229DD6906486C878EE175E4A911118F6546041A116307F9B82C3ED9269D8B25663C750CCF988A73C3145F2FAACD4488E666FA9DC5A667AD19111D854FED69462362BCCF5F2382592266469497496CE8687CB945B566C46DA5DFE39C10342D7B16674534FBA495F178F1B8E977C89EADBF431CDFB061C3F1C96C42FCF6B7BF8D0395530DAE8383591F468ACD8638288F9901D5AE8B770AD3C92C23F8C7417A8C72288FEBA36151AD11513C99649C87A15623228582F28C887412CDF2EDA38112333CD2EFA836232235196216469A065E6C44445889664371DAB74604B3B11191CEF1525EDA50AE8F68D8C5EC8138D963D44FBC2EA47A4DCB1C6A9DF0B1D85C48AF2F7159F99C31E9B6714E99740E9B78EC6826C66B482CF19A8EE7AF11C12C6B46144F60596C2A347202CA5AF7F3119D4C4AF64C8D82685E37EBA33CE3FF8C6F7DEB5BE7CC86903D5B7F67B8B032CEEEDFBFFFCC6434210E1C38100734311BE2B3B6363476B2CA989A9C0ED4E3DDC9681CC48B765C16613B3E6AB31C0A620947CC5488201027878B03F9F8E8CC74E05DEB1C11A929109797A75C571BE54644AD40933E812305965AEF96A6F34A94DF955DB26449FE736F6F6FFE73F176966630DB1A11E5FA4AAF0FA3DD26D57F6A16A44FA688EF8BCDCD74599C38B2FC383185363513CBB59A1A97F111C06946572CB1EAA8F2C91993FDFC35229885CACB34A289705B47E31FC959BEDF4A4D08262B7B568EDBCEA686C1AA55AB26DC8C88FF97BEF39DEF149B10B2E74CD1D9D9B9AEBBBB7BF0F0E1C34D5DA3D1DFDF9F7DED6B5FB32403C61146860F92B35B6EB925FF39CE405F6C3CC4C9E4CA3301E2F6717E877250BFF3CE3BCF7BFC7857F1431FFA50D5DF9DD66697A75517472CD1489FE8516BC454EAE2738BE7DBD7D797BFB31A3FC74C895AFFF6F7BEF7BDE79C8C333D4671F947FAF79583517C0C68B949238C305B1B11F17B635954CC38AA767D3421A37910CBB8366FDE3CEA6C8CF478D1288CD951F11A110DC9989155EDB147ABC3663E7F8D0834239ABA7CA2DAB20F686AF62C340DF237D9C6BB4C23EE579A096149C64C53F9A36DACFCD1061F7FFCF18166CD84B8E4924B862A3BDAFDB62E4C5E1831064CCF46ED1B6A1FCD88E634239ADDD4809AD9B3D83C88733BC4ECBBF8D48B7A3F1D234E4C593C27440CD9736677A7CEFEE8473F3A3A911358FEFAD7BF3E3B7FFEFCA1D8C16C551046841150FB6A1F26DD449753588EC19467CFCA182A37246EBEF9E66CD7AE5DF96C87B46C2366BF1E3A74285FF2B76EDDBA6CE1C285E73420623986EC39C30DAFDB3956D909062A3BC0FF35D280F8F39FFF3CB478F1E23395C738615D0E0823C208A87DB50FD3D28C68744683135332ADD9B3D4546874C89E6DD6A15A133B452CD758B972E5DFB76EDD7AA2AFAF6FF01FFFF8C750341D627DE891234706FFF0873F0CAC59B3E6D4A2458B062BB77D313A51CE500AC28830026A5FEDC3B468747985E518B44CF66CB401217BB6B1EEEEEE395D5D5D9B2B7FE48395F14AE98F3F5819472A634B74B36C2D1046841150FB6A1F664C3362C1F0ED56DB64C89E00C288218CA0F60DB50F1331D6391FD2A7636842008030620823A87D43ED4353D49A19613906000823863082DA37D43E4C4933421302008411431841ED1B6A1FA6A419B1571302008411431841ED1B6A1FA6429C1322EBF0119D00208C18C2086ADF50FB30452EB009004018318411D4BEA1F601004018114640EDAB7D000010460C6104B56FA87D00001046841150FB6A1F00008411431841ED1B6A1F0000614408104650FB86DA07000061441801B5AFF601004018318411D4BEA1F601004018114640EDAB7D000010460C6104B56FA87D000010468411D4BEA1F601004018114640EDAB7D000010460C6104B56FA87D00001046841150FB6A1F00008411431841ED1B6A1F00008A76ECD821040823A87D43ED0300C0D4D8BD7BF7D9FEFE7E41A005465F5FDF7395303260AF44EDAB7D0000685B3B77EEFCB75DBB760DBDF0C20B02C1340791EDDBB7BF52196BEC95A87DB50F00006DAD7200DCBB6DDBB6533135D898B6312088A0F6D53E000000000000000000000000000000000000000000000000000000000000000000000000000033C4FF03053C858B337DD4C20000000049454E44AE426082, 1);
INSERT INTO `act_ge_bytearray` VALUES ('2502', 1, 'SupplierRegister.bpmn20.xml', '2501', 0x3C3F786D6C2076657273696F6E3D22312E302220656E636F64696E673D225554462D38223F3E0A3C646566696E6974696F6E7320786D6C6E733D22687474703A2F2F7777772E6F6D672E6F72672F737065632F42504D4E2F32303130303532342F4D4F44454C2220786D6C6E733A7873693D22687474703A2F2F7777772E77332E6F72672F323030312F584D4C536368656D612D696E7374616E63652220786D6C6E733A7873643D22687474703A2F2F7777772E77332E6F72672F323030312F584D4C536368656D612220786D6C6E733A61637469766974693D22687474703A2F2F61637469766974692E6F72672F62706D6E2220786D6C6E733A62706D6E64693D22687474703A2F2F7777772E6F6D672E6F72672F737065632F42504D4E2F32303130303532342F44492220786D6C6E733A6F6D6764633D22687474703A2F2F7777772E6F6D672E6F72672F737065632F44442F32303130303532342F44432220786D6C6E733A6F6D6764693D22687474703A2F2F7777772E6F6D672E6F72672F737065632F44442F32303130303532342F44492220747970654C616E67756167653D22687474703A2F2F7777772E77332E6F72672F323030312F584D4C536368656D61222065787072657373696F6E4C616E67756167653D22687474703A2F2F7777772E77332E6F72672F313939392F585061746822207461726765744E616D6573706163653D22687474703A2F2F7777772E61637469766974692E6F72672F70726F63657373646566223E0A20203C70726F636573732069643D22537570706C696572526567697374657222206E616D653D22E4BE9BE5BA94E59586E6B3A8E5868CE5AEA1E6A0B82220697345786563757461626C653D2274727565223E0A202020203C73746172744576656E742069643D22737461727422206E616D653D22E5BC80E5A78B223E3C2F73746172744576656E743E0A202020203C757365725461736B2069643D22737570706C69657222206E616D653D22E4BE9BE5BA94E59586E6B3A8E5868C222061637469766974693A61737369676E65653D22237B7573657269647D223E0A2020202020203C657874656E73696F6E456C656D656E74733E0A20202020202020203C6D6F64656C65723A696E69746961746F722D63616E2D636F6D706C65746520786D6C6E733A6D6F64656C65723D22687474703A2F2F61637469766974692E636F6D2F6D6F64656C6572223E3C215B43444154415B66616C73655D5D3E3C2F6D6F64656C65723A696E69746961746F722D63616E2D636F6D706C6574653E0A2020202020203C2F657874656E73696F6E456C656D656E74733E0A202020203C2F757365725461736B3E0A202020203C757365725461736B2069643D227369642D34424430373438442D303434342D344643342D383333432D44334239363442334431304322206E616D653D22E5AEA1E6A0B8E4BABAE59198E5AEA1E689B9222061637469766974693A61737369676E65653D22237B617070726F76657D223E0A2020202020203C657874656E73696F6E456C656D656E74733E0A20202020202020203C6D6F64656C65723A696E69746961746F722D63616E2D636F6D706C65746520786D6C6E733A6D6F64656C65723D22687474703A2F2F61637469766974692E636F6D2F6D6F64656C6572223E3C215B43444154415B66616C73655D5D3E3C2F6D6F64656C65723A696E69746961746F722D63616E2D636F6D706C6574653E0A2020202020203C2F657874656E73696F6E456C656D656E74733E0A202020203C2F757365725461736B3E0A202020203C6578636C7573697665476174657761792069643D22617070726F766522206E616D653D22E5AEA1E689B9223E3C2F6578636C7573697665476174657761793E0A202020203C656E644576656E742069643D22656E6422206E616D653D22E7BB93E69D9F223E3C2F656E644576656E743E0A202020203C73657175656E6365466C6F772069643D227375636365737322206E616D653D22E5908CE6848F2220736F757263655265663D22617070726F766522207461726765745265663D22656E64223E0A2020202020203C636F6E646974696F6E45787072657373696F6E207873693A747970653D2274466F726D616C45787072657373696F6E223E3C215B43444154415B247B617070726F766573746174653D3D337D5D5D3E3C2F636F6E646974696F6E45787072657373696F6E3E0A202020203C2F73657175656E6365466C6F773E0A202020203C73657175656E6365466C6F772069643D227265667573656422206E616D653D22E68B92E7BB9D2220736F757263655265663D22617070726F766522207461726765745265663D22656E64223E0A2020202020203C636F6E646974696F6E45787072657373696F6E207873693A747970653D2274466F726D616C45787072657373696F6E223E3C215B43444154415B247B617070726F766573746174653D3D347D5D5D3E3C2F636F6E646974696F6E45787072657373696F6E3E0A202020203C2F73657175656E6365466C6F773E0A202020203C73657175656E6365466C6F772069643D227369642D45314345433645412D313630322D343044322D413745352D3638464237313441353130432220736F757263655265663D227369642D34424430373438442D303434342D344643342D383333432D44334239363442334431304322207461726765745265663D22617070726F7665223E3C2F73657175656E6365466C6F773E0A202020203C73657175656E6365466C6F772069643D227369642D34343832324337372D383433362D343837382D424638382D3142453630423939434630412220736F757263655265663D22737570706C69657222207461726765745265663D227369642D34424430373438442D303434342D344643342D383333432D443342393634423344313043223E3C2F73657175656E6365466C6F773E0A202020203C73657175656E6365466C6F772069643D227369642D35304235303832352D443430372D343943392D383941302D4134343543344132433143442220736F757263655265663D22737461727422207461726765745265663D22737570706C696572223E3C2F73657175656E6365466C6F773E0A20203C2F70726F636573733E0A20203C62706D6E64693A42504D4E4469616772616D2069643D2242504D4E4469616772616D5F537570706C6965725265676973746572223E0A202020203C62706D6E64693A42504D4E506C616E652062706D6E456C656D656E743D22537570706C6965725265676973746572222069643D2242504D4E506C616E655F537570706C6965725265676973746572223E0A2020202020203C62706D6E64693A42504D4E53686170652062706D6E456C656D656E743D227374617274222069643D2242504D4E53686170655F7374617274223E0A20202020202020203C6F6D6764633A426F756E6473206865696768743D2233302E30222077696474683D2233302E302220783D2237352E302220793D223136352E30223E3C2F6F6D6764633A426F756E64733E0A2020202020203C2F62706D6E64693A42504D4E53686170653E0A2020202020203C62706D6E64693A42504D4E53686170652062706D6E456C656D656E743D22737570706C696572222069643D2242504D4E53686170655F737570706C696572223E0A20202020202020203C6F6D6764633A426F756E6473206865696768743D2238302E30222077696474683D223130302E302220783D223238352E302220793D223134302E30223E3C2F6F6D6764633A426F756E64733E0A2020202020203C2F62706D6E64693A42504D4E53686170653E0A2020202020203C62706D6E64693A42504D4E53686170652062706D6E456C656D656E743D227369642D34424430373438442D303434342D344643342D383333432D443342393634423344313043222069643D2242504D4E53686170655F7369642D34424430373438442D303434342D344643342D383333432D443342393634423344313043223E0A20202020202020203C6F6D6764633A426F756E6473206865696768743D2238302E30222077696474683D223130302E302220783D223534302E302220793D223134302E30223E3C2F6F6D6764633A426F756E64733E0A2020202020203C2F62706D6E64693A42504D4E53686170653E0A2020202020203C62706D6E64693A42504D4E53686170652062706D6E456C656D656E743D22617070726F7665222069643D2242504D4E53686170655F617070726F7665223E0A20202020202020203C6F6D6764633A426F756E6473206865696768743D2234302E30222077696474683D2234302E302220783D223733352E302220793D223136302E30223E3C2F6F6D6764633A426F756E64733E0A2020202020203C2F62706D6E64693A42504D4E53686170653E0A2020202020203C62706D6E64693A42504D4E53686170652062706D6E456C656D656E743D22656E64222069643D2242504D4E53686170655F656E64223E0A20202020202020203C6F6D6764633A426F756E6473206865696768743D2232382E30222077696474683D2232382E302220783D223930302E302220793D223136362E30223E3C2F6F6D6764633A426F756E64733E0A2020202020203C2F62706D6E64693A42504D4E53686170653E0A2020202020203C62706D6E64693A42504D4E456467652062706D6E456C656D656E743D2272656675736564222069643D2242504D4E456467655F72656675736564223E0A20202020202020203C6F6D6764693A776179706F696E7420783D223735352E352220793D223136302E35223E3C2F6F6D6764693A776179706F696E743E0A20202020202020203C6F6D6764693A776179706F696E7420783D223735352E352220793D223131312E30223E3C2F6F6D6764693A776179706F696E743E0A20202020202020203C6F6D6764693A776179706F696E7420783D223931342E302220793D223131312E30223E3C2F6F6D6764693A776179706F696E743E0A20202020202020203C6F6D6764693A776179706F696E7420783D223931342E302220793D223136362E30223E3C2F6F6D6764693A776179706F696E743E0A2020202020203C2F62706D6E64693A42504D4E456467653E0A2020202020203C62706D6E64693A42504D4E456467652062706D6E456C656D656E743D2273756363657373222069643D2242504D4E456467655F73756363657373223E0A20202020202020203C6F6D6764693A776179706F696E7420783D223737342E353630313236353832323738352220793D223138302E3433393837333431373732313531223E3C2F6F6D6764693A776179706F696E743E0A20202020202020203C6F6D6764693A776179706F696E7420783D223930302E303030303639363538383435392220793D223138302E3034343136333831383131303932223E3C2F6F6D6764693A776179706F696E743E0A2020202020203C2F62706D6E64693A42504D4E456467653E0A2020202020203C62706D6E64693A42504D4E456467652062706D6E456C656D656E743D227369642D45314345433645412D313630322D343044322D413745352D363846423731344135313043222069643D2242504D4E456467655F7369642D45314345433645412D313630322D343044322D413745352D363846423731344135313043223E0A20202020202020203C6F6D6764693A776179706F696E7420783D223634302E302220793D223138302E31353130353734303138313237223E3C2F6F6D6764693A776179706F696E743E0A20202020202020203C6F6D6764693A776179706F696E7420783D223733352E3433393339333933393339342220793D223138302E3433393339333933393339333934223E3C2F6F6D6764693A776179706F696E743E0A2020202020203C2F62706D6E64693A42504D4E456467653E0A2020202020203C62706D6E64693A42504D4E456467652062706D6E456C656D656E743D227369642D34343832324337372D383433362D343837382D424638382D314245363042393943463041222069643D2242504D4E456467655F7369642D34343832324337372D383433362D343837382D424638382D314245363042393943463041223E0A20202020202020203C6F6D6764693A776179706F696E7420783D223338352E302220793D223138302E30223E3C2F6F6D6764693A776179706F696E743E0A20202020202020203C6F6D6764693A776179706F696E7420783D223534302E302220793D223138302E30223E3C2F6F6D6764693A776179706F696E743E0A2020202020203C2F62706D6E64693A42504D4E456467653E0A2020202020203C62706D6E64693A42504D4E456467652062706D6E456C656D656E743D227369642D35304235303832352D443430372D343943392D383941302D413434354334413243314344222069643D2242504D4E456467655F7369642D35304235303832352D443430372D343943392D383941302D413434354334413243314344223E0A20202020202020203C6F6D6764693A776179706F696E7420783D223130352E302220793D223138302E30223E3C2F6F6D6764693A776179706F696E743E0A20202020202020203C6F6D6764693A776179706F696E7420783D223238352E302220793D223138302E30223E3C2F6F6D6764693A776179706F696E743E0A2020202020203C2F62706D6E64693A42504D4E456467653E0A202020203C2F62706D6E64693A42504D4E506C616E653E0A20203C2F62706D6E64693A42504D4E4469616772616D3E0A3C2F646566696E6974696F6E733E, 0);
INSERT INTO `act_ge_bytearray` VALUES ('2503', 1, 'SupplierRegister.SupplierRegister.png', '2501', 0x89504E470D0A1A0A0000000D49484452000003AA000000E60806000000DC0E78940000161E4944415478DAEDDD698C54559B00E0CAF819F587714C34C618634CFC618C31C68418E312C7F9E1F8F9C3B8C4B6BB4189A210E2022E131D17407068B7711B4751E3A7C468FC8C0B435CD95A11358E2232E8F8411495D5260C2208B274DFA9B7D2B7E7525DD55DBD54D1DDF53CC9491755B7166E9FB7FA7DEF39E7DE5C0E00000000000000000000000000000000000000000000000000000000000000000000000000000000000000000000000000000000000000000000000000000000000000000000000000000000000000000000000000000000000000000000000000000000000000000000000000000000000000000000000000000000000000000000000000000000000000000000000000000000000000000000000000000000000000000000000000000000000000000000000000000000000000000000000000000000000000000000000000000000000000000000000000000000000000000000000000000000000000000000000000000000000000000000000000000000000000000000000000000000000000000000000000000000000000000000000000000000000000000000000000000000000000000000000000000000000000000000000000000000000000000000000000000000000000000000000000000000000000000000000000000000000000000000000000000000000000000000000000000000000000000000000000000000000000000000AAEB8A2BAE48346D7F3511080000942C54ED05F43D000040B180BEA7EF0100008A05F43D000040B100FA1E0000A05840DF030000140BA0EF0100008A05F43D000040B100FA1E0000A05840DF030000140BA0EF0100008A05F43D000040B1A05840DF030000140BA0EF0100008A05F43D000040B100FA1E0000A05840DF030000140BA0EF0100008A05F43D000040B100FA1E0000A05840DF030000140BA0EF0100008A05F43D000000C502FA1E0000A058007D0F0000502CA0EF0100008A05D0F7000000C502FA1E0000A058007D0F204992837FF8E187359F7EFA69B260C18264DEBC795A8DDBFCF9F3938F3EFAA823DF9ED22311FB621FC502E87B40DD8B4475F1E2C5495B5B5BB26BD72E6D3FB54D9B3625ADADAD1DF9C4F521BD12B12FF6512C80BE07D4B5184D91A80E9D8475DEBC79BBF44AC4BED847B100FA1E50D762CA9F4471E8B4980EA85722F6C53E8A05D0F780BA16C9912451B28AD8D7C43E8A05F43D806197AC6EFF7543F2C37FFD25F966FEBD8516B7E33E09A66415B1AF897D140BE87B00354F56B76D5997AC78FFEEE4EBB76FDBA7C57DF1982453B28AD8D7C43E8A05F43D809A26AB6BBEF9CF6E896ADAD67E335792295945EC6B621FC502FA1E406D93D5FF59747FD964351E93644A5611FB9AD847B180BE0750D36475C5BCA96593D5784C92295945EC6B621FC502FA1E806455B20A625FECA358007D0FA8DF6435CEF4592E598DC724999255C4BE26F6512CA0EF01D434595DB5E4DFCB26ABF1982453B28AD8D7C43E8A05F43D809A26AB9BD72D4F567C30A5FBD4BFFC7DF1982453B28AD8D7C43E8A05F43D809A26ABD1567F31BB5BB21AF7493025AB887D4DECA35840DF03A87DB2FAC71FC9AA4F9EEA3EF52F7F5F3C26C994AC22F635B18F62017D0FA066C9EAB62DEB92954B9E28BB4E2D1E8B6D249A9255C4BE26F6512C50B37EB631FA5A2F6DBB3D058CBC64F58F3F920DAB1626FFFDDEBF944D54D316DBC4B6465824AB887D4DEC2B2014AAD4A49F8DE9AD506D686898664F01232A59ED6D24C5088B6415B12FF6C53E0A55F67B5FDBD443A1BAEDDC73CF3DD85E024654B25AC9484A4F232C924EC92A625F13FB0A55A87A5F2B3BAADAD8D838D31E02465CB2DADF44356D924EC92A625F13FB75EAAECE42F52EBB821A15ABA5D6AA6E379A0A8CC8645593AC22F635B14F9FFD73BE75E4DBD2CE9FD607528B42758CB5A980645593AC22F635B14F4F456A5A20C4886ABB62951A15ABEB8DA60292554DB28AD8D7C43E3D15A9BDDD0F83AAA1A1615CA65035ED1C90AC6A9255C4BE26F6EBDC5DBD14A3E9E38A07AA2A5DAB6A3475184992E4EF972F5FFED2ECD9B37F6D6969E9B8F1C61B93B163C7168E388C1E3D3A9938716272E79D77EEB9FFFEFB7F78E08107FEC91E43B2AA495611FB9AD8A70F456A6F45A89155065D7373F3A8868686BFE66B9A358D8D8DBB8BD6A9EEE99C0E3C37B6B3B7866081FAFAEBAF7F3F7DFAF464D2A449C9AC59B392CF3EFB2C59B76E5DB273E7CE24C4CFB6B6B6E4CB2FBF4C5E7CF1C5E4A69B6E4A264F9EBCE7BAEBAE7BC11E44B2AA495611FB9AD8A797E2F3AE2A6D0F25C56567F205E8E6FCCFA4876BA8165FAA664B5353D353F6DE10902F48FF3263C68CE4B6DB6E2B14A17BF7EE4D2AB56CD9B2E4F6DB6F4FC68F1FBFEBB2CB2EFB477B13C9AA265945EC6B629F1245E7B47E3E4FB14A7F0AD4B3F26D53A5C56999B6557DB39FE4EBCC83E7CC99B365C28409C9DCB973FB54A0167BEFBDF7926BAEB92631BA8A645593AC22F635B1CF008BD4C17A3E75A8A1A1E1F1A6A6A68E6CD1D9DCDC9CCC9C393359B87061F2F3CF3F27BFFDF65BA186F9FDF7DF0B3348972C59923CF2C823C99831638A8BD50EA3ABFBA1485DB468D1F61B6EB82159B9726532187EFCF1C7248ADE71E3C6BD6A0F2359D524AB887D4DECD7B5DE4E9C54EBD7A13E8AD469D969BE51A0BEF4D24B85E58B95D8B2654B61FB785ED174E017EDDD1A8991D428522BFDA5552A5EEFDA6BAF75E401C9AA265945EC6B625F913A58D3768DAC524991FA78B648BDF9E69B0BA3A7FD11CF8B6591D962557D5303B12635463E076B24B5D4C8EA983163A258FDB3BD8D645593AC22F635B15F578AD796FE5DBE3DDBF9B32F8A9F67CD2A65C59AD4EC74DF2953A6744DEFEDAF98167CDF7DF7154F0356DF544B9CDDF7DE7BEF2DAC49ADA677DE79A7A3B9B9799B3D8E645593AC22F635B15F7745EAB44CB1F9B748413B7F565AAC967B9E62957285EAE6EC48EA408BD46CB15A34B2BAD5DEAE9237DE786375ECECDDBB7727D53671E2C47643E4485635C92A625F13FB7559A486673B8BCDA40FC56AB6484DDBACCCE3D6AC525CA4CECCAE49EDEF74DF9EA60167D7ACAA6FAA204653E33AA971099A5AF8FAEBAF13A3AA485635C92A625F13FB235EB9E2B154D1D953B15AE9F6D6ACD225AE939A16917122A46A78E595578CAA56D3F2E5CB5F8A13280DE432347D75F5D557B7C79C717B9FE1F02597EFAB1325AB9255C4BED817FB62A15F45EA5D032C3EFB5AD49A06AC4FE69A9B9B47A527508A51CFCD9B3757A5A689B301672F5DA3BE1964B367CFFEF5B9E79E4B6AE991471ED991FF65CEB5F719065F86E997CFE6868686719255C92A625FEC8B7DB1D0AB4A8BC5DE8AD0BE16A9D9F76FCF1959ADDB3E99BFFFAFE9760F3CF040B5EB9AECA8AAFA6630B5B4B4747CF6D967352D543FF9E4933DF95FE4467B9F61F46598B64DA58EE2495625AB887D4DECD7732C9428522B2D12CB15A37FEA67919AB266B58EFB64FEBE35E9E3ADADAD55AD6B962C5992FD2CEA9BC174E38D37261B366CA869A1BA71E3C6F6FC2F72AFBDCF30FC32EC3A8A97FD5294AC4A5611FB9AD8AFE758E86791DA53B1BA6B0045EA403F0FC3BC4FE67FEE4EEF1FEC9328155BB76E5DF633A86F06D3D8B163939D3B77D6B4508DF78B5FA6BDCF30FE32EC3A8A17D34E24AB9255C4BE26F6EB391672031FC12C55AC0EA4482D2E56AD59ADA33E99FDF7605D92A6A74BD564DFCF6F68907FD9FB43059D4CD3864D93AC0EADA64F6A625FEC6BB56B975C72495A502E1D605AFAA71223A9BB3AEF1F88A57E4FF5DB6A5DD7A82E07D155575D55F311D51D3B76B4FB4532CC8FDA6D6F68689876EEB9E71E1CDB5533598D3FD49F7EFA69F2F6DB6F27279D7452D77DAFBEFA6A8FCFDBBA756B61BBD9B36757FC3ED3A64D2BFBF8AA55AB920F3EF8A0DB73C68D1B57F639F199E7CC99931C7AE8A1C9134F3C917CF1C517C945175D54B82F9E1BAF695405B1BF6F4C3DF4D043BD6E73F5D557778BF54A3E4B6CD7D4D454510C459C5E79E5958596C6ECA2458B06E5F3DF7AEBAD85DBF13D1639487A7F5C4242EC0FCF58C8F57E965F23AAD4AC4FE66F7718511D01AEBFFEFA9AAF515DBF7EFD2E73B819A65F86C57F9873D52C54972F5F5EF823BD76EDDA42A2982D54DF7CF3CD6EDB9E79E699C9E5975FBE4F62991686CF3CF34CE1DF9F7FFE79E134EDE79C734EA1A5DB3EFAE8A385C7274D9A54F87714B8F1EF7CBCEE9360C6F6E9BFE373C57D0B162C289B90A6FF87284A478D1A955C70C1055D8FBDF6DA6B0A55EA3AF63FFCF0C3AE82307E1E7DF4D1C9D9679F5DB81DEDF5D75F4F8E3FFEF86E7115CB76A2404DB78DFB264C98D075FBBBEFBE2B1B93E79D775E45056D717C96FADEE9EFE78FAB0DA4B7D38369951C8013FB4337168A8A426B54D9AF7DD21AD511E2EEBBEFDE5DEBB3FEBEFFFEFB6DCE8AC530FB32DC96FFD29B59E60F73D50AD5F8E3BC6CD9B2C2C8643E5693A38E3AAA2B117DFEF9E70B3F376DDA54D8360ACA5C05231E69DBB66D5BE1678C924632997DCFF83F977A4E8C88A623ABA3478F2EB434214D0BDB9F7EFAA96CA17AC6196724E79F7FBE4215B19F89916C7116FF9E3E7D7AD7BF0F3CF0C0E48E3BEE28DC8E588F583BE0800392534E3925696969298C462E5DBAB4F0BCF859C9FB1D79E491156D1707BE8A4754E3EC96FDFDFCAB57AFEE7A9D3848967E67A44575F6FBE2B1C71E13FBC32C164A1487958E603AEB2F83DE279DF5778478F0C107FF56EBEBA84E9D3AB5CD758618265F863D1D39AE6AA11A4561FC618E6434A695F436A29A16AAE9F4DD152B5624DF7EFB6DD9919428806374334D1C638426BD1D85EB31C71CD335D211AF13F747525C9C10972A38376EDCD8ADA08ED78AD78CD195F4B16831BAAB50A55E633F0E18C58C84F4804FAE735A6FDCBEF8E28BF799C1102D8DC1982951EA8056DC5EB3664DC9F74A9F7BD04107F5F899E2F3A49F235BA846817BE289270EE8F3971A518D037071F02B6EC7F7438CD28AFDE1170B658AD5DE8AC46A5D47754CCE7554EBBA4FBA8EEA0871CF3DF7FC434CFFDDBB776FCD0AD5A6A6A6DD8D8D8D67D9FB8C14835DA846F2F7F4D34F17FE28C72844DC5769A11A095F6C9B6EF7C20B2F74DD8E2FEBECFAD1281CD3C75E7EF9E5C2884D8CC8C6F4E0134E38A16B1D59BA4D3C2746737A9B22984D8AA360CE758EA89E7CF2C985A9C9465411FBA563286EA7F1FBEEBBEF26871D7658C9B88A3677EEDCC2CF986E1BF11BB7172F5E5CF67D62AD7B6C73F8E18777AD0B2DF779D202F3FBEFBFEF76C0ABD494E04A3F7FBA4D8CA8A607E3E273A5F7C75A76B13F62F436A2596911DAD762352D9267FA15D4AFE6E6E65169F198BF5D38285E0D5BB66C29CC2E4BDF4B7D530593274FDEFDE5975FD66ADAEFEAFC2F72ABBD8E64B57C4BA7CFC61FE448F622F12B9EFA1B0568B660ED4CD0BA9E17A3124F3EF96472C4114774AD258DC4307D8F78DD287CE379871C72481207ACD26238D6B3C634DDEC14BE18D58DF78AC4355EE7D24B2FED366A1AEB5C8B13D27434360AD5745B852A62BFFB34DBE211C92840B323A7E9C987D2EF85E38E3BAE30921AB199EB9CE990EB5CABDAD3FAD43818957E5794DB2E6658C4ED9809912D36CB15AA957CFE98D61B07BF629BF88E2955E45AA33AE2941B59ED6BF159E9F68A54BAC47555D302324ED4560DAFBCF24A7634557D530DD75C73CDBFDD72CB2DB51855ED686A6ADA916F4FD9EB4856FBB67E2D8EDAC594DAB85D6ABA6CAC598B963E2FD682C66866248131652F1DB5C816AA9148A6DBC7E84CF13AB134592D2E3CB3A3313D159CB9A211D55C660DAD4215B1DFF74235EE3BF6D863BB4E6016B320E2397100299D3E1B31576E8643F640512C2BE86D44356EDF7CF3CD8352A8C6F7577CCE5C66D4B5B850CD9E404EEC8F1831B25A3C0DF7D95CDFA7F3962A566715BD8F35A97489F5ABD951D5C13EA952BC5EBC6EFA1EEA9B2A1A3F7EFCCE4854AB29D6C3C6D1863EAE7380BA2E54D311D3B87DFAE9A7779D002957342292CB5CDA2192BC382368F1256E7A2A54F371D99568C6886EB6504D93CB52276129577046419AFDEC69A19A8EEA2A5411FBFF1F8BD9784A8BB838C95076DA6D2C0388D1D3987E1FC560147531AA1A8FA5D380CB9D50295774C6EE1889CD95B97C55AE739D7A1C104B0F6245ECC7F7422C0BE8EFE72FB74635FE1FE934E0F83FC6F7424F5393C5FEB02D56B32758CA169D7D394152B9E7B9040DE58AD52D69211907DD06EB5235F15D1C837CD9D154F54D757F9167C51FBE952B5756A548CDFF21DA907F8FF6A6A6A63FDBDB48562B2F54637424D67646CB3E969E31331D3DC9754EF78D35A0D94BD49C76DA6985F56051C4E63223B4C56B54D3B56D717FF1F4BF68710296B8EC4424C271929468D9A9BF5194E63AD7B1A6CF8FA4333D314BFC8CFF434C594E4781D26D15AA88FDEE855E25D7424D8BC9F4CCBA71FBC20B2FECB67DC46BF1EBA4DF0971902A92AEE2E507B9CC74FE384153ACC3CA9538F36FA59F3FD6DE47CB15AD9DCF654ED43665CA947DFE3F627F44299E061C45E6AC5CDF2F3953FCBC815EBF95115EDFE48BC8F6B4A08CEF988116ABF17D3963C68C6C91DAA1BEA981FC1FA1FF183F7E7CD2D6D636A8456AFE0FDCD67C47D963481CC96ADF93D6183D4DAF3D5AEAF118E188D1883899525F46216294E4D4534F2DF958BA0E2E3BE299EB3C014A71425BAAC5484AF1D4BD746A714CFF8BD78AA2B71AFB4CB24A3D14AAF1BE71602AD692977A3C0E3C457119EBDA8B4FBC563C1A9ABE5E7C7FC401A588FB18A9CDCECAC8BE765C6BB9BF9F3F466A734527502A9EED21F6EBAA581DA852D38A611F0D0D0D8F67AFBB1A23ABFD9D061CCF2B1A4935E5B7C6C5EAF3D75E7B6DC7608DAC768EA4EEC97792F7EC5D24AB5A2D9A6415B12FF619F1C5EA6017BD8C60F982F2B96C71196B4B6356499CFFA3D2B3FBC68993B26B52A3A96FF6D391877CC1DAF1D65B6F750CE0044B1D0F3FFCF0AA98EE1B9DC35E45B2AA495611FB9AD82737F0E9BAA6FBD2AFFA26DF3A8A0BD6B8745F6B6B6B61B4349D161CB3C7D6AD5B5758EAF0F8E38F27575D75D53E056A4CF755DFEC4731A7BBA9A9E97F274C98D0FED5575FF5A942CDFFA1F8295FE86E8F85C5E66C2359D524AB887D4DEC53A6D8ECEB88A8132731A0FA267BD99A7E36F5CD103AFAF05014AC63C78E6D6F6969F9E3E38F3FDEBB76EDDABDB19625ECD8B1A37DFDFAF5BBE6CF9FFFCBD4A95337E5B7DD13BFC038CAE0EC57485635C92A625F13FBF452744EABD2F650B6BEE947C1AABE19AA9A9B9B47353636BE99FF05ADC9B73D45BFB8BDF9B631DFE6C6910A7B0BC9AA265945EC6B629F412C3EC7746E37D32E437D03205995AC82D817FB545B6F6B4ED3B3FB2A520140B22A5905B12FF6A9997223ABA6FB02806455B20A625FEC33648A55452A00485625AB20F6C53E43A6585DAA480500C9AA6415C4BED867A88835A949CE25680040B22A5905B12FF619428EB30B0040B22A5905B12FF6010024AB9A6415B1AF897D0000C9AA6415C4BED8070090AC6A9255C4BE26F6010024AB925510FB621F0040B22A4994AC22F635B10F002059D524AB887D4DEC0300485625AB20F6C53E0080645593AC22F635B10F00205995AC82D817FB000092554DB28AD8D7C43E00806455B20A625FEC0300485635C92A625F13FB00009255C92A887DB10F002059D524AB887D4DEC0300D4DE82050B24899255C4BE26F60100868EC58B17B7B7B5B5491487405BBB76ED4FF96475975E89D817FB0000756DE1C285FFDADADADAF1CB2FBF4818F773A23A7FFEFC3DF9F6905E89D817FB0000752F9F204D9B376FDEF6987AA6EDB7B64BA28AD817FB000000000000000000000000000000000000000000000000000000000000000000C010F07FFE500CB3DE01D5260000000049454E44AE426082, 1);
INSERT INTO `act_ge_bytearray` VALUES ('4', 2, 'source', NULL, 0x7B227265736F757263654964223A2233222C2270726F70657274696573223A7B2270726F636573735F6964223A2254656E646572696E674170706C7950726F6A656374222C226E616D65223A22E68B9BE6A087E59586E794B3E8AFB7E68B9BE6A087E9A1B9E79BAEE5AEA1E6A0B8222C22646F63756D656E746174696F6E223A22222C2270726F636573735F617574686F72223A22737973222C2270726F636573735F76657273696F6E223A22222C2270726F636573735F6E616D657370616365223A22687474703A2F2F7777772E61637469766974692E6F72672F70726F63657373646566222C22657865637574696F6E6C697374656E657273223A22222C226576656E746C697374656E657273223A22222C227369676E616C646566696E6974696F6E73223A22222C226D657373616765646566696E6974696F6E73223A22227D2C227374656E63696C223A7B226964223A2242504D4E4469616772616D227D2C226368696C64536861706573223A5B7B227265736F757263654964223A227369642D39424532453737322D303735462D344245302D394343422D464437313246383738463145222C2270726F70657274696573223A7B226F766572726964656964223A227374617274222C226E616D65223A22E5BC80E5A78B222C22646F63756D656E746174696F6E223A22222C22657865637574696F6E6C697374656E657273223A22222C22696E69746961746F72223A22222C22666F726D6B6579646566696E6974696F6E223A22222C22666F726D70726F70657274696573223A22227D2C227374656E63696C223A7B226964223A2253746172744E6F6E654576656E74227D2C226368696C64536861706573223A5B5D2C226F7574676F696E67223A5B7B227265736F757263654964223A227369642D44434146434346432D303132462D344646312D383938382D313145383236333034314245227D5D2C22626F756E6473223A7B226C6F7765725269676874223A7B2278223A3132322E37352C2279223A3135317D2C2275707065724C656674223A7B2278223A39322E37352C2279223A3132317D7D2C22646F636B657273223A5B5D7D2C7B227265736F757263654964223A227369642D46323043323646322D394444312D343242312D383442362D363041354233314535373343222C2270726F70657274696573223A7B226F766572726964656964223A226170706C7970726F6A656374222C226E616D65223A22E68B9BE6A087E59586E794B3E8AFB7E9A1B9E79BAE222C22646F63756D656E746174696F6E223A22222C226173796E6368726F6E6F7573646566696E6974696F6E223A2266616C7365222C226578636C7573697665646566696E6974696F6E223A2266616C7365222C22657865637574696F6E6C697374656E657273223A22222C226D756C7469696E7374616E63655F74797065223A224E6F6E65222C226D756C7469696E7374616E63655F63617264696E616C697479223A22222C226D756C7469696E7374616E63655F636F6C6C656374696F6E223A22222C226D756C7469696E7374616E63655F7661726961626C65223A22222C226D756C7469696E7374616E63655F636F6E646974696F6E223A22222C226973666F72636F6D70656E736174696F6E223A2266616C7365222C22757365727461736B61737369676E6D656E74223A7B2261737369676E6D656E74223A7B2261737369676E6565223A22237B7573657269647D227D7D2C22666F726D6B6579646566696E6974696F6E223A22222C2264756564617465646566696E6974696F6E223A22222C227072696F72697479646566696E6974696F6E223A22222C22666F726D70726F70657274696573223A22222C227461736B6C697374656E657273223A22227D2C227374656E63696C223A7B226964223A22557365725461736B227D2C226368696C64536861706573223A5B5D2C226F7574676F696E67223A5B7B227265736F757263654964223A227369642D42383136393435342D463342462D343136452D393737362D314242314146394133464131227D5D2C22626F756E6473223A7B226C6F7765725269676874223A7B2278223A3431352C2279223A3137367D2C2275707065724C656674223A7B2278223A3331352C2279223A39367D7D2C22646F636B657273223A5B5D7D2C7B227265736F757263654964223A227369642D44434146434346432D303132462D344646312D383938382D313145383236333034314245222C2270726F70657274696573223A7B226F766572726964656964223A22222C226E616D65223A22222C22646F63756D656E746174696F6E223A22222C22636F6E646974696F6E73657175656E6365666C6F77223A22222C22657865637574696F6E6C697374656E657273223A22222C2264656661756C74666C6F77223A2266616C7365227D2C227374656E63696C223A7B226964223A2253657175656E6365466C6F77227D2C226368696C64536861706573223A5B5D2C226F7574676F696E67223A5B7B227265736F757263654964223A227369642D46323043323646322D394444312D343242312D383442362D363041354233314535373343227D5D2C22626F756E6473223A7B226C6F7765725269676874223A7B2278223A3331342E373630373432313837352C2279223A3133367D2C2275707065724C656674223A7B2278223A3132322E3831383335393337352C2279223A3133367D7D2C22646F636B657273223A5B7B2278223A31352C2279223A31357D2C7B2278223A35302C2279223A34307D5D2C22746172676574223A7B227265736F757263654964223A227369642D46323043323646322D394444312D343242312D383442362D363041354233314535373343227D7D2C7B227265736F757263654964223A227369642D42314346443246462D314645302D344443422D383237342D424541433530454432414144222C2270726F70657274696573223A7B226F766572726964656964223A22617070726F7665222C226E616D65223A22E5AEA1E6A0B8E4BABAE59198E5AEA1E6A0B8222C22646F63756D656E746174696F6E223A22222C226173796E6368726F6E6F7573646566696E6974696F6E223A2266616C7365222C226578636C7573697665646566696E6974696F6E223A2266616C7365222C22657865637574696F6E6C697374656E657273223A22222C226D756C7469696E7374616E63655F74797065223A224E6F6E65222C226D756C7469696E7374616E63655F63617264696E616C697479223A22222C226D756C7469696E7374616E63655F636F6C6C656374696F6E223A22222C226D756C7469696E7374616E63655F7661726961626C65223A22222C226D756C7469696E7374616E63655F636F6E646974696F6E223A22222C226973666F72636F6D70656E736174696F6E223A2266616C7365222C22757365727461736B61737369676E6D656E74223A7B2261737369676E6D656E74223A7B2261737369676E6565223A22237B617070726F76657D227D7D2C22666F726D6B6579646566696E6974696F6E223A22222C2264756564617465646566696E6974696F6E223A22222C227072696F72697479646566696E6974696F6E223A22222C22666F726D70726F70657274696573223A22222C227461736B6C697374656E657273223A22227D2C227374656E63696C223A7B226964223A22557365725461736B227D2C226368696C64536861706573223A5B5D2C226F7574676F696E67223A5B7B227265736F757263654964223A227369642D35324243463636362D323943442D344439382D393241312D443743363037354335333531227D5D2C22626F756E6473223A7B226C6F7765725269676874223A7B2278223A3637302C2279223A3137367D2C2275707065724C656674223A7B2278223A3537302C2279223A39367D7D2C22646F636B657273223A5B5D7D2C7B227265736F757263654964223A227369642D42383136393435342D463342462D343136452D393737362D314242314146394133464131222C2270726F70657274696573223A7B226F766572726964656964223A22222C226E616D65223A22222C22646F63756D656E746174696F6E223A22222C22636F6E646974696F6E73657175656E6365666C6F77223A22222C22657865637574696F6E6C697374656E657273223A22222C2264656661756C74666C6F77223A2266616C7365227D2C227374656E63696C223A7B226964223A2253657175656E6365466C6F77227D2C226368696C64536861706573223A5B5D2C226F7574676F696E67223A5B7B227265736F757263654964223A227369642D42314346443246462D314645302D344443422D383237342D424541433530454432414144227D5D2C22626F756E6473223A7B226C6F7765725269676874223A7B2278223A3536392E313935333132352C2279223A3133367D2C2275707065724C656674223A7B2278223A3431352E383034363837352C2279223A3133367D7D2C22646F636B657273223A5B7B2278223A35302C2279223A34307D2C7B2278223A35302C2279223A34307D5D2C22746172676574223A7B227265736F757263654964223A227369642D42314346443246462D314645302D344443422D383237342D424541433530454432414144227D7D2C7B227265736F757263654964223A227369642D38373832303846312D463843412D343130432D393644372D374443414546364643323441222C2270726F70657274696573223A7B226F766572726964656964223A227374617274617070726F7665222C226E616D65223A22E588A4E696ADE69DA1E4BBB6E7BD91E585B3222C22646F63756D656E746174696F6E223A22222C226173796E6368726F6E6F7573646566696E6974696F6E223A2266616C7365222C226578636C7573697665646566696E6974696F6E223A2266616C7365222C2273657175656E6365666C6F776F72646572223A22227D2C227374656E63696C223A7B226964223A224578636C757369766547617465776179227D2C226368696C64536861706573223A5B5D2C226F7574676F696E67223A5B7B227265736F757263654964223A227369642D43443032304245452D434242322D344633362D423138372D304637333646393141343532227D2C7B227265736F757263654964223A227369642D46373943333737462D324441352D344532422D383931442D303042304431344333354242227D5D2C22626F756E6473223A7B226C6F7765725269676874223A7B2278223A3838302C2279223A3135367D2C2275707065724C656674223A7B2278223A3834302C2279223A3131367D7D2C22646F636B657273223A5B5D7D2C7B227265736F757263654964223A227369642D35324243463636362D323943442D344439382D393241312D443743363037354335333531222C2270726F70657274696573223A7B226F766572726964656964223A22222C226E616D65223A22222C22646F63756D656E746174696F6E223A22222C22636F6E646974696F6E73657175656E6365666C6F77223A22222C22657865637574696F6E6C697374656E657273223A22222C2264656661756C74666C6F77223A2266616C7365227D2C227374656E63696C223A7B226964223A2253657175656E6365466C6F77227D2C226368696C64536861706573223A5B5D2C226F7574676F696E67223A5B7B227265736F757263654964223A227369642D38373832303846312D463843412D343130432D393644372D374443414546364643323441227D5D2C22626F756E6473223A7B226C6F7765725269676874223A7B2278223A3833392E373731343836353336313137382C2279223A3133362E34353639303533373734313339367D2C2275707065724C656674223A7B2278223A3637302E373931303133343633383832322C2279223A3133362E31303535393436323235383630347D7D2C22646F636B657273223A5B7B2278223A35302C2279223A34307D2C7B2278223A32302E352C2279223A32302E357D5D2C22746172676574223A7B227265736F757263654964223A227369642D38373832303846312D463843412D343130432D393644372D374443414546364643323441227D7D2C7B227265736F757263654964223A227369642D35314541433645302D323532442D344344342D423432302D453341363335463345434131222C2270726F70657274696573223A7B226F766572726964656964223A22656E64222C226E616D65223A22E7BB93E69D9F222C22646F63756D656E746174696F6E223A22222C22657865637574696F6E6C697374656E657273223A22227D2C227374656E63696C223A7B226964223A22456E644E6F6E654576656E74227D2C226368696C64536861706573223A5B5D2C226F7574676F696E67223A5B5D2C22626F756E6473223A7B226C6F7765725269676874223A7B2278223A313034382C2279223A3135307D2C2275707065724C656674223A7B2278223A313032302C2279223A3132327D7D2C22646F636B657273223A5B5D7D2C7B227265736F757263654964223A227369642D46373943333737462D324441352D344532422D383931442D303042304431344333354242222C2270726F70657274696573223A7B226F766572726964656964223A22222C226E616D65223A22E5908CE6848F222C22646F63756D656E746174696F6E223A22222C22636F6E646974696F6E73657175656E6365666C6F77223A22247B617070726F766573746174653D3D337D222C22657865637574696F6E6C697374656E657273223A22222C2264656661756C74666C6F77223A2266616C7365227D2C227374656E63696C223A7B226964223A2253657175656E6365466C6F77227D2C226368696C64536861706573223A5B5D2C226F7574676F696E67223A5B7B227265736F757263654964223A227369642D35314541433645302D323532442D344344342D423432302D453341363335463345434131227D5D2C22626F756E6473223A7B226C6F7765725269676874223A7B2278223A313031392E343435333136363532343837372C2279223A3133362E34343234333036363735383634327D2C2275707065724C656674223A7B2278223A3838302E343736353538333437353132332C2279223A3133362E30343139343433333234313335387D7D2C22646F636B657273223A5B7B2278223A32302E352C2279223A32302E357D2C7B2278223A31342C2279223A31347D5D2C22746172676574223A7B227265736F757263654964223A227369642D35314541433645302D323532442D344344342D423432302D453341363335463345434131227D7D2C7B227265736F757263654964223A227369642D43443032304245452D434242322D344633362D423138372D304637333646393141343532222C2270726F70657274696573223A7B226F766572726964656964223A22222C226E616D65223A22E68B92E7BB9D222C22646F63756D656E746174696F6E223A22222C22636F6E646974696F6E73657175656E6365666C6F77223A22247B617070726F766573746174653D3D347D222C22657865637574696F6E6C697374656E657273223A22222C2264656661756C74666C6F77223A2266616C7365227D2C227374656E63696C223A7B226964223A2253657175656E6365466C6F77227D2C226368696C64536861706573223A5B5D2C226F7574676F696E67223A5B7B227265736F757263654964223A227369642D35314541433645302D323532442D344344342D423432302D453341363335463345434131227D5D2C22626F756E6473223A7B226C6F7765725269676874223A7B2278223A313033342C2279223A3132312E333832383132357D2C2275707065724C656674223A7B2278223A3836302E352C2279223A39342E357D7D2C22646F636B657273223A5B7B2278223A32302E352C2279223A32302E357D2C7B2278223A3836302E352C2279223A39342E357D2C7B2278223A313033342C2279223A39342E357D2C7B2278223A31342C2279223A31347D5D2C22746172676574223A7B227265736F757263654964223A227369642D35314541433645302D323532442D344344342D423432302D453341363335463345434131227D7D5D2C22626F756E6473223A7B226C6F7765725269676874223A7B2278223A313230302C2279223A313035307D2C2275707065724C656674223A7B2278223A302C2279223A307D7D2C227374656E63696C736574223A7B2275726C223A227374656E63696C736574732F62706D6E322E302F62706D6E322E302E6A736F6E222C226E616D657370616365223A22687474703A2F2F62336D6E2E6F72672F7374656E63696C7365742F62706D6E322E3023227D2C227373657874656E73696F6E73223A5B5D7D, NULL);
INSERT INTO `act_ge_bytearray` VALUES ('45001', 1, 'source-extra', NULL, 0x89504E470D0A1A0A0000000D4948445200000297000000F5080600000005CFDEE9000000206348524D00007A26000080840000FA00000080E8000075300000EA6000003A98000017709CBA513C0000000467414D410000B18E7CFB5193000000017352474200AECE1CE900000006624B474400FF00FF00FFA0BDA793000000097048597300000EC400000EC401952B0E1B000020004944415478DAEDDD097C14F5F9F8F1EF6E0E0E1139D4A02022551B412D2A5E88821511B10A2A98500582F781077FC5020A844201AD8AE2817208884010AC5429877F4A4341AB7245054444E40C8984C318248124FB7B9ED999302C4948C8B5D9FDBC5FAF2F3BBB99DD909967679EF95E630C0000000000000000000000000000000000000000000000000000000000000000000000000000000000000000000000000000000000000000000000000000000000000000000000000000000000000000000000000000000000000000000000000000000000000000000000000000000000000000000000000000000000000000000000000000000000000000000000000000000000000000000000000000000000000000000000000000000000000000000000000000000000000000000000000000000000000000000000000000000000000000000000000000000000000000000000000000000000000000000000000000000000000000000000000000000000000000000000000000000000000000000000000000000000000000000000000000000000000000000000000000000000000000000000000000000000000000000000000000000000000000000000000000000000000000000000000000000000000000000000000000000000000000000000000000000000000000000000000000000000000000000000082E8DD9044070F2B009000041AAB6949552F6488994F28C941D529A4A492A2AC18C8F8F6F260F096C3E54B1294949495BC2F10F8F64DF0300824C3B2963A45C2AA5AB94CD529ADB8FB952B64A29EEA4AD89E5503623824022C925000055EF4B29B74879D07E5EDB4E2E379EC0670D6373A29285FD850DC9250020984C96B244CA6229E3A55C2965A7941A27925826252525B2495199E2E3E3C33EC1F41206008020D2C7F89BBCFFBF94B3A53474955857398D4D05905C02005012CBA4B492D25ECAB9520E4A59673F46DB8F17B29900924B00004A6AB4942E52FE6BFCA3C5F38D7F204F4BFBF1109B08084EF4B9040004931E520E18FFB4435A4BB9484A2F2959C63FF5D04752CE372736B8074025A0E61200104C66DAE7A669C65F3BB946CA2552AE9772BF946C2993D84C00C92500002535574A4F29CF49B94ECAC752BE91F2A8FDF3B1523AB19980E044B338002058FDCDF86B32D5262931F6F26C360D10BCA8B9040004B3CD45BC7E369B06084ED45CA2505F7DF5D50D5EAFB75F4E4ECE95D9D9D90DF3F3F3B90F7D19793C1E53BB76ED83523648997CDE79E78D93D77289211043C7D0E6EFB7ECE5AB8DFF7EE24A2B44B6DA89E514E3EF870980E412C16CC992252DA3A3A3E74842707EA3468DBCA79C728A39F9E4938D24096C9C3292E4CA646565D5CACCCCBC243D3DFD92BD7BF70EDBB061C383B1B1B1738821104347A9E95A6E62FCF71357CDECE452CB362202084E1CED5160D9B265B74A02B0E6CC33CF8CBDFCF2CBBD4D9B36359A18901494D3974DB663DDBA754D93264DCC65975D66626262EAA7A5A5CDDEB871E3586208C4D051E6BA96BF92B2C22E5F110500C925AA5152E0F3F93E68D9B26554E3C68DADE637542C49C0CCC5175F6CD2D3D31F97E4600C3184708F2100249708118B162D8A3D7CF8F0CC0B2EB8A0A6D68A14266BF77766CB57E3CCF74B12CD0F4BFF66D2BE9B6B727332D9786574D249271949C64C6A6AEA93AB57AFBE811842B8C65000BD6F781DBB9C5CC4328020459F4B98E8E8E8094D9B36AD515452F04BEA6A2B11F0F9F2ADE779F9B966FFCE95E6B7FD5B4DB32B1E31DE88683662199383B3CF3EDB93969636C31C996A85184258C5508011526A1BFF2D1F8B92CB9E078213359761EED34F3F6DE5F57A2F6EDCB87191171ABB7F5C5C9014B81D3AB0DBFC220902CA4E9B377D3EDFE92B56ACB88D1842B8C550216E34FE392EEF92D247CAB58514468A03249708461E8FE7CE468D1AE517D53F2EEF5056B14D9739077E662396939898184D0E1E2186106E3114A0B3945829A9F6A35EB40CB697DD25863D0E905C220845444474AA5FBF7EBDA27E9E9F5F7CCB5361B5513831DAA49C9393D39A1842B8C55080C2A618DA68FCFD30DD7E90427F0A80E412C1262F2FEF629D831055AF4E9D3A9A18342486106E311460AD940D76D9643FCE9232C3F5BA96782987D8EB40F061400FA299833048AEF4643FF87C3E0F3184308CA1A26C772DC707FC6C3E7B1C552D2E2E6E80C7E31955C48F87C6C7C70F75BF909494141673B4714640F1571F35EA1A8FA7E830898C6646101043A810D901CF3F639320082FE852D80A249728254D0A1A9ED3BED0E420AA560353B7D11FD84820860084A59933672EF4F97CBF9670F51D249780EDD4E67FB46A9F8E795D12861A7518B009620840589B739C9FE7E93F92842E24B9046CF979870A1DD19B7B288B8D036208405893A471C6715639ACFF783C9EE9E1B24D18D0836265657C6FD2BFFF57A1F314EEDEF4A939F45B8639FDBC9B4D44542D361688210061A776EDDACBB3B3B3F7C962FD2256A92925232D2D6D79B86C136A2E5128AD69D213FFCEAFA79BC307F716B99EDED66FCB976F5A0904400C01083753A64CC9F6783C45CD5E6035D9F87CBEB9C9C9C96173CB526A2E718C037B7E30E91BE75BB7E62B89C3D9FBCD8E9469A67E932BACBE75118CFE2586882100614492C789F27077213FD2FE965EF161386D0F6A2E7194ECCC9DD649BEA44981DBBE1D5F99D4751FB211892162084058D1266F49307F2BE447515276ECDAB56B31C925C25651032F4A7CF5969FCB46248688210061459BBCBD5EEF94C0C3A1754CF3F916865393B8A2591C47A95DFF1C13DB61041B02C410AAADD6AD5BD75EB972A5898E8EDEC6D640A55D58E7E72FF0783C8F165C28CB55B6C73FC1EFBFC36D5B507309000819E3C68D1BBA6EDDBA676EBEF96613111131AE77EFDE37B0555019D2D3D3751ECB0CE7B924965A81972149E73C924B0000AAA161C38625AE5AB56AE8934F3EE9E9D5AB9779F4D147A37D3EDFFC3E7DFA5C5909BFFE54D772AC94F601E57973746BE1B9C63F454D61264861545B35A34DDF92502E0A7879E1ECD9B3C36E425F924B0040B5F7CA2BAF8CDABE7DFB908103077AFEF007FF2D455BB76E6DEEBDF75E4D3093BB77EF7E6E05FF1734A11C632FEB6DFEBEB0134EBDF77423295B021246ADE1FAA4882452D7E70E03D5903D6ABC80249B61394291E4120050AD0D1D3AF4DDEFBFFFFE2F9A58366FDEFCA89FB56BD7CEDC77DF7D35EBD5ABB7EAC1071FFC5D05FE377482EC747B5913D96C3BC1FCC8F86F0FA8A3859BB9D6DF6FFC7DF1EAD8AFBB4BB6FD98688AAEDD4410AA59B3E617EEE7356AD4480EC7ED10D6037A264C9870F1C1830707ECDBB7AF6D4646464C666666544E4E8E272A2ACAD4AD5B37F78C33CEC86AD8B0E14AB9FA7D57CA6CB90261182B0004576239F5E79F7FEE999898E869D4A851A1EBB46DDBD61C3E7CB8EE8C193356C5C7C7B74A4A4ADA5241FF9D97ECC7BF4879C75ED6DFD5564A2BFB9C9BE25A7FB4FD5A2B3BD90C3CC74C310CBC0D7A77DF7D7793DCDCDCAE9223B4CBCECED67DA9A3C4B5F2CE27CFD7C4C5C5A5C8CF3E8B8888489A3E7DFA0E92CB10D5BF7FFF04AFD7FBB7B56BD79ED1A2450BCF4D37DD64CE3AEB2CD3A04103BDEA30120CE6D75F7F8DDCBE7D7B3D59A78304438779F3E64D193F7EFCBB72E5FB085F2500A87ACF3DF7DC7B7BF6ECB967D8B0619ED34E3BADD875AFBFFE7A23C7F453962E5DBAAA478F1EBF9F3973664639FE57CEB5CB63527AD8E7D66685ACE7FCCE26522E941227E505291BA4BC2EE571E36F0ECFB29352043189A3AEBACFF3F3F3AF93E431BA90553C1A07F2338D85AE7979797F978B9B64793E49E2EF7D92CB10A14D2275EAD499EFF3F9CEBBEBAEBBAC7E39722571CC7A9A606AD183D5A5975E6AB463F8D75F7F1DFDC1071F3C3C68D0A05E575C71457CD7AE5D3FE1AB050055E3D1471FFD283B3BFBD62143861C37B174E8B15CDED360D5AA556BBA77EF7E41390EB4D8649738577238C5FE992616C9AE65B5C32E717662A9BE96F2B03952FB89202509A2268C6F4B2E71D309BCBDBDBCAFBD7CC643926CF69118DC4472598DF5EBD7EFE1ACACACB172F51A654F5151AAF76B22AA65D1A245B5E7CE9DFBF17BEFBD375D0E54F7F0350380CAF5D4534FCD8F8A8AEA3878F0E088934F3EB9B4950C66FCF8F14D525252BE4E4848B86CCA9429FBCBF1BFE6D44C6A3FC9F6F6F2D9F6B2D3F45D948986FE95412F2E2E2EDEEBF5BE959F9F5FDF794DF3890B2FBCD05C79E595E6DC73CF35F5EAD5331A97BFFDF69BD9BF7FBFD9B2658BF9EAABAFCCEAD5ABB57B86F3B6B6F2BE353D7AF47824146B31C322B91C34685082ECE0B1FDFBF78F3AEFBCF3CAF459DA841E1B1B6B5E7EF9E5BBA74D9B56AF67CF9E7FE2EB0600154F92C19AB56AD55A2CE5EA8103077A4B9B58BA13CCD75F7FBDF9860D1B96CA675E2909667639FD170FD88FFA79C9F6F29DE6D89ACBC238359E08DEC4F24F9258BE2F89658493546A6555C78E1D4D61B5E7B56BD7B6CA99679E69DAB46963259AFFFAD7BFCC82050B4C5E9EDE72DCD4F1F97CD324C1AC2909E6C450DA56DE303818F5DCB76FDF3B898989654E2C1D679F7DB6912B66BD12B965C28409EFF09503804A492CFFD3B871E3AB870C1972C289A5E3E1871F36CD9A35BBA84E9D3A2BF5B3CBE1BF584F4A43FBD13D304713CDD652BA14F21EADE071CF8FA9EB0D3F4E128AAA492CB5C672AE24835662A909E3A851A374308F2969B70CADD1D4F5F57D3ACEC3219F394112CC906A090DE9E4D2EE1731AE5FBF7ED125DDF925A59FF7F4D34F9B952B573E3071E244EE00010015A47BF7EE756AD6ACB94C4EC8573CFBECB35EED135F563A2BC8534F3DE569DAB4690B495A17B46FDFBE2C2D793A38679C94FE527490479AF13785EB209F378DBFB97CA9F1378B37B3134A9D1373B09D50264AE964FCCDE2FFB4DFA3EB5D657F06AA389788888878CB492C7FFFFBDF9BC4C4C4A312C4D2D0F7E9FB2FBAE8227782394E12CCD850D96621DD2C2E57A4B36EBBEDB65AE5556319486B306FBFFD76CF92254B740EB3FA7C0501A07C252424D4F3783C9FC7C6C69EF7D0430F79352954DAC4F8C823C74EDE3176ECD8A36A92B4DFDB7DF7DD77CC7A6FBEF9A63543C8E38F3FEE193972E4B572A2FF585EBE4DEFB27202FF4D1D94A123BDB596728A9D186A97291DF0D1C81CA989D404739E7DEE9D65FC23C2B524DBC9E885F6FA8DA5DC62FC837CDE200AAA96D7EB9DE8F4B1D41A4BAD582A6BCDB93697CBC58D95646EDFBEDD4A59B406531EAF0D896D16AAC1A05304C8CE6BD1A953A70AFD1BB50FA61CF8EABDF4D24B7FE32B0800E59B584644447C79D96597FDAE6FDFBE91EE1A4B6D62BCE79E7B8E1A9CA9AF4D9E3CF9A8CFF8FBDFFF7ED4F366CD9A59A3C635B154FA993A30A86EDDBA37B66CD9F2A313ACC1D4A4D23DB5D1163B291C28A58F94EBED9268FC4DE6CE04EBEEF7EB7DA9DFB6D779C07EDFABE6D8B92F51C9B984249656EBA4C69A2684654D2CDD09A65CDCB863B86DA8348F876C72293BFFB9DEBD7BD771AE722B92F6A1C8C8C8E85B157F677C7CFCF31AFC656CD241182386108C71A44D91F2F04DEBD6ADCF79F8E187A30B9BE1E3965B6E39AA96526B33B51668E5CA95D6F3356BD6984D9B8ECCF472EAA9A75A27721D80E1A6E78941830645CAE3CD2D5AB498C2DE242E5D1E731674F0CE89368517453FEF4F7F3A322ED8E7F33D447219A474B67CD941E73BF797AD68DA6F223B3B5BEFFED0B60AFEDCE1F2B77E141313931917173757BE449DB47F5230EF1F6DA6523A2DC3CC9933ADE5FFFEF7BF263333F3B8EF1D376E9C494B4B2BD1EFD9B66D9BF5B86EDD3AAB1467F7EEDDD6E3E79F7F6E162F5E1C6EC7DF6A1743653171E24473E8D0A162D7993A75AA159F8EDCDC5CF3F6DB6F73A62E591CED9613FAB4B2C4912696356BD6FC4C92C0331E78E081A8E2A68E7BE699674C64E491BC61EFDEBDD6FEFBF5D75FADA66FDD770E8FC7A3F71A2F742A3AAD45920433C2EBF5F6E8DFBFFF707667C8C5E55E39BEBD5F9AB8D45CC2F86B9C0B468657844E9D3A195745585BFBC28AE432D8E86D9824B1CC2DED5C96652157D77AC5FC7055FDCD72D0AC25A58B7C8916C8DF9D26C1395BBF44E5340AB25C75E9D2C5646565991D3B76149C1474B27AF9E2179B046AF2A9C9E8E9A79F7ED4EBFA598579E8A187CC8F3FFE68F58D75270A8525BBB2ADACE58C8C0CB36FDFBE829FE5E7E787CD11B83AC55069689CB99D74D24905355B45ADA3FBDDB908521AA79AB4E8DDBBD44F3FFDC429BBE838D2D1D2F7D871F493C4D1E4D2C4910E6AD0C4B273E7CEA7CB72E4F18EE38D1B37B6EEBEA389A3FB3B3B6CD8B0A3F6A11E07F4381D78EF7137AD0595F779653F3FDBB76FDF67D99B211597274BB95BE3522E20B697242E35977006F1686595D395A2BC69770E3D07BA74ABEEDB3B249BC1E4C0D4510E220D2AF3775E70C1059A185D13249BE0240D4EF952749383E421F9127D2C5FAAE9BB76ED9A77829DD5CBCDF7DF7F6F7D89EAD4A963355F5D7DF5D5D6EBFAFCADB7DEB212BB1F7EF8C1E8202C3D312C59B2A42001FDE4934FACE6834F3FFDB4E0F3B4064A5F7FF9E597F57EF005AF7FFBEDB7D6EFF9DDEF7E673D5FBB766D91FFA7499326993BEFBCD32C5CB8B060925BED53939E9E6E2DDF7FFFFDE1782C0EDA182AADA4A424D3A2450BED946F3DFFF9E79FCD29A79C62ED6FB574E952D3B06143AB062C904E7C5CAB562DAB564B93527DAFC684D6B46B7396BBC60C85D251D109124709124759124773248EFE59541CFDF9CF7F6E253F4FBEE38E3B4EBAF5D65B4BBC717BF7EE6DB53A1C3870A0E02251934DF9BDCE39C13A9E74EB76FC73B6261083070F8E7EFEF9E7FFF6D8638F1D7AF3CD375F653786E405901397BF495C7E50585CEABDC29DE52BAEB8A242FF4FFAF95F7EF9A5F3547F6FB5BE5353481E19F3F2F22ED6ABD4CAA4279ADDBB779F1E849B23DA49121A356A7440AED474B4E2EB356AD4482EC789834B4C4FE87AA2D7C78F3FFED89C73CE39052779A527073D490C1D3AD44A169DBE287A6290FFAFD5CCA5CD9AFABAFC3DD6CF6EBBEDB6637E8F26AAEE8EFC72D2322FBDF4D2310984D658E9BEEBDAB56B41B29A9393633553203863E84474EEDCF9987DEE4C03A2D38A681C2AAD0597938BF9F0C30F4DFBF6EDCDC5175F6C1DF4B53B86AEA37DF65252524C9F3E7D888AD2ABE39CD0258E32248EB4FFC954278E9CC432212121AA43870EA53A3769EDE6934F3E695E7CF1C582667027B1B4325CD96FDA32A2170925A13598DA07333131F1A5279E78E297B163C74E66F785ACDAAEB8FC4512CD85128753342E25F16CE5AC545C8D7779D081662EADAAFB460DC9E4323F3FFF74AD66AE4C5AD325815853023331986BA3E40BA467D9CEDABC27FFD72D4E5FC3CAA22700C77BEFBD77D4495F9BB3F4C4A0B58881F4A4A1D38EE8C95FAFEE6EBFFD766BF98B2FBE30575D759555F3E998366D9A75F2D7D7B4A6546B22B449436BB066CD9A659D64DCBFD3492C0BA3FD363FFBECB38266F38AA67F133154BEF48262E4C89105CD4EDF7DF79D956CECDCB9D3BA2D9B76B778F6597F0BA8C68C5EB88C1E3DDA8A0D49724C6A6AAAD51F4A2F62F473B45B86DE6D2358558318B2F23D89A378798CB7E328554EE8757BF7EE5D43B6F9098DC2D48B05BDF5DE860D1B8ECE1C24A18C8989B19AC44B432B28060C181021C79E777AF5EAD5492E3CBF230F0B79A7488993D88CB3BBC014F48BAAE89C22E0F34F25B90CCEE4B256794CB25B1AFAFB2431D276B7A1D5685335D366BFC292B98AA68372B496506B219B346962BDA6CD939AA40F1A34E8A875B57F9C3657EB895F6B283499D1666E5D7EF5D557AD64D2A1CD95679C714641138626099A886A62A07745B8EBAEBBAC9A52AD89D2264DFDDCF5EBD717BC3F3A3ADA2AEEDAD4FAF5EB5B8986D3AC5A91366EDC6888A1F2A77D6F9DB8DAB56B9795346A3C2D5FBEDC6CDDBAF598D8D4E66FBD28E9D7AF9F550376D965975935EDDA6D43A7B1D184D4DD0D239854C31852674A12E8BBF1C61B3D65F990BE7DFB5AC54D9304F7456C6968ADF659679D152517A97791778525AFBB02A92205D4AA57FB7BCC8764722949C06F7240A95D9909A61EC024D9C913232AF9CF2DE94924DF040CE0F2783C9BE56ABE7955EC231D983360C000EBA4EF34416B53B6D62EBA69CDA1D634F5ECD9D3FA72B76DDBD64C9F3EDDEAABA949A0D64868F2E7D0CEFD4E3FCBAFBFFEDAAA6572379B7FF0C10756E2E0C486D65A6A1F4F4D32342975D35A4F4D2AF4775696F3CF3F5FA74F19460C952FAD11772E18F4C244634663409703F7FBDCB973AD7B4FC7C6C65A49894E9AAC1734DAAD42BB5A683CE95C777FFCE31F83F26FADA2182A53422B71B4EBC08103F5BFF8E28B88ABAEBAEA84E78FD3634820ED2B3B7FFE7CAB3B4E69E93160FBF6ED87E59CF2A15C607E4FAE552D1D372EE50232576250FB514405C465BEFCCC3AE6E9EC03159960BA079F19FFBCA72497C14602227DFFFEFDE7387DF22A83069E9CAC0E4E9A3429B132FFD6F8F8F8A1C57C61F2645B38432DBDF27CBF3C5FAC03336AD4A8B150FB39DD7BEFBDBECADE3F5A0BA8B52B5A2BA4FDD8748A9783070F5A276CF7D59B36476A72A989A53365D1F13889A5FE0E3DD1681F4DA5B5A2EDDAF9FB66078E36D71AAAC2FAD1690D5765D3DA3449B089A1F23ED04546165CC4B86B2EB5B86B2E356E3499DCB3678FF55C97F56244BB53BCF0C20B564DB8C663B026965515432588239FC719CEED7F7E4C1C699FCB37DE7823392B2B2B42F64FA9A730D2417C76ADED31C7663D96680B48699AC6352E647FE74545453D3863C68C29E468D553317179D87E8C92388C2C2C2EB3B3B3BF35F6ED37750ED58A4C2EF5F35D32482E83505E5EDE2A39C8444872D9B4B27EA78E7C96C4686310FCF93A815FB49D646B52A0F3F46895CDAC5AB56A2D9683F8FEAAFE0F6AC2E70CACD151BADA0CA94DD39A6CBAE9895D8B73D20F4C508BF3CA2BAF98E1C387178CE6D5FE2CDA5F2EB0C91DD533864A4B677328ACE652A714D2A6CF82237A46865533E9DCE5456BAE74D600BD8B86C6AD26A60909094448E92FF83DC78B2349E052E2E2E2DA4E9D3A35599F9726C19463BE75DB47F79C966EDA8D41BBCF68ED654906F5684DF588112372E4F8F1F4840913482C43283D90043247C25183C0A9A52C322E25314D7192CBCD9B3797FB04EA6EDAFFDB2585E4320849F02CFDFCF3CF63AFBBEEBA4AFB9DDA746B0768558BB6BF2C7ABFF37FC909745E308DE8D5FE795ABBE8D4306AADA5366DB76CD9D26AA2D604D3A96174D3FE8EEE0ECF9A5CBEF6DA6B569376A02143865889838E3AD76963F4BD3A9D8CEEA3D9B3679BEEDDBB1FF31E1DDCA14DE36E7A678F8ABA2F7D900BEA183A11EE5902DC3597819C5A6D9D314013164D3C7560870E28D3EE118F3DF698F9CB5FFE62C5E889F6E30B33A58AA359B366AD95137A6B4904FF7BE0C0014F972E5D4E2AC92FD149D39D6988940ED8D26E335A63A9F467FADA9C3973AC3EB3C5D19ACEC4C4C4DF64FF3F231719E3D8852125C24E2C4B14979A4BC8FADD9C735761E7A6F23C37BA2C25B90CC63F2A3272AE2412CFE9C9A1B22652FFDFFFFE97BD67CF9E09559850EBD556B22452CED41E4157BBA4A358E5FF669DD8F52E385A2374C71D77149CD0AFB9E61AABD9F189279EB07EEEBEAD9B7BB4B67377151D79EE1E7DEED091E1DACFAA55AB56D6673B03713451D0014481C9A59E78F48A34701E336D1673F7E70C75D52186CA835E70E8C584BBC63290D6686AFC681CEA201EEDB2A1C98AD281619A60925C564C1C2525256D9104F33A49049767666666F7ECD9B36171EB6BCB874E1FE59E7A484982685DAC3A49A77E9FB56FBC5E241435AD8CD658FEF5AF7F3D2009E6684970492CC33C2E3597903C628C2E6A1F7EBD9142454CA4AE4DE2AB56ADD20076BA8ECC21B90C42D3A74FDF21C9C8DACF3FFF7CF7B5D75E7B5145FF3EEDEB939393B3490F8A55F0E70E962BAB2D72F53527D86B97B4A648133F3DC06B8219489BC0B569EB78B416A9B8A6ADA2462E6B6DA9260681B41F8DF6A773920787DE333E4C549B182A0FDAAC1DB8AF0369978AA2D6D18B15F71CAA28FF38B213CCB60B172EFCB71C5B0FF7E9D3A7515115057A0305BD6070E845A9D64EEAF75AA72F1B33668C550B6D271866C28409DAE47D4CC5830EA890C4F237B998F8875C7C8C66771297762E912C71D3416368C1820515725ED02E3BB9B9B94E62B9BC8A720992CB127A73D2A4492FB569D3466F0359A17FA7046CA65C1DBF50157FA404E188EAB663CA3A8A5FFB6996A770AA9D0C95182A8BE32596255D07151B47768279C37FFEF39F7FFFFAEBAFBB9F78E289D30213423D29BB07DEE905AC4E6DE60CDCD1D91EF4A2D219E8A383B3B4D652EFF2E5BE4FB426A789898999F27B164962796F75BB0B152A342E7554A8551BA2C9A576B72BCFBE973A5EE3934F3E29A8B59444F89D50D8EEDE500DA8993367CE952BDEEDEFBEFBEE6715F97B24D87232323236CA012E89AF3100946F822989DF352B56ACD83566CC989D4E0DA4D2A644ED6BE97E4DBBDE04F6A90CBC2B970ECCD01B386813A7D29694E79F7F7E5F5A5ADA275BB76EFD3389250273097948D6658D359D5B59FBE59607AD2D7FEDB5D7F2F2F3F30B6A2D43259708F51BE3F691ABDE2FDAB469B3B965CB96E53E179FF6E199356B56B61CFC7A72400280F2377BF6ECB484848476AB57AF5E3862C488084904AD26721DE0579229CAB479BCA8F5345978F1C517F7EED8B1E3B3D4D4D4048EE3282A9790B242CAA93A484CBB623CFDF4D3659A9A48134B49547D3B77EE74AAE3B33C1ECF03A11283DE508E06BDEA952B82A7468D1A152D57A55BCBF3B3B5E3F7F0E1C3F71F3A74A8AF1CB836F0DD03808AA1832F6AD4A8D17EE3C68DDF8C1C3932D5DDC7B22C5E7BEDB5F41F7EF8E19BE8E8E8BB482C515C2EE1F3F91E97452B46748A321D30A64DDA2742DF3764C890BC6FBFFDB660EE57492C1F09A55CC21BEA41316BD6AC24B93A1D2C5719DEB56BD796CBBD61B76EDD9A3760C080BD5959592F4830BCCF570F002A3CC1CC9624B0CBFAF5EB570F1E3C38D5BEF7F3099B3469D28E356BD67C1719197973380C6443D973097978C04930B50673E0C081D61DE30226402F92AEA777A193FCC15D63A903CD06865A2E11110E412149654A8B162D762D5BB6ACDBEEDDBB975D7AE9A54DBC5EEF097509F8E73FFFB9EB8D37DE389C9393F38C04DB1BD57DDBF4EAD52B51E7F14370D0AE16D3A64D1B460C219C62A8A4525252725BB76EFDD1DEBD7B2FF9F2CB2F4F6FD7AEDD49CE8D124A63DCB8713F2D5DBA343D2A2AEA4F92586615B2CA8352F4EE2C79C57C8CAE7350CA6E29ADA4A4D9AFEB97E1172231347389962D5BEAE4CA1D3C1E4F4D9D7D40078BE9C032BD95B14EE2AF5D367446099D764F9BBEB595012EB6510000093549444154536794D1DBCA4E9E3C397FDDBA751EBD6195FD911A7B0F85422E1128325C8242AF3AE2E3E3BF900473C2679F7DB6E581071E489503D37525DD067250DBFBCE3BEFEC932B8F3409AAFBE5EA83A67000A864762D638FB8B8B8094F3FFDF4ADA3478F8E294DDFB7A953A7FE20E781839208DC3063C60C27B1D4E1BFEE364E9D1CF37229EE01A181EB5C2C6586BDFCBA941B8CFFEE56FADAB552F2D95BA19B4B481E3041A728D2D7B4EFEEEAD5ABAD721CEED6E2E5DAC73254BBD545865350D87347DD2881D14D12C587C68F1FBFAB79F3E63F4992E9BDE0820BCE6AD0A0419D5AB56A35CCCECECEFDE5975F32B66CD9F2EBF2E5CBF7CBD54AE39C9C1CED7331212D2DED7DFAE60040959FE41FD004B35FBF7EDD468D1A55CF7DD385E212CB458B16E93C536D66CF9EEDAEB1FCB39475AE8430C6F86B1F9D99F2DB4BD11BCEBF609F37753E35BD7DA0DE1AF054293BECC4526D23B10C9F5C4212C4872437685F8A7C4A6F053729D47389C8300D0C9DFD7ECEDD77DFDDE4C71F7FECB669D3A66BE4791329CEADC672EDF2BDF1DF86694E284C6A0A00A19660CA093E7BE0C081778F1831A27EA3468D8A5CF71FFFF8C73A492C4F9544E02A399E6714B2CA3CD772133B49FCC67EAEB54B9BED654D2CF517692DD43EFBF5FBA4E884B9EE91461F4BE96DAF8310CF25F2F3F3BB496C692ED1DA8E0F8D13AD65D7584B09B75C22329C034367DF978757ED0200A87E27F8C725C15C3768D0A0E123478ED404F398B104F3E6CDFB76CE9C39753D1E4FA7993367167672D71AC9C15256D9CF5BD849812699CDA49C22C5B9BD97D6786E929263FCB5994DECC4526F3CED7CB67ED670124B728970E565130000AA7982F976767676BF679F7DF6E0E6CD9B8F1A84939C9CBC66C68C1967E6E6E67690C794623E469BB8E7DB4507F37CEA5ADE11B06E8CBDFE3DC65FC3A949A44EB6AD9F7FA694978D7F5E4480E4120080EA48A772397CF8F0E343870ECD59BF7EBD95602E5EBC3865FCF8F167FA7CBE4EB367CFDE749C8FD096BCCE76B9484A477BB94DC07A3A58E7553BA1D4E9637E0BF8796A21AF21B4C419FFAC00EED879B104EF5B182E7957243152E07C29DA23DC3D3AF0293B189CD15C574AB9DA50F50D0041272929694A8F1E3DF68F1A356AEA25975CB267E5CA95674962D94D5E5F5982B76B3FFBF9F6F219C65F73A94DE07AAFBF66AEF596D9E578D3C7E8F964377B2524E905C6AC80D8A96D2FEB80311DDCA57D2E5B1A7FF70A87BEEEBE31B94E67F59209C1EE13916118103A67C51FED9DB9C60E807BA5BC651F44DCFE109048DE66AF070008427A2F684930E356AC58B1C0E3F1DC2C89657209DFBADE1C191D7E917D8ED00119CD5D150CC589094842B532621E7B24E4E89CA6938DBF42EA7CFBB57C7BDF6BFC5C6EE7097A61B1CA4E3A9D9A6C9DE26AAB2B5E9E0BD58D146EC9E532FBB1A1945D52164BA963279BF35DEB35967289F177D4EE6C07CD4CFB3D3BA574B20F3C5FF23D0380A04B3017262424D4D7DB4696E26D2FB896DD359781EADBE78D5AF673AF7DBEE86EFCB599CEA49B7AFEB8CC1C192484EA2FDADED7D38DBF195C0779A5DB3FEB6C8EF4D975FBC4F8FBE0AA335D17300952E24D884E5B459FCB6303C7D809A4F6CFD1DB3DE9556F533B9036D981E1B5AF5C62D96400107C4A9958068AB293C3C2ECB393C6F3EDE453938367CC916672ADB5D2A9897434F936F64448A969278803A57C68FCB305C4D97981D64E7695D233E03D3FBB92CE54D7F22A13C2F3A18653CDA54E2DD1DCDE997FB013C6683B589AD9C1D1454AA2F1D75076B083476B353FB7DFAB070BED9379C80EAA3D7CD70020E4BC6B8E4C8A5E98B97671B89BBFE7B3F94256A61D1B9A432CB3738805F6EBCE7E0F9CCDFF743BBF70F28E3EC65FDB7975286FA8704A2ED7DBC5D8579CCE401D77B3B8FBA0709A9D646A00BC6007438C9D741A3B5068160780D073884D8022E80C011F19FF180CED5AD75FCAFFEC9F696595F6D71DE65ADF99964A6B38B7D9B135DFF59E9014AECDE22DCDF13B686B0DE735F65547A69D90EE7325A1CDF98E010010566E32FE2E104E1EB0CB9517683FDDCD01EB2F913242CAFFB39FEB3AA3A51C0CE58D148E53116967ECD412ACA7571E4F18FFB40197F37D020020AC35B49344AD70D23E935A7379BB39D2A25933607D6D01BD5FCA007364BA211D453EDEF89BD335F19C6827A82497D59CCE2BF54209D6D3A0D07B8D6B07DDBEC6DF2CAE93E99E1CC6DB0E008070A5E32C747ECB6F5CAFEDB0934CA5DDEC2E7725A23AE877946B5DA7BB85D66EDE62FCDDEB7685E2860AA7044977B4CE3BF69AF1CF5DE6D00472632189E5D5AEA0D0494EB57F85F69B709AD36916070020BC7C13F07CB26B59670FF88F2B115D16B06E1FD7B28E2E0FD97E97E1945CEA8E2E6C149FD6488E0D784DABAD3F0E782DF0F91B7CC700004009E587CB1FCA3C9700000020B944B9C9C9CFCF672B04C325AD7F3FE4134308C3180240728910B2E2975F7E49633354BDACAC2C131D1DBD8D184218C61000924B8490E48C8C8CAD6C86AA9799A9B35B9845C410C2308600905C2254F87CBE0FD3D3D3CF92C76CB646D54A4D4DCD3C74E8D0146208E1164300482E11423A76EC98929F9FFFCDA64D9BFEC7D6A83A3B77EECC91A4E0EB1B6FBCF10B6208E1164300482E11622431E8B76BD7AE16FBF6EDFB8EAD51F90E1C38607EFAE9A7ECDCDCDC478921846B0C01081D116C02BCFFFEFB19BD7BF74EF9F9E79FBBD6AD5B7767AD5AB54E67AB545A5290F7CD37DFEC95E4AC77C78E1D97134308D7180240728910F3DE7BEF6DEED5ABD7FAF4F4F48483070F2E6ED8B061638FC713CD96A938DBB66DFB61C3860D1E490AFA74E8D0611E3184708F2100A1C1C32680DBA2458B62BD5EEF18490A5AD6AF5F7F554C4C4CFD060D1A5C181111D190AD53363A07616666E6E6DDBB77EF92D2383737F74779EDA99B6EBA692D3104620800C92542DAA79F7EDA4A92833B65B1BD94D6526AB255CA2C574A8A9464291F86FAC00B628818020000000000000000000000000000000000000000000000000000000000000000000000000000000000000000000000000000000000000000000000000000000000000000000000000000000000000000000000000000000000000000000000000000000000000000000000000000000000000000000000000000000000000000000000000000000000000000000000000000000000000000000000000000000000000000000000000000000000000000000000000000000000000000001082FE0F125E0DBA5CFDD22C0000000049454E44AE426082, NULL);
INSERT INTO `act_ge_bytearray` VALUES ('45003', 1, 'TenderingApplyNotice.bpmn20.xml', '45002', 0x3C3F786D6C2076657273696F6E3D22312E302220656E636F64696E673D225554462D38223F3E0A3C646566696E6974696F6E7320786D6C6E733D22687474703A2F2F7777772E6F6D672E6F72672F737065632F42504D4E2F32303130303532342F4D4F44454C2220786D6C6E733A7873693D22687474703A2F2F7777772E77332E6F72672F323030312F584D4C536368656D612D696E7374616E63652220786D6C6E733A7873643D22687474703A2F2F7777772E77332E6F72672F323030312F584D4C536368656D612220786D6C6E733A61637469766974693D22687474703A2F2F61637469766974692E6F72672F62706D6E2220786D6C6E733A62706D6E64693D22687474703A2F2F7777772E6F6D672E6F72672F737065632F42504D4E2F32303130303532342F44492220786D6C6E733A6F6D6764633D22687474703A2F2F7777772E6F6D672E6F72672F737065632F44442F32303130303532342F44432220786D6C6E733A6F6D6764693D22687474703A2F2F7777772E6F6D672E6F72672F737065632F44442F32303130303532342F44492220747970654C616E67756167653D22687474703A2F2F7777772E77332E6F72672F323030312F584D4C536368656D61222065787072657373696F6E4C616E67756167653D22687474703A2F2F7777772E77332E6F72672F313939392F585061746822207461726765744E616D6573706163653D22687474703A2F2F7777772E61637469766974692E6F72672F70726F63657373646566223E0A20203C70726F636573732069643D2254656E646572696E674170706C794E6F7469636522206E616D653D22E68B9BE6A087E59586E58F91E5B883E585ACE5918AE5AEA1E689B92220697345786563757461626C653D2274727565223E0A202020203C73746172744576656E742069643D22737461727422206E616D653D22E5BC80E5A78B223E3C2F73746172744576656E743E0A202020203C757365725461736B2069643D226170706C794E6F7469636522206E616D653D22E58F91E5B883E585ACE5918A222061637469766974693A61737369676E65653D22237B7573657269647D223E0A2020202020203C657874656E73696F6E456C656D656E74733E0A20202020202020203C6D6F64656C65723A696E69746961746F722D63616E2D636F6D706C65746520786D6C6E733A6D6F64656C65723D22687474703A2F2F61637469766974692E636F6D2F6D6F64656C6572223E3C215B43444154415B66616C73655D5D3E3C2F6D6F64656C65723A696E69746961746F722D63616E2D636F6D706C6574653E0A2020202020203C2F657874656E73696F6E456C656D656E74733E0A202020203C2F757365725461736B3E0A202020203C73657175656E6365466C6F772069643D227369642D36453145323532442D373430352D343446352D393431422D3030413733443746374141462220736F757263655265663D22737461727422207461726765745265663D226170706C794E6F74696365223E3C2F73657175656E6365466C6F773E0A202020203C757365725461736B2069643D22617070726F766522206E616D653D22E5AEA1E6A0B8222061637469766974693A61737369676E65653D22237B617070726F76657D223E0A2020202020203C657874656E73696F6E456C656D656E74733E0A20202020202020203C6D6F64656C65723A696E69746961746F722D63616E2D636F6D706C65746520786D6C6E733A6D6F64656C65723D22687474703A2F2F61637469766974692E636F6D2F6D6F64656C6572223E3C215B43444154415B66616C73655D5D3E3C2F6D6F64656C65723A696E69746961746F722D63616E2D636F6D706C6574653E0A2020202020203C2F657874656E73696F6E456C656D656E74733E0A202020203C2F757365725461736B3E0A202020203C73657175656E6365466C6F772069643D227369642D41343230343245382D303234392D344345362D384643322D4443373645443038373633392220736F757263655265663D226170706C794E6F7469636522207461726765745265663D22617070726F7665223E3C2F73657175656E6365466C6F773E0A202020203C6578636C7573697665476174657761792069643D227369642D32384631333439302D343530452D343934342D413442412D34303532423931393439383422206E616D653D22E5AEA1E689B9223E3C2F6578636C7573697665476174657761793E0A202020203C73657175656E6365466C6F772069643D227369642D39354336463246312D453930422D344335342D414337352D3132343431394538383531372220736F757263655265663D22617070726F766522207461726765745265663D227369642D32384631333439302D343530452D343934342D413442412D343035324239313934393834223E3C2F73657175656E6365466C6F773E0A202020203C656E644576656E742069643D22656E6422206E616D653D22E7BB93E69D9F223E3C2F656E644576656E743E0A202020203C73657175656E6365466C6F772069643D227375636365737322206E616D653D22E9809AE8BF872220736F757263655265663D227369642D32384631333439302D343530452D343934342D413442412D34303532423931393439383422207461726765745265663D22656E64223E0A2020202020203C636F6E646974696F6E45787072657373696F6E207873693A747970653D2274466F726D616C45787072657373696F6E223E3C215B43444154415B247B617070726F766573746174653D3D337D5D5D3E3C2F636F6E646974696F6E45787072657373696F6E3E0A202020203C2F73657175656E6365466C6F773E0A202020203C73657175656E6365466C6F772069643D226661696C22206E616D653D22E68B92E7BB9D2220736F757263655265663D227369642D32384631333439302D343530452D343934342D413442412D34303532423931393439383422207461726765745265663D22656E64223E0A2020202020203C636F6E646974696F6E45787072657373696F6E207873693A747970653D2274466F726D616C45787072657373696F6E223E3C215B43444154415B247B617070726F766573746174653D3D347D5D5D3E3C2F636F6E646974696F6E45787072657373696F6E3E0A202020203C2F73657175656E6365466C6F773E0A20203C2F70726F636573733E0A20203C62706D6E64693A42504D4E4469616772616D2069643D2242504D4E4469616772616D5F54656E646572696E674170706C794E6F74696365223E0A202020203C62706D6E64693A42504D4E506C616E652062706D6E456C656D656E743D2254656E646572696E674170706C794E6F74696365222069643D2242504D4E506C616E655F54656E646572696E674170706C794E6F74696365223E0A2020202020203C62706D6E64693A42504D4E53686170652062706D6E456C656D656E743D227374617274222069643D2242504D4E53686170655F7374617274223E0A20202020202020203C6F6D6764633A426F756E6473206865696768743D2233302E30222077696474683D2233302E302220783D2235332E37352220793D223134302E30223E3C2F6F6D6764633A426F756E64733E0A2020202020203C2F62706D6E64693A42504D4E53686170653E0A2020202020203C62706D6E64693A42504D4E53686170652062706D6E456C656D656E743D226170706C794E6F74696365222069643D2242504D4E53686170655F6170706C794E6F74696365223E0A20202020202020203C6F6D6764633A426F756E6473206865696768743D2238302E30222077696474683D223130302E302220783D223132382E37352220793D223131352E30223E3C2F6F6D6764633A426F756E64733E0A2020202020203C2F62706D6E64693A42504D4E53686170653E0A2020202020203C62706D6E64693A42504D4E53686170652062706D6E456C656D656E743D22617070726F7665222069643D2242504D4E53686170655F617070726F7665223E0A20202020202020203C6F6D6764633A426F756E6473206865696768743D2238302E30222077696474683D223130302E302220783D223237332E37352220793D223131352E30223E3C2F6F6D6764633A426F756E64733E0A2020202020203C2F62706D6E64693A42504D4E53686170653E0A2020202020203C62706D6E64693A42504D4E53686170652062706D6E456C656D656E743D227369642D32384631333439302D343530452D343934342D413442412D343035324239313934393834222069643D2242504D4E53686170655F7369642D32384631333439302D343530452D343934342D413442412D343035324239313934393834223E0A20202020202020203C6F6D6764633A426F756E6473206865696768743D2234302E30222077696474683D2234302E302220783D223431382E37352220793D223133352E30223E3C2F6F6D6764633A426F756E64733E0A2020202020203C2F62706D6E64693A42504D4E53686170653E0A2020202020203C62706D6E64693A42504D4E53686170652062706D6E456C656D656E743D22656E64222069643D2242504D4E53686170655F656E64223E0A20202020202020203C6F6D6764633A426F756E6473206865696768743D2232382E30222077696474683D2232382E302220783D223538352E302220793D223134312E30223E3C2F6F6D6764633A426F756E64733E0A2020202020203C2F62706D6E64693A42504D4E53686170653E0A2020202020203C62706D6E64693A42504D4E456467652062706D6E456C656D656E743D227369642D36453145323532442D373430352D343446352D393431422D303041373344374637414146222069643D2242504D4E456467655F7369642D36453145323532442D373430352D343446352D393431422D303041373344374637414146223E0A20202020202020203C6F6D6764693A776179706F696E7420783D2238332E37352220793D223135352E30223E3C2F6F6D6764693A776179706F696E743E0A20202020202020203C6F6D6764693A776179706F696E7420783D223132382E37352220793D223135352E30223E3C2F6F6D6764693A776179706F696E743E0A2020202020203C2F62706D6E64693A42504D4E456467653E0A2020202020203C62706D6E64693A42504D4E456467652062706D6E456C656D656E743D226661696C222069643D2242504D4E456467655F6661696C223E0A20202020202020203C6F6D6764693A776179706F696E7420783D223433392E32352220793D223133352E35223E3C2F6F6D6764693A776179706F696E743E0A20202020202020203C6F6D6764693A776179706F696E7420783D223433392E32352220793D223130342E30223E3C2F6F6D6764693A776179706F696E743E0A20202020202020203C6F6D6764693A776179706F696E7420783D223539392E302220793D223130342E30223E3C2F6F6D6764693A776179706F696E743E0A20202020202020203C6F6D6764693A776179706F696E7420783D223539392E302220793D223134312E30223E3C2F6F6D6764693A776179706F696E743E0A2020202020203C2F62706D6E64693A42504D4E456467653E0A2020202020203C62706D6E64693A42504D4E456467652062706D6E456C656D656E743D2273756363657373222069643D2242504D4E456467655F73756363657373223E0A20202020202020203C6F6D6764693A776179706F696E7420783D223435382E333039363534363331303833322220793D223135352E34343033343533363839313638223E3C2F6F6D6764693A776179706F696E743E0A20202020202020203C6F6D6764693A776179706F696E7420783D223538352E303030303638353732393935392220793D223135352E30343338313832353137323737223E3C2F6F6D6764693A776179706F696E743E0A2020202020203C2F62706D6E64693A42504D4E456467653E0A2020202020203C62706D6E64693A42504D4E456467652062706D6E456C656D656E743D227369642D41343230343245382D303234392D344345362D384643322D444337364544303837363339222069643D2242504D4E456467655F7369642D41343230343245382D303234392D344345362D384643322D444337364544303837363339223E0A20202020202020203C6F6D6764693A776179706F696E7420783D223232382E37352220793D223135352E30223E3C2F6F6D6764693A776179706F696E743E0A20202020202020203C6F6D6764693A776179706F696E7420783D223237332E37352220793D223135352E30223E3C2F6F6D6764693A776179706F696E743E0A2020202020203C2F62706D6E64693A42504D4E456467653E0A2020202020203C62706D6E64693A42504D4E456467652062706D6E456C656D656E743D227369642D39354336463246312D453930422D344335342D414337352D313234343139453838353137222069643D2242504D4E456467655F7369642D39354336463246312D453930422D344335342D414337352D313234343139453838353137223E0A20202020202020203C6F6D6764693A776179706F696E7420783D223337332E37352220793D223135352E32313634353032313634353032223E3C2F6F6D6764693A776179706F696E743E0A20202020202020203C6F6D6764693A776179706F696E7420783D223431392E313633303433343738323630392220793D223135352E3431333034333437383236303837223E3C2F6F6D6764693A776179706F696E743E0A2020202020203C2F62706D6E64693A42504D4E456467653E0A202020203C2F62706D6E64693A42504D4E506C616E653E0A20203C2F62706D6E64693A42504D4E4469616772616D3E0A3C2F646566696E6974696F6E733E, 0);
INSERT INTO `act_ge_bytearray` VALUES ('45004', 1, 'TenderingApplyNotice.TenderingApplyNotice.png', '45002', 0x89504E470D0A1A0A0000000D494844520000026F000000CD0806000000EE7D9744000011C54944415478DAEDDD6B6C94659B07F0E6F535BEDFFCA21FFC6088898989317E33C6F89AB06E8CC9EB07E321A914B0A82522286A55088861596551D3A86157450E6EC4535C63508987E5244258CFC82ABAAE4444414108CB8BE0A158FAEC5C933ECDD3A1ED743A9DE94CE7F74BEE743A336DF199CBB9FE73DFCFA1A909000000000000000000000000000000000000000000000000000000000000000000000000000000000000000000000000000000000000000000000000000000000000000000000000000000000000000000000000000000000000000000000000000000000000000000000000000000000000000000000000000000000000000000000000000000000000000000000000000000000000000000000000000000000000000000000000000000000000000000000000000000000000000000000000000000000000000000000000000000000000000000000000000000000000000000000000000000000000000000000000000000000000000000000000A86BD75D775D6218A339FC5F08002586375B01F507009A27A83F00D03C517F00A07982FA0300CD13D41F00689EA83F00D03C41FD0180E609EA0F00344FD41F00689EA0FE184B9224F9CBCE9D3B77BFF7DE7BC9FAF5EB93B56BD71A551EEBD6AD4B366DDAD49D1B4FAA21A3116B48F344FD4109A2E96EDEBC39D9BF7F7FD2D9D9698CD23870E040B271E3C6EE5C13EE504346A3D590E689FA8312C46C89A65B3BCD77EDDAB59D6AC868B41AD23C517F508258E6D2F46A67C412981A321AAD86344FD41F9420DEE8353C8D570DA921CD13D41F63ACF11EFDFBDE64E747FF9E7CB1EE9FF3236EC77D9AA5C6AB86D490E609EA8F1A6BBC470EFD906CFFCFFB92FF7EE39E3E23EE8BC7344CE14D0DA921CD13D41F35D478777FF1FA094D371D7BBE58AD610A6F6A480D699EA0FEA8A5C6FB3FEF3C3460E38DC7344CE14D0DA921CD13D41F35D478B7AFFDA7011B6F3CA6610A6F6A480D699EA0FED078355E3564086F9A27EA0F86D378E3C8C0811A6F3CA6610A6F6A480D699EA0FEA8A1C6BB63CBBF0DD878E3310D537853436A48F304F5470D35DE833F7C966C5F33FFC4E5AEDC7DF1988629BCA92135A47982FAA3861A6F8C6F3F5E7942E38DFB344B8D570DA921CD13D41FB5D6787FFF3DD9F15F4F9EB8DC95BB2F1ED330853735A486344F507FD448E38DB3DF7FBDE55F07DC5F291E73867CE14D0DA921CD9306AEB57D516F45C6515B8ACA37DEDF7F4FF6EED8907CFEF6DC019B6E3AE239F15C3328C29B1A5243C21B0D586B938B85B7E6E6E605B614156DBCC5664ACCA068BC6A480D096FD0A7DE0E0C12DE8E8C1F3FFE2FB612156DBC439929196C06450315DED4901A1A65E384376A65F66DC284098B6C212ADE7887DB74D3A1810A6F6A480D8DA279B991086F8C4280EB6FDFB7A366DDA84AE335345E35A486EAD4ACDCE8CE8DAD3D5FED67C4A8CEBED9D70D8D57E3554386F0563CB82DC8CCC01D17E0A87280FBD1AC1B1AAFC6AB860CE1ADF4E056EC7EA888E6E6E6B64C789B678BA0F16ABC6AC810DE4E34AF48404B1FD748A9D6EC5B7EDF37B36E15B262C58A6B162F5EBC6BC182055DB7DD765BD2DADA9A4FCB93274F4E66CC98912C5CB8B07BC99225073FFAE8A3C549928CC91741E3D578D5901A1A03C1AD5830330347C54C9C38F182E6E6E6FFC8E587DD13264C3856B0DFDB1F3D4BA9ABE379B6561966CD9AB57CF6ECD95DB7DF7E7BF2D4534F25EFBFFF7EF2C30F3F24BFFDF65B12E2EBFEFDFB934F3EF92479E69967923BEEB823993F7F7EB274E9D22F843743E355436AA836DECA4B9C512BF5F930A83805482E941DCC7D4D86708585F4B421875A5A5A9EB4F54A307DFAF47F686F6FEFBCFBEEBBF3C1ACABAB2B19AA6DDBB62573E7CECD8F55AB56DD2FBC191AAF1A5243A31EDC160CF3E70438CA096D7FCD8D03430D6C038CC3D75E7BED3FDA9A45DC79E79DCF4F9D3A3559BD7A7549A1ADD0DB6FBF9D4C9B362D59B972E54EE1CDD078D5901AAA9BE036523F4F036B6E6E5EDCD2D2D29D0D6213274E4C162D5A946CD8B021F9FEFBEF939F7FFE399F177EF9E597FCAADE962D5B92471F7D34BF4B564180EB360B3788B973E72E9B3E7D7AF2F5D75F272361D7AE5D49EC23F7ECB3CFFE24BC19C29B1A52435553ECE0846AFF1E1A2BB82DC82E9146687BEEB9E7F2BB590DC5A14387F2CF8F9F2B584A7DC6D62D3065CA9425B7DC72CB9037EE50C5EF8B00B77CF9F22F85374378F3DAA9A1AA05B7915AF234034749336ED9E0D6DEDE9E9F651B8EF8B97BEEB9A74F8033039711EBD237DC70C388CDB8F5370377F3CD37272B56ACB84778338437430D554CE1BE6A7FCA8D653D5F4B51F873F68163485922BB541A0730A64BA3C3154BAA0B172E2C5C42FD9BAD9DD3D6D676F4F5D75F4F2A29F6819B356B56B7F066086F861AAA68705B900960FF9B1B49CFD7A106B8817E4E80A358783B989D712B37B865035CC10CDC611B7BC284453367CEEC3E76EC585269B367CF4E3A3A3AB6086F86F066A8A18A06B7A69E99B324338612E0B2C12D1D4F651EB70F1C036689EC3E6EC35D2A1D6C0935BB0F5CC32F9F4E9D3AF5689C0EA41A3EFBECB308707539FBA6F16ABC6A480DD5A88102557F416CB00037D4E7DB078E13C479DCD26015071B54C28B2FBE68F62DC4598CDBDADABACB392548A9E244BECF3FFFFC2DB55674B94F0DD3355E8D570DA9A15AAEA14182DBBC320359A941CF126A0385B262751959223D482166C70E1E3C5891FC1047A1664F2312FBD835E48B1297A978FCF1C7BB932A8A44FED0430FEDACB1E24C8BE1605C2C57E3D578D5901AAAC51A1A66802A16CC4A0D6ED9BF7FDC0CDC980F6F45EBB2E79257F9E73DFCF0C315CD10711EB8CCBF697543BE28ADADADFBE29257D5144BB473E6CCF9A3468B331D070A3F6968BC1AAF1A5243A35D43652C5D0E14D0FE3CCCE0566CC996B117DE06ACCBB85669FAF8C68D1B2B9A21E244BE997FCBBE867C51264D9AF4C7DEBD7BAB1ADEE2BC6F6D6D6DB5FEA6D9FB49232D528D57E355436A68B46B6898C16DB000D75946702BF7DF437D86B713EA327B91F9913E50A1505C8921F36FE86AC817A5A5A5A5F722F3D5127F2F171AEBE54DB3F79386C6ABF1AA213534DA35346EDCB8556506A5FE025C39C1ADD4255CC64E78EBADCBECF723757A90C14E1B92FD7B0DFBA28C86322F523B2A43E3ADBDC6AB868C46AAA1ABAFBE3A1FB2CE39E79C721BD69FFB9971EBECB9BF1C5BE377D5E3FBBB3172A3DA19A221C35B1C1D321A336F71344A9D7CB2381AD7681B3F7EFC5F46A3F1AE5FBF3E397CF870F2D65B6FE5DF6063DBAD5EBD3A79F7DD778BFE6C3CFFBEFBEE1BD2DF59B97265B27BF7EE64F3E6CDC985175E58F4F77EF5D557C9CB2FBF9C9C7DF6D9664D6ABC86CA19F15A777474147DCE8D37DED8FB7DD46BDC570FFFADF558434DE55FFACACC1B235E9771D503336FD55D361D957DDE726FF6DD355E9CD937CBA6D1D85F29825ABCA16EDDBA351F922EB8E0823E0DF3F2CB2FEFD3302FB9E492FC78EDB5D7F20D379E73EBADB726D75F7F7DFEBE575E79257F5F04C1ECDF89FF11E2FE254B96F4FEEE81C261FA3BE2EB9C397392D34E3B2DFFBB972E5D9A9C7EFAE91A6F8DD550A9235EF7783DD39A39E38C337A6B2AADA1B3CE3AEB84F03665CA94DE1A8CE7C57DD3A64DEBBD1D615F781B991A2A731F33FBBC5191BAB4CF5BF55F94DDB937ECAE6A86B738DAF4B6DB6EFBA5468BF3489C25BA9F37CBAA37DEC71E7B2CFF66BA6AD5AAFCD7CB2EBBAC4F638DD9B2B83F4E7C9C86BD6CE88BFBE3EBF2E5CB8BCE9CC47F7BB119BB03070EF4F97B66DE6ABF868633D3F6D24B2FF5F9FEFEFBEFEFFDFEE4934FCE87F6B41EA20E4F3AE9A4E4FCF3CF4F1E7CF0C17CEDC5878DF4438799B791AFA13266BA1C6D4AC5EAD2D1A65516E76659B4685155D74DE33C6F3367CEDC5263C539D027DC516BBCD9D98AC2A65AAC01C72C583AEB71CD35D7E46F9F72CA29C93BEFBCD3E7B93B76ECE813C8B2E12F2E049C7DEE871F7ED8E77BE1ADF66BA8D471E4C891FC527D3AD3962E89C6EDABAEBA2AFFC1A1BFD9E12BAFBCB24FFD6DDBB62D79E38D37F2B763395E781BB91A1AE68C57A5CEF336B9C979DE1A21BC15AD4BE779ABB2382B72EE0DF97835AFB03063C68CBA3C2BF26835DE745933964DD359B74B2FBDB4CF7E4685CB9AB15C9A36D208CBE9ED085CE973F7EDDB97BFEFE38F3FEE7DFCE28B2FCEDF8E861BDFC7B2682C87659765D37F43BA6C7AEFBDF7F62E9DC6CFB8B451EDD550A9B36F699DC4ED786DE3762CB79F7AEAA9FD86B718B12F667C8DA5D6175E78217F3BF6A134F35671C566BE2A7D858545E20D9125B2D735ADE41516E26C150D7F85859E547D70D3A64D55997D8B199EB6B6B6DFEA713B8D56E38D19B7A79F7EBACFBE6AF1C61A9719CB3EEFBCF3CECBEFB314C12E9D21192CBCC5F7DBB76FEF13E4B28FFFF8E38F7DF67D8B599978FD729FBEF2B379F137D22017FB413DF2C8231AEF18096F11E20B67DE22946567D8D2DA6CEAD98F72DCB871F919B7F4C346BA7C1AFBBE096F1537D00C5CA5AF6D2AB8D1274BB8B66915C51A766B6BEBB16ACCBEB5B7B777B7B4B43C29BC95D64C2334C50C592C7BF6349CDE7DDC627CF7DD77C99E3D7BF2B763C934025CB1F036D0518583ED5C1E7FA7BF1995A69E9DD635DEC60A6F71DF99679E995F6ACDEE17F9CD37DF246BD6ACE9F3014178ABCA0C5CE112E6B2A6D29742FB0B704F9530D347036789ECECDB481FB810BF2F7E6FFA37EA354B8CF4463FB46CD9B243950C6E6FBEF966CCD41C2D617F8E866FBCD118B30D73FEFCF945F7232A0C6FB1AF5A3A439236D9C2663D73E6CCDEEF63F92B96BDFAFBDD311B17CF2FDC774E781B3BE1AD7086375D368D50FFE5975FF63EF6EDB7DFE667D9E280850878F1012366DFD21A6AAA838316C65878CB06AB79FD04B1520E4218E8E79C0E84A259220D57EDEDED2376DA9078AFB9EBAEBBFACCBAD56B9618E90DFED7DC389EFB947CAC12C16DD7AE5D11DC62D6ED6FF5BA8DAADD7863C6229D618B118DF1DC73CFED3DCA74FAF4E97D66DFB20721A4B3704D3D3B8FC7FE07FD9DFE23762C8DFDD662FFB568D2F13F45F6408781C25B2C9D66974DE3BE08961A6FFD87B7C2509E86B7C19E13576A89DB5167F17D7A446ADCBEE28A2B84B7EA2A5C42FD53CFCC59A9A7FF28FCB972CF2F478364895C1F399E86ACE80BE506B8086E0F3CF04036B8D575961871CDCDCD8B274E9CD8B577EFDE115D3F8DF3BADD74D34DDDF53EC559CDC61B3B65C6C10111C4E2B0E8086DD9D9B6589E8A533844738CA3FA86DB7C63662FFE4ECC9AC43E6DE9FD31C3D2DF9257FC5BE2FE68D285B335D55E1E13DE6A27BCC57F577C38B8E8A28BFA7DBC560F5C18A3E1ADBF003712337A8E2A65C859227B5EB898811BEE126AFC5CC18C9BE5D2FEE436CCF2DC86E9FAFCF3CF3B476AC62D4EC89B7B31DFAEF76DE3D2461AAF1A52430D18E09C80976165896CE08A7DD562FFEB989818EA51A5717042761FB71863214B543A351F7FE289270E947310C3ABAFBE7A7CD2A44971C98CE56361BB68BC1AAF1A524375A6DCA54E4BA594952572A3BB30C4C5EE3A7122DF98554B9754636934AE9C10AB3B8B172F4E5A5B5B0BAFEA3066B24445F5AC5B1FCC6DE8CEDC46FEBF5242DBA79F7EDA3D6DDAB463B9DF71782CAD4B6BBC1AAF1A5243751CE04A9D39737002239625CABCD8FD61FBB8959E9C3B62C3C752EABC79F3FEBE66CD9AC37BF6ECE9FAF5D75FBBD38BCCEFDBB7AFEB830F3EE8ECE8E8383A65CA94AEDC737F8E843CD68E04D178355E35A486EA54A94B9F964AA948962835B48DC52C515571F6E45C825ED573FDB23F0A3670575C5F2C2E533196CF76ACF16ABC6A480D3540809BDCE404BCC812086F86C6AB86D4504D28B60F5B7A54A9E006086F86C6AB86D4508DCFC0592A05843743E355436AA84E029CE006086F86C6AB86D4509D04B8AD821B20BC191AAF1A5243F521F6714B9A9C0E0410DE0C8D570DA9A1BA31CE2600843743E355436A08008DD710DE0C350480C6ABF1AA21350480F06668BC6A480D01A0F11AC29B21BC01A0F16ABC6A480D0120BC191AAF1A52430068BC86F066086F0068BC1AAF1A524300086F86C6AB86D410001AAF21BC19C21B001AAFC6AB86D41000C29BA1F1AA21350480C66B086F86F00680C6ABF1AA213504C0D8B17EFD7A0D4FE355436A08807AB179F3E6E3FBF7EFD7F46A60ECD9B3E7BB5CE3ED544346A3D5100025D8B061C3BF6CDCB8B1FBA79F7ED2FC46B9E9AE5BB7EE8FDCE8504346A3D5100025CABDD92FC87D5A3F1ACB2DC6A88DCE7A6EBA6A480D0100000000000000000000000000000000000000000040C5FD3FAA61C5163F1B63850000000049454E44AE426082, 1);
INSERT INTO `act_ge_bytearray` VALUES ('6', 2, 'source', NULL, 0x7B227265736F757263654964223A2235222C2270726F70657274696573223A7B2270726F636573735F6964223A2254656E646572696E674170706C794E6F74696365222C226E616D65223A22E68B9BE6A087E59586E58F91E5B883E585ACE5918AE5AEA1E689B9222C22646F63756D656E746174696F6E223A22222C2270726F636573735F617574686F72223A22737973222C2270726F636573735F76657273696F6E223A22222C2270726F636573735F6E616D657370616365223A22687474703A2F2F7777772E61637469766974692E6F72672F70726F63657373646566222C22657865637574696F6E6C697374656E657273223A22222C226576656E746C697374656E657273223A22222C227369676E616C646566696E6974696F6E73223A22222C226D657373616765646566696E6974696F6E73223A22227D2C227374656E63696C223A7B226964223A2242504D4E4469616772616D227D2C226368696C64536861706573223A5B7B227265736F757263654964223A227369642D30303345323030382D373946362D343737422D424446452D413545443339393730303244222C2270726F70657274696573223A7B226F766572726964656964223A227374617274222C226E616D65223A22E5BC80E5A78B222C22646F63756D656E746174696F6E223A22222C22657865637574696F6E6C697374656E657273223A22222C22696E69746961746F72223A22222C22666F726D6B6579646566696E6974696F6E223A22222C22666F726D70726F70657274696573223A22227D2C227374656E63696C223A7B226964223A2253746172744E6F6E654576656E74227D2C226368696C64536861706573223A5B5D2C226F7574676F696E67223A5B7B227265736F757263654964223A227369642D36453145323532442D373430352D343446352D393431422D303041373344374637414146227D5D2C22626F756E6473223A7B226C6F7765725269676874223A7B2278223A38332E37352C2279223A3137307D2C2275707065724C656674223A7B2278223A35332E37352C2279223A3134307D7D2C22646F636B657273223A5B5D7D2C7B227265736F757263654964223A227369642D33373143433235422D423941362D343141362D414332412D393636393434434233423136222C2270726F70657274696573223A7B226F766572726964656964223A226170706C794E6F74696365222C226E616D65223A22E58F91E5B883E585ACE5918A222C22646F63756D656E746174696F6E223A22222C226173796E6368726F6E6F7573646566696E6974696F6E223A2266616C7365222C226578636C7573697665646566696E6974696F6E223A2266616C7365222C22657865637574696F6E6C697374656E657273223A22222C226D756C7469696E7374616E63655F74797065223A224E6F6E65222C226D756C7469696E7374616E63655F63617264696E616C697479223A22222C226D756C7469696E7374616E63655F636F6C6C656374696F6E223A22222C226D756C7469696E7374616E63655F7661726961626C65223A22222C226D756C7469696E7374616E63655F636F6E646974696F6E223A22222C226973666F72636F6D70656E736174696F6E223A2266616C7365222C22757365727461736B61737369676E6D656E74223A7B2261737369676E6D656E74223A7B2261737369676E6565223A22237B7573657269647D227D7D2C22666F726D6B6579646566696E6974696F6E223A22222C2264756564617465646566696E6974696F6E223A22222C227072696F72697479646566696E6974696F6E223A22222C22666F726D70726F70657274696573223A22222C227461736B6C697374656E657273223A22227D2C227374656E63696C223A7B226964223A22557365725461736B227D2C226368696C64536861706573223A5B5D2C226F7574676F696E67223A5B7B227265736F757263654964223A227369642D41343230343245382D303234392D344345362D384643322D444337364544303837363339227D5D2C22626F756E6473223A7B226C6F7765725269676874223A7B2278223A3232382E37352C2279223A3139357D2C2275707065724C656674223A7B2278223A3132382E37352C2279223A3131357D7D2C22646F636B657273223A5B5D7D2C7B227265736F757263654964223A227369642D36453145323532442D373430352D343446352D393431422D303041373344374637414146222C2270726F70657274696573223A7B226F766572726964656964223A22222C226E616D65223A22222C22646F63756D656E746174696F6E223A22222C22636F6E646974696F6E73657175656E6365666C6F77223A22222C22657865637574696F6E6C697374656E657273223A22222C2264656661756C74666C6F77223A2266616C7365227D2C227374656E63696C223A7B226964223A2253657175656E6365466C6F77227D2C226368696C64536861706573223A5B5D2C226F7574676F696E67223A5B7B227265736F757263654964223A227369642D33373143433235422D423941362D343141362D414332412D393636393434434233423136227D5D2C22626F756E6473223A7B226C6F7765725269676874223A7B2278223A3132372E39303632352C2279223A3135357D2C2275707065724C656674223A7B2278223A38342E3335393337352C2279223A3135357D7D2C22646F636B657273223A5B7B2278223A31352C2279223A31357D2C7B2278223A35302C2279223A34307D5D2C22746172676574223A7B227265736F757263654964223A227369642D33373143433235422D423941362D343141362D414332412D393636393434434233423136227D7D2C7B227265736F757263654964223A227369642D35463137333438322D434530442D344246332D423430462D343142334644323844363041222C2270726F70657274696573223A7B226F766572726964656964223A22617070726F7665222C226E616D65223A22E5AEA1E6A0B8222C22646F63756D656E746174696F6E223A22222C226173796E6368726F6E6F7573646566696E6974696F6E223A2266616C7365222C226578636C7573697665646566696E6974696F6E223A2266616C7365222C22657865637574696F6E6C697374656E657273223A22222C226D756C7469696E7374616E63655F74797065223A224E6F6E65222C226D756C7469696E7374616E63655F63617264696E616C697479223A22222C226D756C7469696E7374616E63655F636F6C6C656374696F6E223A22222C226D756C7469696E7374616E63655F7661726961626C65223A22222C226D756C7469696E7374616E63655F636F6E646974696F6E223A22222C226973666F72636F6D70656E736174696F6E223A2266616C7365222C22757365727461736B61737369676E6D656E74223A7B2261737369676E6D656E74223A7B2261737369676E6565223A22237B617070726F76657D227D7D2C22666F726D6B6579646566696E6974696F6E223A22222C2264756564617465646566696E6974696F6E223A22222C227072696F72697479646566696E6974696F6E223A22222C22666F726D70726F70657274696573223A22222C227461736B6C697374656E657273223A22227D2C227374656E63696C223A7B226964223A22557365725461736B227D2C226368696C64536861706573223A5B5D2C226F7574676F696E67223A5B7B227265736F757263654964223A227369642D39354336463246312D453930422D344335342D414337352D313234343139453838353137227D5D2C22626F756E6473223A7B226C6F7765725269676874223A7B2278223A3337332E37352C2279223A3139357D2C2275707065724C656674223A7B2278223A3237332E37352C2279223A3131357D7D2C22646F636B657273223A5B5D7D2C7B227265736F757263654964223A227369642D41343230343245382D303234392D344345362D384643322D444337364544303837363339222C2270726F70657274696573223A7B226F766572726964656964223A22222C226E616D65223A22222C22646F63756D656E746174696F6E223A22222C22636F6E646974696F6E73657175656E6365666C6F77223A22222C22657865637574696F6E6C697374656E657273223A22222C2264656661756C74666C6F77223A2266616C7365227D2C227374656E63696C223A7B226964223A2253657175656E6365466C6F77227D2C226368696C64536861706573223A5B5D2C226F7574676F696E67223A5B7B227265736F757263654964223A227369642D35463137333438322D434530442D344246332D423430462D343142334644323844363041227D5D2C22626F756E6473223A7B226C6F7765725269676874223A7B2278223A3237322E39303632352C2279223A3135357D2C2275707065724C656674223A7B2278223A3232392E35393337352C2279223A3135357D7D2C22646F636B657273223A5B7B2278223A35302C2279223A34307D2C7B2278223A35302C2279223A34307D5D2C22746172676574223A7B227265736F757263654964223A227369642D35463137333438322D434530442D344246332D423430462D343142334644323844363041227D7D2C7B227265736F757263654964223A227369642D32384631333439302D343530452D343934342D413442412D343035324239313934393834222C2270726F70657274696573223A7B226F766572726964656964223A22222C226E616D65223A22E5AEA1E689B9222C22646F63756D656E746174696F6E223A22222C226173796E6368726F6E6F7573646566696E6974696F6E223A2266616C7365222C226578636C7573697665646566696E6974696F6E223A2266616C7365222C2273657175656E6365666C6F776F72646572223A22227D2C227374656E63696C223A7B226964223A224578636C757369766547617465776179227D2C226368696C64536861706573223A5B5D2C226F7574676F696E67223A5B7B227265736F757263654964223A227369642D38343937373135352D444133342D343830372D393836432D313634464542443239383239227D2C7B227265736F757263654964223A227369642D36353532443042382D343434372D343431312D424341332D454434353637453437464638227D5D2C22626F756E6473223A7B226C6F7765725269676874223A7B2278223A3435382E37352C2279223A3137357D2C2275707065724C656674223A7B2278223A3431382E37352C2279223A3133357D7D2C22646F636B657273223A5B5D7D2C7B227265736F757263654964223A227369642D39354336463246312D453930422D344335342D414337352D313234343139453838353137222C2270726F70657274696573223A7B226F766572726964656964223A22222C226E616D65223A22222C22646F63756D656E746174696F6E223A22222C22636F6E646974696F6E73657175656E6365666C6F77223A22222C22657865637574696F6E6C697374656E657273223A22222C2264656661756C74666C6F77223A2266616C7365227D2C227374656E63696C223A7B226964223A2253657175656E6365466C6F77227D2C226368696C64536861706573223A5B5D2C226F7574676F696E67223A5B7B227265736F757263654964223A227369642D32384631333439302D343530452D343934342D413442412D343035324239313934393834227D5D2C22626F756E6473223A7B226C6F7765725269676874223A7B2278223A3431382E33393834343638373030303735352C2279223A3135352E343039373333353336323333387D2C2275707065724C656674223A7B2278223A3337342E33373838393638373939393234352C2279223A3135352E323139313732373133373636327D7D2C22646F636B657273223A5B7B2278223A35302C2279223A34307D2C7B2278223A32302E352C2279223A32302E357D5D2C22746172676574223A7B227265736F757263654964223A227369642D32384631333439302D343530452D343934342D413442412D343035324239313934393834227D7D2C7B227265736F757263654964223A227369642D35333532374143332D373243462D344331342D383044412D423542364345433845443130222C2270726F70657274696573223A7B226F766572726964656964223A22656E64222C226E616D65223A22E7BB93E69D9F222C22646F63756D656E746174696F6E223A22222C22657865637574696F6E6C697374656E657273223A22227D2C227374656E63696C223A7B226964223A22456E644E6F6E654576656E74227D2C226368696C64536861706573223A5B5D2C226F7574676F696E67223A5B5D2C22626F756E6473223A7B226C6F7765725269676874223A7B2278223A3631332C2279223A3136397D2C2275707065724C656674223A7B2278223A3538352C2279223A3134317D7D2C22646F636B657273223A5B5D7D2C7B227265736F757263654964223A227369642D36353532443042382D343434372D343431312D424341332D454434353637453437464638222C2270726F70657274696573223A7B226F766572726964656964223A2273756363657373222C226E616D65223A22E9809AE8BF87222C22646F63756D656E746174696F6E223A22222C22636F6E646974696F6E73657175656E6365666C6F77223A22247B617070726F766573746174653D3D337D222C22657865637574696F6E6C697374656E657273223A22222C2264656661756C74666C6F77223A2266616C7365227D2C227374656E63696C223A7B226964223A2253657175656E6365466C6F77227D2C226368696C64536861706573223A5B5D2C226F7574676F696E67223A5B7B227265736F757263654964223A227369642D35333532374143332D373243462D344331342D383044412D423542364345433845443130227D5D2C22626F756E6473223A7B226C6F7765725269676874223A7B2278223A3538342E323731343839323733303731312C2279223A3135352E34333832373633373438373635387D2C2275707065724C656674223A7B2278223A3435382E39373036393832323639323838352C2279223A3135352E30343630393836323531323334327D7D2C22646F636B657273223A5B7B2278223A32302E352C2279223A32302E357D2C7B2278223A31342C2279223A31347D5D2C22746172676574223A7B227265736F757263654964223A227369642D35333532374143332D373243462D344331342D383044412D423542364345433845443130227D7D2C7B227265736F757263654964223A227369642D38343937373135352D444133342D343830372D393836432D313634464542443239383239222C2270726F70657274696573223A7B226F766572726964656964223A226661696C222C226E616D65223A22E68B92E7BB9D222C22646F63756D656E746174696F6E223A22222C22636F6E646974696F6E73657175656E6365666C6F77223A22247B617070726F766573746174653D3D347D222C22657865637574696F6E6C697374656E657273223A22222C2264656661756C74666C6F77223A2266616C7365227D2C227374656E63696C223A7B226964223A2253657175656E6365466C6F77227D2C226368696C64536861706573223A5B5D2C226F7574676F696E67223A5B7B227265736F757263654964223A227369642D35333532374143332D373243462D344331342D383044412D423542364345433845443130227D5D2C22626F756E6473223A7B226C6F7765725269676874223A7B2278223A3539392C2279223A3134302E3435333132357D2C2275707065724C656674223A7B2278223A3433392E32352C2279223A3130347D7D2C22646F636B657273223A5B7B2278223A32302E352C2279223A32302E357D2C7B2278223A3433392E32352C2279223A3130347D2C7B2278223A3539392C2279223A3130347D2C7B2278223A31342C2279223A31347D5D2C22746172676574223A7B227265736F757263654964223A227369642D35333532374143332D373243462D344331342D383044412D423542364345433845443130227D7D5D2C22626F756E6473223A7B226C6F7765725269676874223A7B2278223A313230302C2279223A313035307D2C2275707065724C656674223A7B2278223A302C2279223A307D7D2C227374656E63696C736574223A7B2275726C223A227374656E63696C736574732F62706D6E322E302F62706D6E322E302E6A736F6E222C226E616D657370616365223A22687474703A2F2F62336D6E2E6F72672F7374656E63696C7365742F62706D6E322E3023227D2C227373657874656E73696F6E73223A5B5D7D, NULL);
INSERT INTO `act_ge_bytearray` VALUES ('8', 1, 'source', NULL, 0x7B226964223A2263616E766173222C227265736F757263654964223A2263616E766173222C227374656E63696C736574223A7B226E616D657370616365223A22687474703A2F2F62336D6E2E6F72672F7374656E63696C7365742F62706D6E322E3023227D7D, NULL);

-- ----------------------------
-- Table structure for act_ge_property
-- ----------------------------
DROP TABLE IF EXISTS `act_ge_property`;
CREATE TABLE `act_ge_property`  (
  `NAME_` varchar(64) CHARACTER SET utf8 COLLATE utf8_bin NOT NULL,
  `VALUE_` varchar(300) CHARACTER SET utf8 COLLATE utf8_bin NULL DEFAULT NULL,
  `REV_` int(11) NULL DEFAULT NULL,
  PRIMARY KEY (`NAME_`) USING BTREE
) ENGINE = InnoDB CHARACTER SET = utf8 COLLATE = utf8_bin ROW_FORMAT = Dynamic;

-- ----------------------------
-- Records of act_ge_property
-- ----------------------------
INSERT INTO `act_ge_property` VALUES ('cfg.execution-related-entities-count', 'false', 1);
INSERT INTO `act_ge_property` VALUES ('next.dbid', '72501', 30);
INSERT INTO `act_ge_property` VALUES ('schema.history', 'create(6.0.0.4)', 1);
INSERT INTO `act_ge_property` VALUES ('schema.version', '6.0.0.4', 1);

-- ----------------------------
-- Table structure for act_hi_actinst
-- ----------------------------
DROP TABLE IF EXISTS `act_hi_actinst`;
CREATE TABLE `act_hi_actinst`  (
  `ID_` varchar(64) CHARACTER SET utf8 COLLATE utf8_bin NOT NULL,
  `PROC_DEF_ID_` varchar(64) CHARACTER SET utf8 COLLATE utf8_bin NOT NULL,
  `PROC_INST_ID_` varchar(64) CHARACTER SET utf8 COLLATE utf8_bin NOT NULL,
  `EXECUTION_ID_` varchar(64) CHARACTER SET utf8 COLLATE utf8_bin NOT NULL,
  `ACT_ID_` varchar(255) CHARACTER SET utf8 COLLATE utf8_bin NOT NULL,
  `TASK_ID_` varchar(64) CHARACTER SET utf8 COLLATE utf8_bin NULL DEFAULT NULL,
  `CALL_PROC_INST_ID_` varchar(64) CHARACTER SET utf8 COLLATE utf8_bin NULL DEFAULT NULL,
  `ACT_NAME_` varchar(255) CHARACTER SET utf8 COLLATE utf8_bin NULL DEFAULT NULL,
  `ACT_TYPE_` varchar(255) CHARACTER SET utf8 COLLATE utf8_bin NOT NULL,
  `ASSIGNEE_` varchar(255) CHARACTER SET utf8 COLLATE utf8_bin NULL DEFAULT NULL,
  `START_TIME_` datetime(3) NOT NULL,
  `END_TIME_` datetime(3) NULL DEFAULT NULL,
  `DURATION_` bigint(20) NULL DEFAULT NULL,
  `DELETE_REASON_` varchar(4000) CHARACTER SET utf8 COLLATE utf8_bin NULL DEFAULT NULL,
  `TENANT_ID_` varchar(255) CHARACTER SET utf8 COLLATE utf8_bin NULL DEFAULT '',
  PRIMARY KEY (`ID_`) USING BTREE,
  INDEX `ACT_IDX_HI_ACT_INST_START`(`START_TIME_`) USING BTREE,
  INDEX `ACT_IDX_HI_ACT_INST_END`(`END_TIME_`) USING BTREE,
  INDEX `ACT_IDX_HI_ACT_INST_PROCINST`(`PROC_INST_ID_`, `ACT_ID_`) USING BTREE,
  INDEX `ACT_IDX_HI_ACT_INST_EXEC`(`EXECUTION_ID_`, `ACT_ID_`) USING BTREE
) ENGINE = InnoDB CHARACTER SET = utf8 COLLATE = utf8_bin ROW_FORMAT = Dynamic;

-- ----------------------------
-- Records of act_hi_actinst
-- ----------------------------
INSERT INTO `act_hi_actinst` VALUES ('10003', 'SupplierRegister:1:2504', '2622', '2627', 'approve', NULL, NULL, '', 'exclusiveGateway', NULL, '2020-05-11 10:02:19.593', '2020-05-11 10:02:19.621', 28, NULL, '');
INSERT INTO `act_hi_actinst` VALUES ('10004', 'SupplierRegister:1:2504', '2622', '2627', 'end', NULL, NULL, '', 'endEvent', NULL, '2020-05-11 10:02:19.622', '2020-05-11 10:02:19.622', 0, NULL, '');
INSERT INTO `act_hi_actinst` VALUES ('12503', 'SupplierRegister:1:2504', '2648', '2653', 'approve', NULL, NULL, '', 'exclusiveGateway', NULL, '2020-05-11 10:09:53.649', '2020-05-11 10:09:53.671', 22, NULL, '');
INSERT INTO `act_hi_actinst` VALUES ('12504', 'SupplierRegister:1:2504', '2648', '2653', 'end', NULL, NULL, '', 'endEvent', NULL, '2020-05-11 10:09:53.672', '2020-05-11 10:09:53.672', 0, NULL, '');
INSERT INTO `act_hi_actinst` VALUES ('15003', 'SupplierRegister:1:2504', '2674', '2679', 'approve', NULL, NULL, '', 'exclusiveGateway', NULL, '2020-05-12 14:54:01.178', '2020-05-12 14:54:01.214', 36, NULL, '');
INSERT INTO `act_hi_actinst` VALUES ('15004', 'SupplierRegister:1:2504', '2674', '2679', 'end', NULL, NULL, '', 'endEvent', NULL, '2020-05-12 14:54:01.214', '2020-05-12 14:54:01.214', 0, NULL, '');
INSERT INTO `act_hi_actinst` VALUES ('15007', 'SupplierRegister:1:2504', '2661', '2666', 'approve', NULL, NULL, '', 'exclusiveGateway', NULL, '2020-05-12 14:54:06.464', '2020-05-12 14:54:06.464', 0, NULL, '');
INSERT INTO `act_hi_actinst` VALUES ('15008', 'SupplierRegister:1:2504', '2661', '2666', 'end', NULL, NULL, '', 'endEvent', NULL, '2020-05-12 14:54:06.465', '2020-05-12 14:54:06.465', 0, NULL, '');
INSERT INTO `act_hi_actinst` VALUES ('17507', 'SupplierRegister:1:2504', '17501', '17506', 'start', NULL, NULL, '', 'startEvent', NULL, '2020-05-12 15:44:13.056', '2020-05-12 15:44:13.058', 2, NULL, '');
INSERT INTO `act_hi_actinst` VALUES ('17508', 'SupplierRegister:1:2504', '17501', '17506', 'supplier', '17509', NULL, '', 'userTask', 'test888', '2020-05-12 15:44:13.060', '2020-05-12 15:44:13.151', 91, NULL, '');
INSERT INTO `act_hi_actinst` VALUES ('17511', 'SupplierRegister:1:2504', '17501', '17506', 'sid-4BD0748D-0444-4FC4-833C-D3B964B3D10C', '17512', NULL, '', 'userTask', 'approve1', '2020-05-12 15:44:13.151', '2020-05-13 16:18:33.249', 88460098, NULL, '');
INSERT INTO `act_hi_actinst` VALUES ('20008', 'SupplierRegister:1:2504', '20002', '20007', 'start', NULL, NULL, '', 'startEvent', NULL, '2020-05-13 09:14:01.372', '2020-05-13 09:14:01.374', 2, NULL, '');
INSERT INTO `act_hi_actinst` VALUES ('20009', 'SupplierRegister:1:2504', '20002', '20007', 'supplier', '20010', NULL, '', 'userTask', 'MySupplier', '2020-05-13 09:14:01.376', '2020-05-13 09:14:01.476', 100, NULL, '');
INSERT INTO `act_hi_actinst` VALUES ('20012', 'SupplierRegister:1:2504', '20002', '20007', 'sid-4BD0748D-0444-4FC4-833C-D3B964B3D10C', '20013', NULL, '', 'userTask', 'approve1', '2020-05-13 09:14:01.476', '2020-05-13 09:14:29.169', 27693, NULL, '');
INSERT INTO `act_hi_actinst` VALUES ('20017', 'SupplierRegister:1:2504', '20002', '20007', 'approve', NULL, NULL, '', 'exclusiveGateway', NULL, '2020-05-13 09:14:29.169', '2020-05-13 09:14:29.182', 13, NULL, '');
INSERT INTO `act_hi_actinst` VALUES ('20018', 'SupplierRegister:1:2504', '20002', '20007', 'end', NULL, NULL, '', 'endEvent', NULL, '2020-05-13 09:14:29.183', '2020-05-13 09:14:29.183', 0, NULL, '');
INSERT INTO `act_hi_actinst` VALUES ('22511', 'TenderingApplyProject:1:22504', '22505', '22510', 'start', NULL, NULL, '', 'startEvent', NULL, '2020-05-13 10:58:14.494', '2020-05-13 10:58:14.504', 10, NULL, '');
INSERT INTO `act_hi_actinst` VALUES ('22512', 'TenderingApplyProject:1:22504', '22505', '22510', 'applyproject', '22513', NULL, '', 'userTask', 'admin', '2020-05-13 10:58:14.517', '2020-05-13 10:58:23.854', 9337, NULL, '');
INSERT INTO `act_hi_actinst` VALUES ('22515', 'TenderingApplyProject:1:22504', '22505', '22510', 'approve', '22516', NULL, '', 'userTask', 'approve1', '2020-05-13 10:58:23.854', '2020-05-13 14:30:54.928', 12751074, NULL, '');
INSERT INTO `act_hi_actinst` VALUES ('2511', 'SupplierRegister:1:2504', '2505', '2510', 'start', NULL, NULL, '', 'startEvent', NULL, '2020-05-10 18:44:09.363', '2020-05-10 18:44:09.365', 2, NULL, '');
INSERT INTO `act_hi_actinst` VALUES ('2512', 'SupplierRegister:1:2504', '2505', '2510', 'supplier', '2513', NULL, '', 'userTask', 'gys1', '2020-05-10 18:44:09.366', '2020-05-10 18:44:09.455', 89, NULL, '');
INSERT INTO `act_hi_actinst` VALUES ('2515', 'SupplierRegister:1:2504', '2505', '2510', 'sid-4BD0748D-0444-4FC4-833C-D3B964B3D10C', '2516', NULL, '', 'userTask', 'approve1', '2020-05-10 18:44:09.455', NULL, NULL, NULL, '');
INSERT INTO `act_hi_actinst` VALUES ('2524', 'SupplierRegister:1:2504', '2518', '2523', 'start', NULL, NULL, '', 'startEvent', NULL, '2020-05-10 18:46:45.628', '2020-05-10 18:46:45.628', 0, NULL, '');
INSERT INTO `act_hi_actinst` VALUES ('2525', 'SupplierRegister:1:2504', '2518', '2523', 'supplier', '2526', NULL, '', 'userTask', 'gys1', '2020-05-10 18:46:45.628', '2020-05-10 18:46:45.651', 23, NULL, '');
INSERT INTO `act_hi_actinst` VALUES ('2528', 'SupplierRegister:1:2504', '2518', '2523', 'sid-4BD0748D-0444-4FC4-833C-D3B964B3D10C', '2529', NULL, '', 'userTask', 'approve1', '2020-05-10 18:46:45.651', '2020-05-10 21:34:47.340', 10081689, NULL, '');
INSERT INTO `act_hi_actinst` VALUES ('2537', 'SupplierRegister:1:2504', '2531', '2536', 'start', NULL, NULL, '', 'startEvent', NULL, '2020-05-10 18:47:22.236', '2020-05-10 18:47:22.236', 0, NULL, '');
INSERT INTO `act_hi_actinst` VALUES ('2538', 'SupplierRegister:1:2504', '2531', '2536', 'supplier', '2539', NULL, '', 'userTask', 'gys2', '2020-05-10 18:47:22.236', '2020-05-10 18:47:22.256', 20, NULL, '');
INSERT INTO `act_hi_actinst` VALUES ('2541', 'SupplierRegister:1:2504', '2531', '2536', 'sid-4BD0748D-0444-4FC4-833C-D3B964B3D10C', '2542', NULL, '', 'userTask', 'approve1', '2020-05-10 18:47:22.256', '2020-05-10 21:36:45.353', 10163097, NULL, '');
INSERT INTO `act_hi_actinst` VALUES ('2550', 'SupplierRegister:1:2504', '2544', '2549', 'start', NULL, NULL, '', 'startEvent', NULL, '2020-05-10 18:48:43.379', '2020-05-10 18:48:43.379', 0, NULL, '');
INSERT INTO `act_hi_actinst` VALUES ('2551', 'SupplierRegister:1:2504', '2544', '2549', 'supplier', '2552', NULL, '', 'userTask', 'gys3', '2020-05-10 18:48:43.379', '2020-05-10 18:48:43.401', 22, NULL, '');
INSERT INTO `act_hi_actinst` VALUES ('2554', 'SupplierRegister:1:2504', '2544', '2549', 'sid-4BD0748D-0444-4FC4-833C-D3B964B3D10C', '2555', NULL, '', 'userTask', 'approve1', '2020-05-10 18:48:43.401', '2020-05-10 21:47:59.096', 10755695, NULL, '');
INSERT INTO `act_hi_actinst` VALUES ('2563', 'SupplierRegister:1:2504', '2557', '2562', 'start', NULL, NULL, '', 'startEvent', NULL, '2020-05-10 18:48:55.181', '2020-05-10 18:48:55.181', 0, NULL, '');
INSERT INTO `act_hi_actinst` VALUES ('2564', 'SupplierRegister:1:2504', '2557', '2562', 'supplier', '2565', NULL, '', 'userTask', 'gys4', '2020-05-10 18:48:55.181', '2020-05-10 18:48:55.200', 19, NULL, '');
INSERT INTO `act_hi_actinst` VALUES ('2567', 'SupplierRegister:1:2504', '2557', '2562', 'sid-4BD0748D-0444-4FC4-833C-D3B964B3D10C', '2568', NULL, '', 'userTask', 'approve1', '2020-05-10 18:48:55.201', '2020-05-10 21:50:29.716', 10894515, NULL, '');
INSERT INTO `act_hi_actinst` VALUES ('2576', 'SupplierRegister:1:2504', '2570', '2575', 'start', NULL, NULL, '', 'startEvent', NULL, '2020-05-10 18:49:07.331', '2020-05-10 18:49:07.331', 0, NULL, '');
INSERT INTO `act_hi_actinst` VALUES ('2577', 'SupplierRegister:1:2504', '2570', '2575', 'supplier', '2578', NULL, '', 'userTask', 'gys5', '2020-05-10 18:49:07.331', '2020-05-10 18:49:07.360', 29, NULL, '');
INSERT INTO `act_hi_actinst` VALUES ('2580', 'SupplierRegister:1:2504', '2570', '2575', 'sid-4BD0748D-0444-4FC4-833C-D3B964B3D10C', '2581', NULL, '', 'userTask', 'approve1', '2020-05-10 18:49:07.360', '2020-05-10 21:51:42.356', 10954996, NULL, '');
INSERT INTO `act_hi_actinst` VALUES ('2589', 'SupplierRegister:1:2504', '2583', '2588', 'start', NULL, NULL, '', 'startEvent', NULL, '2020-05-10 18:49:16.994', '2020-05-10 18:49:16.994', 0, NULL, '');
INSERT INTO `act_hi_actinst` VALUES ('2590', 'SupplierRegister:1:2504', '2583', '2588', 'supplier', '2591', NULL, '', 'userTask', 'gys6', '2020-05-10 18:49:16.994', '2020-05-10 18:49:17.013', 19, NULL, '');
INSERT INTO `act_hi_actinst` VALUES ('2593', 'SupplierRegister:1:2504', '2583', '2588', 'sid-4BD0748D-0444-4FC4-833C-D3B964B3D10C', '2594', NULL, '', 'userTask', 'approve1', '2020-05-10 18:49:17.013', '2020-05-10 21:52:35.263', 10998250, NULL, '');
INSERT INTO `act_hi_actinst` VALUES ('2602', 'SupplierRegister:1:2504', '2596', '2601', 'start', NULL, NULL, '', 'startEvent', NULL, '2020-05-10 18:49:30.757', '2020-05-10 18:49:30.757', 0, NULL, '');
INSERT INTO `act_hi_actinst` VALUES ('2603', 'SupplierRegister:1:2504', '2596', '2601', 'supplier', '2604', NULL, '', 'userTask', 'gys7', '2020-05-10 18:49:30.757', '2020-05-10 18:49:30.784', 27, NULL, '');
INSERT INTO `act_hi_actinst` VALUES ('2606', 'SupplierRegister:1:2504', '2596', '2601', 'sid-4BD0748D-0444-4FC4-833C-D3B964B3D10C', '2607', NULL, '', 'userTask', 'approve1', '2020-05-10 18:49:30.784', '2020-05-10 21:53:42.425', 11051641, NULL, '');
INSERT INTO `act_hi_actinst` VALUES ('2615', 'SupplierRegister:1:2504', '2609', '2614', 'start', NULL, NULL, '', 'startEvent', NULL, '2020-05-10 18:49:41.970', '2020-05-10 18:49:41.970', 0, NULL, '');
INSERT INTO `act_hi_actinst` VALUES ('2616', 'SupplierRegister:1:2504', '2609', '2614', 'supplier', '2617', NULL, '', 'userTask', 'gys8', '2020-05-10 18:49:41.970', '2020-05-10 18:49:41.990', 20, NULL, '');
INSERT INTO `act_hi_actinst` VALUES ('2619', 'SupplierRegister:1:2504', '2609', '2614', 'sid-4BD0748D-0444-4FC4-833C-D3B964B3D10C', '2620', NULL, '', 'userTask', 'approve1', '2020-05-10 18:49:41.990', '2020-05-10 21:55:18.610', 11136620, NULL, '');
INSERT INTO `act_hi_actinst` VALUES ('2628', 'SupplierRegister:1:2504', '2622', '2627', 'start', NULL, NULL, '', 'startEvent', NULL, '2020-05-10 18:49:52.867', '2020-05-10 18:49:52.867', 0, NULL, '');
INSERT INTO `act_hi_actinst` VALUES ('2629', 'SupplierRegister:1:2504', '2622', '2627', 'supplier', '2630', NULL, '', 'userTask', 'gys9', '2020-05-10 18:49:52.867', '2020-05-10 18:49:52.885', 18, NULL, '');
INSERT INTO `act_hi_actinst` VALUES ('2632', 'SupplierRegister:1:2504', '2622', '2627', 'sid-4BD0748D-0444-4FC4-833C-D3B964B3D10C', '2633', NULL, '', 'userTask', 'approve1', '2020-05-10 18:49:52.886', '2020-05-11 10:02:19.590', 54746704, NULL, '');
INSERT INTO `act_hi_actinst` VALUES ('2641', 'SupplierRegister:1:2504', '2635', '2640', 'start', NULL, NULL, '', 'startEvent', NULL, '2020-05-10 18:50:13.481', '2020-05-10 18:50:13.481', 0, NULL, '');
INSERT INTO `act_hi_actinst` VALUES ('2642', 'SupplierRegister:1:2504', '2635', '2640', 'supplier', '2643', NULL, '', 'userTask', 'gys10', '2020-05-10 18:50:13.481', '2020-05-10 18:50:13.501', 20, NULL, '');
INSERT INTO `act_hi_actinst` VALUES ('2645', 'SupplierRegister:1:2504', '2635', '2640', 'sid-4BD0748D-0444-4FC4-833C-D3B964B3D10C', '2646', NULL, '', 'userTask', 'approve1', '2020-05-10 18:50:13.502', '2020-05-10 22:19:51.317', 12577815, NULL, '');
INSERT INTO `act_hi_actinst` VALUES ('2654', 'SupplierRegister:1:2504', '2648', '2653', 'start', NULL, NULL, '', 'startEvent', NULL, '2020-05-10 18:50:24.779', '2020-05-10 18:50:24.779', 0, NULL, '');
INSERT INTO `act_hi_actinst` VALUES ('2655', 'SupplierRegister:1:2504', '2648', '2653', 'supplier', '2656', NULL, '', 'userTask', 'gys11', '2020-05-10 18:50:24.779', '2020-05-10 18:50:24.797', 18, NULL, '');
INSERT INTO `act_hi_actinst` VALUES ('2658', 'SupplierRegister:1:2504', '2648', '2653', 'sid-4BD0748D-0444-4FC4-833C-D3B964B3D10C', '2659', NULL, '', 'userTask', 'approve1', '2020-05-10 18:50:24.797', '2020-05-11 10:09:53.646', 55168849, NULL, '');
INSERT INTO `act_hi_actinst` VALUES ('2667', 'SupplierRegister:1:2504', '2661', '2666', 'start', NULL, NULL, '', 'startEvent', NULL, '2020-05-10 18:50:40.806', '2020-05-10 18:50:40.806', 0, NULL, '');
INSERT INTO `act_hi_actinst` VALUES ('2668', 'SupplierRegister:1:2504', '2661', '2666', 'supplier', '2669', NULL, '', 'userTask', 'gys12', '2020-05-10 18:50:40.806', '2020-05-10 18:50:40.824', 18, NULL, '');
INSERT INTO `act_hi_actinst` VALUES ('2671', 'SupplierRegister:1:2504', '2661', '2666', 'sid-4BD0748D-0444-4FC4-833C-D3B964B3D10C', '2672', NULL, '', 'userTask', 'approve1', '2020-05-10 18:50:40.824', '2020-05-12 14:54:06.464', 158605640, NULL, '');
INSERT INTO `act_hi_actinst` VALUES ('2680', 'SupplierRegister:1:2504', '2674', '2679', 'start', NULL, NULL, '', 'startEvent', NULL, '2020-05-10 18:51:04.115', '2020-05-10 18:51:04.115', 0, NULL, '');
INSERT INTO `act_hi_actinst` VALUES ('2681', 'SupplierRegister:1:2504', '2674', '2679', 'supplier', '2682', NULL, '', 'userTask', 'gys13', '2020-05-10 18:51:04.115', '2020-05-10 18:51:04.132', 17, NULL, '');
INSERT INTO `act_hi_actinst` VALUES ('2684', 'SupplierRegister:1:2504', '2674', '2679', 'sid-4BD0748D-0444-4FC4-833C-D3B964B3D10C', '2685', NULL, '', 'userTask', 'approve1', '2020-05-10 18:51:04.132', '2020-05-12 14:54:01.172', 158577040, NULL, '');
INSERT INTO `act_hi_actinst` VALUES ('2693', 'SupplierRegister:1:2504', '2687', '2692', 'start', NULL, NULL, '', 'startEvent', NULL, '2020-05-10 18:51:19.427', '2020-05-10 18:51:19.427', 0, NULL, '');
INSERT INTO `act_hi_actinst` VALUES ('2694', 'SupplierRegister:1:2504', '2687', '2692', 'supplier', '2695', NULL, '', 'userTask', 'gys14', '2020-05-10 18:51:19.427', '2020-05-10 18:51:19.443', 16, NULL, '');
INSERT INTO `act_hi_actinst` VALUES ('2697', 'SupplierRegister:1:2504', '2687', '2692', 'sid-4BD0748D-0444-4FC4-833C-D3B964B3D10C', '2698', NULL, '', 'userTask', 'approve1', '2020-05-10 18:51:19.443', '2020-05-10 21:55:34.444', 11055001, NULL, '');
INSERT INTO `act_hi_actinst` VALUES ('27503', 'TenderingApplyProject:1:22504', '22505', '22510', 'startapprove', NULL, NULL, '', 'exclusiveGateway', NULL, '2020-05-13 14:30:54.932', '2020-05-13 14:30:54.955', 23, NULL, '');
INSERT INTO `act_hi_actinst` VALUES ('27504', 'TenderingApplyProject:1:22504', '22505', '22510', 'end', NULL, NULL, '', 'endEvent', NULL, '2020-05-13 14:30:54.956', '2020-05-13 14:30:54.956', 0, NULL, '');
INSERT INTO `act_hi_actinst` VALUES ('27511', 'TenderingApplyProject:1:22504', '27505', '27510', 'start', NULL, NULL, '', 'startEvent', NULL, '2020-05-13 14:35:17.202', '2020-05-13 14:35:17.202', 0, NULL, '');
INSERT INTO `act_hi_actinst` VALUES ('27512', 'TenderingApplyProject:1:22504', '27505', '27510', 'applyproject', '27513', NULL, '', 'userTask', 'admin', '2020-05-13 14:35:17.202', '2020-05-13 14:35:17.238', 36, NULL, '');
INSERT INTO `act_hi_actinst` VALUES ('27515', 'TenderingApplyProject:1:22504', '27505', '27510', 'approve', '27516', NULL, '', 'userTask', 'approve1', '2020-05-13 14:35:17.238', '2020-05-13 14:40:48.410', 331172, NULL, '');
INSERT INTO `act_hi_actinst` VALUES ('27524', 'TenderingApplyProject:1:22504', '27518', '27523', 'start', NULL, NULL, '', 'startEvent', NULL, '2020-05-13 14:40:24.781', '2020-05-13 14:40:24.781', 0, NULL, '');
INSERT INTO `act_hi_actinst` VALUES ('27525', 'TenderingApplyProject:1:22504', '27518', '27523', 'applyproject', '27526', NULL, '', 'userTask', 'admin', '2020-05-13 14:40:24.781', '2020-05-13 14:40:24.807', 26, NULL, '');
INSERT INTO `act_hi_actinst` VALUES ('27528', 'TenderingApplyProject:1:22504', '27518', '27523', 'approve', '27529', NULL, '', 'userTask', 'approve1', '2020-05-13 14:40:24.807', '2020-05-13 14:40:43.056', 18249, NULL, '');
INSERT INTO `act_hi_actinst` VALUES ('27533', 'TenderingApplyProject:1:22504', '27518', '27523', 'startapprove', NULL, NULL, '', 'exclusiveGateway', NULL, '2020-05-13 14:40:43.056', '2020-05-13 14:40:43.056', 0, NULL, '');
INSERT INTO `act_hi_actinst` VALUES ('27534', 'TenderingApplyProject:1:22504', '27518', '27523', 'end', NULL, NULL, '', 'endEvent', NULL, '2020-05-13 14:40:43.057', '2020-05-13 14:40:43.057', 0, NULL, '');
INSERT INTO `act_hi_actinst` VALUES ('27537', 'TenderingApplyProject:1:22504', '27505', '27510', 'startapprove', NULL, NULL, '', 'exclusiveGateway', NULL, '2020-05-13 14:40:48.410', '2020-05-13 14:40:48.410', 0, NULL, '');
INSERT INTO `act_hi_actinst` VALUES ('27538', 'TenderingApplyProject:1:22504', '27505', '27510', 'end', NULL, NULL, '', 'endEvent', NULL, '2020-05-13 14:40:48.411', '2020-05-13 14:40:48.411', 0, NULL, '');
INSERT INTO `act_hi_actinst` VALUES ('27545', 'TenderingApplyProject:1:22504', '27539', '27544', 'start', NULL, NULL, '', 'startEvent', NULL, '2020-05-13 14:43:14.362', '2020-05-13 14:43:14.362', 0, NULL, '');
INSERT INTO `act_hi_actinst` VALUES ('27546', 'TenderingApplyProject:1:22504', '27539', '27544', 'applyproject', '27547', NULL, '', 'userTask', 'admin', '2020-05-13 14:43:14.362', '2020-05-13 14:43:14.385', 23, NULL, '');
INSERT INTO `act_hi_actinst` VALUES ('27549', 'TenderingApplyProject:1:22504', '27539', '27544', 'approve', '27550', NULL, '', 'userTask', 'approve1', '2020-05-13 14:43:14.385', '2020-05-13 14:43:37.411', 23026, NULL, '');
INSERT INTO `act_hi_actinst` VALUES ('27554', 'TenderingApplyProject:1:22504', '27539', '27544', 'startapprove', NULL, NULL, '', 'exclusiveGateway', NULL, '2020-05-13 14:43:37.411', '2020-05-13 14:43:37.411', 0, NULL, '');
INSERT INTO `act_hi_actinst` VALUES ('27555', 'TenderingApplyProject:1:22504', '27539', '27544', 'end', NULL, NULL, '', 'endEvent', NULL, '2020-05-13 14:43:37.412', '2020-05-13 14:43:37.412', 0, NULL, '');
INSERT INTO `act_hi_actinst` VALUES ('30007', 'TenderingApplyProject:1:22504', '30001', '30006', 'start', NULL, NULL, '', 'startEvent', NULL, '2020-05-13 14:53:37.832', '2020-05-13 14:53:37.833', 1, NULL, '');
INSERT INTO `act_hi_actinst` VALUES ('30008', 'TenderingApplyProject:1:22504', '30001', '30006', 'applyproject', '30009', NULL, '', 'userTask', 'tender1', '2020-05-13 14:53:37.835', '2020-05-13 14:53:37.900', 65, NULL, '');
INSERT INTO `act_hi_actinst` VALUES ('30011', 'TenderingApplyProject:1:22504', '30001', '30006', 'approve', '30012', NULL, '', 'userTask', 'approve1', '2020-05-13 14:53:37.900', '2020-05-13 20:53:48.658', 21610758, NULL, '');
INSERT INTO `act_hi_actinst` VALUES ('30020', 'TenderingApplyProject:1:22504', '30014', '30019', 'start', NULL, NULL, '', 'startEvent', NULL, '2020-05-13 14:55:32.187', '2020-05-13 14:55:32.187', 0, NULL, '');
INSERT INTO `act_hi_actinst` VALUES ('30021', 'TenderingApplyProject:1:22504', '30014', '30019', 'applyproject', '30022', NULL, '', 'userTask', 'tender3', '2020-05-13 14:55:32.187', '2020-05-13 14:55:32.208', 21, NULL, '');
INSERT INTO `act_hi_actinst` VALUES ('30024', 'TenderingApplyProject:1:22504', '30014', '30019', 'approve', '30025', NULL, '', 'userTask', 'approve1', '2020-05-13 14:55:32.208', '2020-05-14 18:22:54.814', 98842606, NULL, '');
INSERT INTO `act_hi_actinst` VALUES ('32503', 'SupplierRegister:1:2504', '17501', '17506', 'approve', NULL, NULL, '', 'exclusiveGateway', NULL, '2020-05-13 16:18:33.254', '2020-05-13 16:18:33.283', 29, NULL, '');
INSERT INTO `act_hi_actinst` VALUES ('32504', 'SupplierRegister:1:2504', '17501', '17506', 'end', NULL, NULL, '', 'endEvent', NULL, '2020-05-13 16:18:33.284', '2020-05-13 16:18:33.284', 0, NULL, '');
INSERT INTO `act_hi_actinst` VALUES ('35003', 'TenderingApplyProject:1:22504', '30001', '30006', 'startapprove', NULL, NULL, '', 'exclusiveGateway', NULL, '2020-05-13 20:53:48.662', '2020-05-13 20:53:48.700', 38, NULL, '');
INSERT INTO `act_hi_actinst` VALUES ('35004', 'TenderingApplyProject:1:22504', '30001', '30006', 'end', NULL, NULL, '', 'endEvent', NULL, '2020-05-13 20:53:48.701', '2020-05-13 20:53:48.701', 0, NULL, '');
INSERT INTO `act_hi_actinst` VALUES ('37507', 'TenderingApplyProject:1:22504', '37501', '37506', 'start', NULL, NULL, '', 'startEvent', NULL, '2020-05-14 16:44:10.812', '2020-05-14 16:44:10.814', 2, NULL, '');
INSERT INTO `act_hi_actinst` VALUES ('37508', 'TenderingApplyProject:1:22504', '37501', '37506', 'applyproject', '37509', NULL, '', 'userTask', 'admin', '2020-05-14 16:44:10.816', '2020-05-14 16:44:10.924', 108, NULL, '');
INSERT INTO `act_hi_actinst` VALUES ('37511', 'TenderingApplyProject:1:22504', '37501', '37506', 'approve', '37512', NULL, '', 'userTask', 'approve1', '2020-05-14 16:44:10.924', '2020-05-14 16:46:39.166', 148242, NULL, '');
INSERT INTO `act_hi_actinst` VALUES ('37520', 'TenderingApplyProject:1:22504', '37514', '37519', 'start', NULL, NULL, '', 'startEvent', NULL, '2020-05-14 16:44:13.097', '2020-05-14 16:44:13.097', 0, NULL, '');
INSERT INTO `act_hi_actinst` VALUES ('37521', 'TenderingApplyProject:1:22504', '37514', '37519', 'applyproject', '37522', NULL, '', 'userTask', 'admin', '2020-05-14 16:44:13.097', '2020-05-14 16:44:13.125', 28, NULL, '');
INSERT INTO `act_hi_actinst` VALUES ('37524', 'TenderingApplyProject:1:22504', '37514', '37519', 'approve', '37525', NULL, '', 'userTask', 'approve1', '2020-05-14 16:44:13.125', '2020-05-14 16:44:25.859', 12734, NULL, '');
INSERT INTO `act_hi_actinst` VALUES ('37529', 'TenderingApplyProject:1:22504', '37514', '37519', 'startapprove', NULL, NULL, '', 'exclusiveGateway', NULL, '2020-05-14 16:44:25.859', '2020-05-14 16:44:25.869', 10, NULL, '');
INSERT INTO `act_hi_actinst` VALUES ('37530', 'TenderingApplyProject:1:22504', '37514', '37519', 'end', NULL, NULL, '', 'endEvent', NULL, '2020-05-14 16:44:25.870', '2020-05-14 16:44:25.870', 0, NULL, '');
INSERT INTO `act_hi_actinst` VALUES ('40003', 'TenderingApplyProject:1:22504', '37501', '37506', 'startapprove', NULL, NULL, '', 'exclusiveGateway', NULL, '2020-05-14 16:46:39.168', '2020-05-14 16:46:39.187', 19, NULL, '');
INSERT INTO `act_hi_actinst` VALUES ('40004', 'TenderingApplyProject:1:22504', '37501', '37506', 'end', NULL, NULL, '', 'endEvent', NULL, '2020-05-14 16:46:39.188', '2020-05-14 16:46:39.188', 0, NULL, '');
INSERT INTO `act_hi_actinst` VALUES ('42507', 'TenderingApplyProject:1:22504', '42501', '42506', 'start', NULL, NULL, '', 'startEvent', NULL, '2020-05-14 16:56:50.055', '2020-05-14 16:56:50.057', 2, NULL, '');
INSERT INTO `act_hi_actinst` VALUES ('42508', 'TenderingApplyProject:1:22504', '42501', '42506', 'applyproject', '42509', NULL, '', 'userTask', 'admin', '2020-05-14 16:56:50.058', '2020-05-14 16:56:50.144', 86, NULL, '');
INSERT INTO `act_hi_actinst` VALUES ('42511', 'TenderingApplyProject:1:22504', '42501', '42506', 'approve', '42512', NULL, '', 'userTask', 'approve1', '2020-05-14 16:56:50.144', '2020-05-14 16:57:00.701', 10557, NULL, '');
INSERT INTO `act_hi_actinst` VALUES ('42516', 'TenderingApplyProject:1:22504', '42501', '42506', 'startapprove', NULL, NULL, '', 'exclusiveGateway', NULL, '2020-05-14 16:57:00.701', '2020-05-14 16:57:00.710', 9, NULL, '');
INSERT INTO `act_hi_actinst` VALUES ('42517', 'TenderingApplyProject:1:22504', '42501', '42506', 'end', NULL, NULL, '', 'endEvent', NULL, '2020-05-14 16:57:00.711', '2020-05-14 16:57:00.711', 0, NULL, '');
INSERT INTO `act_hi_actinst` VALUES ('42520', 'TenderingApplyProject:1:22504', '30014', '30019', 'startapprove', NULL, NULL, '', 'exclusiveGateway', NULL, '2020-05-14 18:22:54.814', '2020-05-14 18:22:54.815', 1, NULL, '');
INSERT INTO `act_hi_actinst` VALUES ('42521', 'TenderingApplyProject:1:22504', '30014', '30019', 'end', NULL, NULL, '', 'endEvent', NULL, '2020-05-14 18:22:54.815', '2020-05-14 18:22:54.816', 1, NULL, '');
INSERT INTO `act_hi_actinst` VALUES ('47507', 'TenderingApplyNotice:1:45005', '47501', '47506', 'start', NULL, NULL, '', 'startEvent', NULL, '2020-05-19 10:25:54.265', '2020-05-19 10:25:54.267', 2, NULL, '');
INSERT INTO `act_hi_actinst` VALUES ('47508', 'TenderingApplyNotice:1:45005', '47501', '47506', 'applyNotice', '47509', NULL, '', 'userTask', 'admin', '2020-05-19 10:25:54.268', '2020-05-19 10:25:54.386', 118, NULL, '');
INSERT INTO `act_hi_actinst` VALUES ('47511', 'TenderingApplyNotice:1:45005', '47501', '47506', 'approve', '47512', NULL, '', 'userTask', 'approve1', '2020-05-19 10:25:54.387', NULL, NULL, NULL, '');
INSERT INTO `act_hi_actinst` VALUES ('50007', 'TenderingApplyNotice:1:45005', '50001', '50006', 'start', NULL, NULL, '', 'startEvent', NULL, '2020-05-19 10:27:28.876', '2020-05-19 10:27:28.880', 4, NULL, '');
INSERT INTO `act_hi_actinst` VALUES ('50008', 'TenderingApplyNotice:1:45005', '50001', '50006', 'applyNotice', '50009', NULL, '', 'userTask', 'admin', '2020-05-19 10:27:28.883', '2020-05-19 10:27:28.996', 113, NULL, '');
INSERT INTO `act_hi_actinst` VALUES ('50011', 'TenderingApplyNotice:1:45005', '50001', '50006', 'approve', '50012', NULL, '', 'userTask', 'approve1', '2020-05-19 10:27:28.996', NULL, NULL, NULL, '');
INSERT INTO `act_hi_actinst` VALUES ('5003', 'SupplierRegister:1:2504', '2518', '2523', 'approve', NULL, NULL, '', 'exclusiveGateway', NULL, '2020-05-10 21:34:47.343', '2020-05-10 21:34:47.372', 29, NULL, '');
INSERT INTO `act_hi_actinst` VALUES ('5004', 'SupplierRegister:1:2504', '2518', '2523', 'end', NULL, NULL, '', 'endEvent', NULL, '2020-05-10 21:34:47.373', '2020-05-10 21:34:47.373', 0, NULL, '');
INSERT INTO `act_hi_actinst` VALUES ('5007', 'SupplierRegister:1:2504', '2531', '2536', 'approve', NULL, NULL, '', 'exclusiveGateway', NULL, '2020-05-10 21:36:45.353', '2020-05-10 21:36:45.354', 1, NULL, '');
INSERT INTO `act_hi_actinst` VALUES ('5008', 'SupplierRegister:1:2504', '2531', '2536', 'end', NULL, NULL, '', 'endEvent', NULL, '2020-05-10 21:36:45.358', '2020-05-10 21:36:45.358', 0, NULL, '');
INSERT INTO `act_hi_actinst` VALUES ('52507', 'TenderingApplyProject:1:22504', '52501', '52506', 'start', NULL, NULL, '', 'startEvent', NULL, '2020-05-20 10:05:12.874', '2020-05-20 10:05:12.877', 3, NULL, '');
INSERT INTO `act_hi_actinst` VALUES ('52508', 'TenderingApplyProject:1:22504', '52501', '52506', 'applyproject', '52509', NULL, '', 'userTask', 'admin', '2020-05-20 10:05:12.880', '2020-05-20 10:05:13.002', 122, NULL, '');
INSERT INTO `act_hi_actinst` VALUES ('52511', 'TenderingApplyProject:1:22504', '52501', '52506', 'approve', '52512', NULL, '', 'userTask', 'approve1', '2020-05-20 10:05:13.002', NULL, NULL, NULL, '');
INSERT INTO `act_hi_actinst` VALUES ('52520', 'TenderingApplyNotice:1:45005', '52514', '52519', 'start', NULL, NULL, '', 'startEvent', NULL, '2020-05-20 10:20:10.946', '2020-05-20 10:20:10.946', 0, NULL, '');
INSERT INTO `act_hi_actinst` VALUES ('52521', 'TenderingApplyNotice:1:45005', '52514', '52519', 'applyNotice', '52522', NULL, '', 'userTask', 'admin', '2020-05-20 10:20:10.946', '2020-05-20 10:20:10.972', 26, NULL, '');
INSERT INTO `act_hi_actinst` VALUES ('52524', 'TenderingApplyNotice:1:45005', '52514', '52519', 'approve', '52525', NULL, '', 'userTask', 'approve1', '2020-05-20 10:20:10.972', NULL, NULL, NULL, '');
INSERT INTO `act_hi_actinst` VALUES ('52533', 'TenderingApplyNotice:1:45005', '52527', '52532', 'start', NULL, NULL, '', 'startEvent', NULL, '2020-05-20 10:20:13.126', '2020-05-20 10:20:13.126', 0, NULL, '');
INSERT INTO `act_hi_actinst` VALUES ('52534', 'TenderingApplyNotice:1:45005', '52527', '52532', 'applyNotice', '52535', NULL, '', 'userTask', 'admin', '2020-05-20 10:20:13.126', '2020-05-20 10:20:13.144', 18, NULL, '');
INSERT INTO `act_hi_actinst` VALUES ('52537', 'TenderingApplyNotice:1:45005', '52527', '52532', 'approve', '52538', NULL, '', 'userTask', 'approve1', '2020-05-20 10:20:13.145', '2020-05-30 15:11:29.069', 881475924, NULL, '');
INSERT INTO `act_hi_actinst` VALUES ('52546', 'TenderingApplyNotice:1:45005', '52540', '52545', 'start', NULL, NULL, '', 'startEvent', NULL, '2020-05-20 10:20:13.738', '2020-05-20 10:20:13.738', 0, NULL, '');
INSERT INTO `act_hi_actinst` VALUES ('52547', 'TenderingApplyNotice:1:45005', '52540', '52545', 'applyNotice', '52548', NULL, '', 'userTask', 'admin', '2020-05-20 10:20:13.738', '2020-05-20 10:20:13.764', 26, NULL, '');
INSERT INTO `act_hi_actinst` VALUES ('52550', 'TenderingApplyNotice:1:45005', '52540', '52545', 'approve', '52551', NULL, '', 'userTask', 'approve1', '2020-05-20 10:20:13.764', '2020-05-30 15:09:20.732', 881346968, NULL, '');
INSERT INTO `act_hi_actinst` VALUES ('52559', 'TenderingApplyNotice:1:45005', '52553', '52558', 'start', NULL, NULL, '', 'startEvent', NULL, '2020-05-20 10:20:14.628', '2020-05-20 10:20:14.628', 0, NULL, '');
INSERT INTO `act_hi_actinst` VALUES ('52560', 'TenderingApplyNotice:1:45005', '52553', '52558', 'applyNotice', '52561', NULL, '', 'userTask', 'admin', '2020-05-20 10:20:14.628', '2020-05-20 10:20:14.655', 27, NULL, '');
INSERT INTO `act_hi_actinst` VALUES ('52563', 'TenderingApplyNotice:1:45005', '52553', '52558', 'approve', '52564', NULL, '', 'userTask', 'approve1', '2020-05-20 10:20:14.655', NULL, NULL, NULL, '');
INSERT INTO `act_hi_actinst` VALUES ('52572', 'TenderingApplyNotice:1:45005', '52566', '52571', 'start', NULL, NULL, '', 'startEvent', NULL, '2020-05-20 10:20:15.911', '2020-05-20 10:20:15.911', 0, NULL, '');
INSERT INTO `act_hi_actinst` VALUES ('52573', 'TenderingApplyNotice:1:45005', '52566', '52571', 'applyNotice', '52574', NULL, '', 'userTask', 'admin', '2020-05-20 10:20:15.911', '2020-05-20 10:20:15.943', 32, NULL, '');
INSERT INTO `act_hi_actinst` VALUES ('52576', 'TenderingApplyNotice:1:45005', '52566', '52571', 'approve', '52577', NULL, '', 'userTask', 'approve1', '2020-05-20 10:20:15.943', NULL, NULL, NULL, '');
INSERT INTO `act_hi_actinst` VALUES ('52585', 'TenderingApplyNotice:1:45005', '52579', '52584', 'start', NULL, NULL, '', 'startEvent', NULL, '2020-05-20 10:20:17.707', '2020-05-20 10:20:17.707', 0, NULL, '');
INSERT INTO `act_hi_actinst` VALUES ('52586', 'TenderingApplyNotice:1:45005', '52579', '52584', 'applyNotice', '52587', NULL, '', 'userTask', 'admin', '2020-05-20 10:20:17.707', '2020-05-20 10:20:17.728', 21, NULL, '');
INSERT INTO `act_hi_actinst` VALUES ('52589', 'TenderingApplyNotice:1:45005', '52579', '52584', 'approve', '52590', NULL, '', 'userTask', 'approve1', '2020-05-20 10:20:17.728', '2020-05-30 15:11:33.001', 881475273, NULL, '');
INSERT INTO `act_hi_actinst` VALUES ('52598', 'TenderingApplyNotice:1:45005', '52592', '52597', 'start', NULL, NULL, '', 'startEvent', NULL, '2020-05-20 10:20:19.510', '2020-05-20 10:20:19.510', 0, NULL, '');
INSERT INTO `act_hi_actinst` VALUES ('52599', 'TenderingApplyNotice:1:45005', '52592', '52597', 'applyNotice', '52600', NULL, '', 'userTask', 'admin', '2020-05-20 10:20:19.510', '2020-05-20 10:20:19.535', 25, NULL, '');
INSERT INTO `act_hi_actinst` VALUES ('52602', 'TenderingApplyNotice:1:45005', '52592', '52597', 'approve', '52603', NULL, '', 'userTask', 'approve1', '2020-05-20 10:20:19.536', '2020-05-20 11:11:08.611', 3049075, NULL, '');
INSERT INTO `act_hi_actinst` VALUES ('52611', 'TenderingApplyNotice:1:45005', '52605', '52610', 'start', NULL, NULL, '', 'startEvent', NULL, '2020-05-20 10:20:20.613', '2020-05-20 10:20:20.613', 0, NULL, '');
INSERT INTO `act_hi_actinst` VALUES ('52612', 'TenderingApplyNotice:1:45005', '52605', '52610', 'applyNotice', '52613', NULL, '', 'userTask', 'admin', '2020-05-20 10:20:20.613', '2020-05-20 10:20:20.630', 17, NULL, '');
INSERT INTO `act_hi_actinst` VALUES ('52615', 'TenderingApplyNotice:1:45005', '52605', '52610', 'approve', '52616', NULL, '', 'userTask', 'approve1', '2020-05-20 10:20:20.630', '2020-05-20 11:07:31.683', 2831053, NULL, '');
INSERT INTO `act_hi_actinst` VALUES ('55003', 'TenderingApplyNotice:1:45005', '52605', '52610', 'sid-28F13490-450E-4944-A4BA-4052B9194984', NULL, NULL, '', 'exclusiveGateway', NULL, '2020-05-20 11:07:31.689', '2020-05-20 11:07:31.728', 39, NULL, '');
INSERT INTO `act_hi_actinst` VALUES ('55004', 'TenderingApplyNotice:1:45005', '52605', '52610', 'end', NULL, NULL, '', 'endEvent', NULL, '2020-05-20 11:07:31.730', '2020-05-20 11:07:31.730', 0, NULL, '');
INSERT INTO `act_hi_actinst` VALUES ('55007', 'TenderingApplyNotice:1:45005', '52592', '52597', 'sid-28F13490-450E-4944-A4BA-4052B9194984', NULL, NULL, '', 'exclusiveGateway', NULL, '2020-05-20 11:11:08.611', '2020-05-20 11:11:08.611', 0, NULL, '');
INSERT INTO `act_hi_actinst` VALUES ('55008', 'TenderingApplyNotice:1:45005', '52592', '52597', 'end', NULL, NULL, '', 'endEvent', NULL, '2020-05-20 11:11:08.612', '2020-05-20 11:11:08.612', 0, NULL, '');
INSERT INTO `act_hi_actinst` VALUES ('55015', 'TenderingApplyNotice:1:45005', '55009', '55014', 'start', NULL, NULL, '', 'startEvent', NULL, '2020-05-20 11:14:51.691', '2020-05-20 11:14:51.691', 0, NULL, '');
INSERT INTO `act_hi_actinst` VALUES ('55016', 'TenderingApplyNotice:1:45005', '55009', '55014', 'applyNotice', '55017', NULL, '', 'userTask', 'admin', '2020-05-20 11:14:51.691', '2020-05-20 11:14:51.720', 29, NULL, '');
INSERT INTO `act_hi_actinst` VALUES ('55019', 'TenderingApplyNotice:1:45005', '55009', '55014', 'approve', '55020', NULL, '', 'userTask', 'approve1', '2020-05-20 11:14:51.720', '2020-05-20 11:15:09.870', 18150, NULL, '');
INSERT INTO `act_hi_actinst` VALUES ('55024', 'TenderingApplyNotice:1:45005', '55009', '55014', 'sid-28F13490-450E-4944-A4BA-4052B9194984', NULL, NULL, '', 'exclusiveGateway', NULL, '2020-05-20 11:15:09.871', '2020-05-20 11:15:09.871', 0, NULL, '');
INSERT INTO `act_hi_actinst` VALUES ('55025', 'TenderingApplyNotice:1:45005', '55009', '55014', 'end', NULL, NULL, '', 'endEvent', NULL, '2020-05-20 11:15:09.871', '2020-05-20 11:15:09.871', 0, NULL, '');
INSERT INTO `act_hi_actinst` VALUES ('57503', 'TenderingApplyNotice:1:45005', '52540', '52545', 'sid-28F13490-450E-4944-A4BA-4052B9194984', NULL, NULL, '', 'exclusiveGateway', NULL, '2020-05-30 15:09:20.738', '2020-05-30 15:09:20.774', 36, NULL, '');
INSERT INTO `act_hi_actinst` VALUES ('57504', 'TenderingApplyNotice:1:45005', '52540', '52545', 'end', NULL, NULL, '', 'endEvent', NULL, '2020-05-30 15:09:20.776', '2020-05-30 15:09:20.776', 0, NULL, '');
INSERT INTO `act_hi_actinst` VALUES ('57507', 'TenderingApplyNotice:1:45005', '52527', '52532', 'sid-28F13490-450E-4944-A4BA-4052B9194984', NULL, NULL, '', 'exclusiveGateway', NULL, '2020-05-30 15:11:29.069', '2020-05-30 15:11:29.069', 0, NULL, '');
INSERT INTO `act_hi_actinst` VALUES ('57508', 'TenderingApplyNotice:1:45005', '52527', '52532', 'end', NULL, NULL, '', 'endEvent', NULL, '2020-05-30 15:11:29.070', '2020-05-30 15:11:29.070', 0, NULL, '');
INSERT INTO `act_hi_actinst` VALUES ('57511', 'TenderingApplyNotice:1:45005', '52579', '52584', 'sid-28F13490-450E-4944-A4BA-4052B9194984', NULL, NULL, '', 'exclusiveGateway', NULL, '2020-05-30 15:11:33.001', '2020-05-30 15:11:33.001', 0, NULL, '');
INSERT INTO `act_hi_actinst` VALUES ('57512', 'TenderingApplyNotice:1:45005', '52579', '52584', 'end', NULL, NULL, '', 'endEvent', NULL, '2020-05-30 15:11:33.002', '2020-05-30 15:11:33.002', 0, NULL, '');
INSERT INTO `act_hi_actinst` VALUES ('60007', 'TenderingApplyProject:1:22504', '60001', '60006', 'start', NULL, NULL, '', 'startEvent', NULL, '2020-05-31 14:47:38.272', '2020-05-31 14:47:38.273', 1, NULL, '');
INSERT INTO `act_hi_actinst` VALUES ('60008', 'TenderingApplyProject:1:22504', '60001', '60006', 'applyproject', '60009', NULL, '', 'userTask', 'zb1', '2020-05-31 14:47:38.275', '2020-05-31 14:47:38.384', 109, NULL, '');
INSERT INTO `act_hi_actinst` VALUES ('60011', 'TenderingApplyProject:1:22504', '60001', '60006', 'approve', '60012', NULL, '', 'userTask', 'approve1', '2020-05-31 14:47:38.384', '2020-05-31 14:54:31.188', 412804, NULL, '');
INSERT INTO `act_hi_actinst` VALUES ('60016', 'TenderingApplyProject:1:22504', '60001', '60006', 'startapprove', NULL, NULL, '', 'exclusiveGateway', NULL, '2020-05-31 14:54:31.188', '2020-05-31 14:54:31.199', 11, NULL, '');
INSERT INTO `act_hi_actinst` VALUES ('60017', 'TenderingApplyProject:1:22504', '60001', '60006', 'end', NULL, NULL, '', 'endEvent', NULL, '2020-05-31 14:54:31.200', '2020-05-31 14:54:31.200', 0, NULL, '');
INSERT INTO `act_hi_actinst` VALUES ('60024', 'TenderingApplyProject:1:22504', '60018', '60023', 'start', NULL, NULL, '', 'startEvent', NULL, '2020-05-31 14:55:08.252', '2020-05-31 14:55:08.252', 0, NULL, '');
INSERT INTO `act_hi_actinst` VALUES ('60025', 'TenderingApplyProject:1:22504', '60018', '60023', 'applyproject', '60026', NULL, '', 'userTask', 'zb1', '2020-05-31 14:55:08.252', '2020-05-31 14:55:08.280', 28, NULL, '');
INSERT INTO `act_hi_actinst` VALUES ('60028', 'TenderingApplyProject:1:22504', '60018', '60023', 'approve', '60029', NULL, '', 'userTask', 'approve1', '2020-05-31 14:55:08.280', '2020-05-31 14:55:34.106', 25826, NULL, '');
INSERT INTO `act_hi_actinst` VALUES ('60033', 'TenderingApplyProject:1:22504', '60018', '60023', 'startapprove', NULL, NULL, '', 'exclusiveGateway', NULL, '2020-05-31 14:55:34.106', '2020-05-31 14:55:34.106', 0, NULL, '');
INSERT INTO `act_hi_actinst` VALUES ('60034', 'TenderingApplyProject:1:22504', '60018', '60023', 'end', NULL, NULL, '', 'endEvent', NULL, '2020-05-31 14:55:34.107', '2020-05-31 14:55:34.107', 0, NULL, '');
INSERT INTO `act_hi_actinst` VALUES ('60041', 'TenderingApplyNotice:1:45005', '60035', '60040', 'start', NULL, NULL, '', 'startEvent', NULL, '2020-05-31 15:00:32.415', '2020-05-31 15:00:32.415', 0, NULL, '');
INSERT INTO `act_hi_actinst` VALUES ('60042', 'TenderingApplyNotice:1:45005', '60035', '60040', 'applyNotice', '60043', NULL, '', 'userTask', 'zb1', '2020-05-31 15:00:32.415', '2020-05-31 15:00:32.434', 19, NULL, '');
INSERT INTO `act_hi_actinst` VALUES ('60045', 'TenderingApplyNotice:1:45005', '60035', '60040', 'approve', '60046', NULL, '', 'userTask', 'approve1', '2020-05-31 15:00:32.434', '2020-05-31 15:01:06.839', 34405, NULL, '');
INSERT INTO `act_hi_actinst` VALUES ('60050', 'TenderingApplyNotice:1:45005', '60035', '60040', 'sid-28F13490-450E-4944-A4BA-4052B9194984', NULL, NULL, '', 'exclusiveGateway', NULL, '2020-05-31 15:01:06.839', '2020-05-31 15:01:06.839', 0, NULL, '');
INSERT INTO `act_hi_actinst` VALUES ('60051', 'TenderingApplyNotice:1:45005', '60035', '60040', 'end', NULL, NULL, '', 'endEvent', NULL, '2020-05-31 15:01:06.840', '2020-05-31 15:01:06.840', 0, NULL, '');
INSERT INTO `act_hi_actinst` VALUES ('60058', 'TenderingApplyProject:1:22504', '60052', '60057', 'start', NULL, NULL, '', 'startEvent', NULL, '2020-05-31 15:18:00.195', '2020-05-31 15:18:00.195', 0, NULL, '');
INSERT INTO `act_hi_actinst` VALUES ('60059', 'TenderingApplyProject:1:22504', '60052', '60057', 'applyproject', '60060', NULL, '', 'userTask', 'zb1', '2020-05-31 15:18:00.195', '2020-05-31 15:18:00.223', 28, NULL, '');
INSERT INTO `act_hi_actinst` VALUES ('60062', 'TenderingApplyProject:1:22504', '60052', '60057', 'approve', '60063', NULL, '', 'userTask', 'approve1', '2020-05-31 15:18:00.224', '2020-05-31 15:18:20.165', 19941, NULL, '');
INSERT INTO `act_hi_actinst` VALUES ('60067', 'TenderingApplyProject:1:22504', '60052', '60057', 'startapprove', NULL, NULL, '', 'exclusiveGateway', NULL, '2020-05-31 15:18:20.165', '2020-05-31 15:18:20.165', 0, NULL, '');
INSERT INTO `act_hi_actinst` VALUES ('60068', 'TenderingApplyProject:1:22504', '60052', '60057', 'end', NULL, NULL, '', 'endEvent', NULL, '2020-05-31 15:18:20.166', '2020-05-31 15:18:20.166', 0, NULL, '');
INSERT INTO `act_hi_actinst` VALUES ('62507', 'TenderingApplyProject:1:22504', '62501', '62506', 'start', NULL, NULL, '', 'startEvent', NULL, '2020-05-31 17:42:50.441', '2020-05-31 17:42:50.442', 1, NULL, '');
INSERT INTO `act_hi_actinst` VALUES ('62508', 'TenderingApplyProject:1:22504', '62501', '62506', 'applyproject', '62509', NULL, '', 'userTask', 'zb2', '2020-05-31 17:42:50.445', '2020-05-31 17:42:50.548', 103, NULL, '');
INSERT INTO `act_hi_actinst` VALUES ('62511', 'TenderingApplyProject:1:22504', '62501', '62506', 'approve', '62512', NULL, '', 'userTask', 'approve1', '2020-05-31 17:42:50.548', '2020-05-31 17:42:59.924', 9376, NULL, '');
INSERT INTO `act_hi_actinst` VALUES ('62516', 'TenderingApplyProject:1:22504', '62501', '62506', 'startapprove', NULL, NULL, '', 'exclusiveGateway', NULL, '2020-05-31 17:42:59.924', '2020-05-31 17:42:59.934', 10, NULL, '');
INSERT INTO `act_hi_actinst` VALUES ('62517', 'TenderingApplyProject:1:22504', '62501', '62506', 'end', NULL, NULL, '', 'endEvent', NULL, '2020-05-31 17:42:59.935', '2020-05-31 17:42:59.935', 0, NULL, '');
INSERT INTO `act_hi_actinst` VALUES ('65007', 'TenderingApplyProject:1:22504', '65001', '65006', 'start', NULL, NULL, '', 'startEvent', NULL, '2020-06-03 22:02:01.868', '2020-06-03 22:02:01.870', 2, NULL, '');
INSERT INTO `act_hi_actinst` VALUES ('65008', 'TenderingApplyProject:1:22504', '65001', '65006', 'applyproject', '65009', NULL, '', 'userTask', 'zb1', '2020-06-03 22:02:01.872', '2020-06-03 22:02:01.979', 107, NULL, '');
INSERT INTO `act_hi_actinst` VALUES ('65011', 'TenderingApplyProject:1:22504', '65001', '65006', 'approve', '65012', NULL, '', 'userTask', 'approve1', '2020-06-03 22:02:01.979', '2020-06-03 22:02:12.498', 10519, NULL, '');
INSERT INTO `act_hi_actinst` VALUES ('65016', 'TenderingApplyProject:1:22504', '65001', '65006', 'startapprove', NULL, NULL, '', 'exclusiveGateway', NULL, '2020-06-03 22:02:12.498', '2020-06-03 22:02:12.510', 12, NULL, '');
INSERT INTO `act_hi_actinst` VALUES ('65017', 'TenderingApplyProject:1:22504', '65001', '65006', 'end', NULL, NULL, '', 'endEvent', NULL, '2020-06-03 22:02:12.511', '2020-06-03 22:02:12.511', 0, NULL, '');
INSERT INTO `act_hi_actinst` VALUES ('67507', 'TenderingApplyProject:1:22504', '67501', '67506', 'start', NULL, NULL, '', 'startEvent', NULL, '2020-06-05 19:09:52.014', '2020-06-05 19:09:52.015', 1, NULL, '');
INSERT INTO `act_hi_actinst` VALUES ('67508', 'TenderingApplyProject:1:22504', '67501', '67506', 'applyproject', '67509', NULL, '', 'userTask', 'zb1', '2020-06-05 19:09:52.017', '2020-06-05 19:09:52.104', 87, NULL, '');
INSERT INTO `act_hi_actinst` VALUES ('67511', 'TenderingApplyProject:1:22504', '67501', '67506', 'approve', '67512', NULL, '', 'userTask', 'approve1', '2020-06-05 19:09:52.105', '2020-06-05 19:12:24.211', 152106, NULL, '');
INSERT INTO `act_hi_actinst` VALUES ('67520', 'TenderingApplyProject:1:22504', '67514', '67519', 'start', NULL, NULL, '', 'startEvent', NULL, '2020-06-05 19:09:53.679', '2020-06-05 19:09:53.679', 0, NULL, '');
INSERT INTO `act_hi_actinst` VALUES ('67521', 'TenderingApplyProject:1:22504', '67514', '67519', 'applyproject', '67522', NULL, '', 'userTask', 'zb1', '2020-06-05 19:09:53.679', '2020-06-05 19:09:53.701', 22, NULL, '');
INSERT INTO `act_hi_actinst` VALUES ('67524', 'TenderingApplyProject:1:22504', '67514', '67519', 'approve', '67525', NULL, '', 'userTask', 'approve1', '2020-06-05 19:09:53.701', '2020-06-05 19:12:29.427', 155726, NULL, '');
INSERT INTO `act_hi_actinst` VALUES ('67533', 'TenderingApplyProject:1:22504', '67527', '67532', 'start', NULL, NULL, '', 'startEvent', NULL, '2020-06-05 19:11:11.372', '2020-06-05 19:11:11.372', 0, NULL, '');
INSERT INTO `act_hi_actinst` VALUES ('67534', 'TenderingApplyProject:1:22504', '67527', '67532', 'applyproject', '67535', NULL, '', 'userTask', 'zb1', '2020-06-05 19:11:11.372', '2020-06-05 19:11:11.401', 29, NULL, '');
INSERT INTO `act_hi_actinst` VALUES ('67537', 'TenderingApplyProject:1:22504', '67527', '67532', 'approve', '67538', NULL, '', 'userTask', 'approve1', '2020-06-05 19:11:11.402', '2020-06-05 19:12:39.197', 87795, NULL, '');
INSERT INTO `act_hi_actinst` VALUES ('67546', 'TenderingApplyProject:1:22504', '67540', '67545', 'start', NULL, NULL, '', 'startEvent', NULL, '2020-06-05 19:11:12.524', '2020-06-05 19:11:12.524', 0, NULL, '');
INSERT INTO `act_hi_actinst` VALUES ('67547', 'TenderingApplyProject:1:22504', '67540', '67545', 'applyproject', '67548', NULL, '', 'userTask', 'zb1', '2020-06-05 19:11:12.524', '2020-06-05 19:11:12.557', 33, NULL, '');
INSERT INTO `act_hi_actinst` VALUES ('67550', 'TenderingApplyProject:1:22504', '67540', '67545', 'approve', '67551', NULL, '', 'userTask', 'approve1', '2020-06-05 19:11:12.558', '2020-06-05 19:12:33.831', 81273, NULL, '');
INSERT INTO `act_hi_actinst` VALUES ('67559', 'TenderingApplyProject:1:22504', '67553', '67558', 'start', NULL, NULL, '', 'startEvent', NULL, '2020-06-05 19:12:01.728', '2020-06-05 19:12:01.728', 0, NULL, '');
INSERT INTO `act_hi_actinst` VALUES ('67560', 'TenderingApplyProject:1:22504', '67553', '67558', 'applyproject', '67561', NULL, '', 'userTask', 'zb1', '2020-06-05 19:12:01.728', '2020-06-05 19:12:01.752', 24, NULL, '');
INSERT INTO `act_hi_actinst` VALUES ('67563', 'TenderingApplyProject:1:22504', '67553', '67558', 'approve', '67564', NULL, '', 'userTask', 'approve1', '2020-06-05 19:12:01.752', NULL, NULL, NULL, '');
INSERT INTO `act_hi_actinst` VALUES ('67568', 'TenderingApplyProject:1:22504', '67501', '67506', 'startapprove', NULL, NULL, '', 'exclusiveGateway', NULL, '2020-06-05 19:12:24.211', '2020-06-05 19:12:24.222', 11, NULL, '');
INSERT INTO `act_hi_actinst` VALUES ('67569', 'TenderingApplyProject:1:22504', '67501', '67506', 'end', NULL, NULL, '', 'endEvent', NULL, '2020-06-05 19:12:24.223', '2020-06-05 19:12:24.223', 0, NULL, '');
INSERT INTO `act_hi_actinst` VALUES ('67572', 'TenderingApplyProject:1:22504', '67514', '67519', 'startapprove', NULL, NULL, '', 'exclusiveGateway', NULL, '2020-06-05 19:12:29.427', '2020-06-05 19:12:29.427', 0, NULL, '');
INSERT INTO `act_hi_actinst` VALUES ('67573', 'TenderingApplyProject:1:22504', '67514', '67519', 'end', NULL, NULL, '', 'endEvent', NULL, '2020-06-05 19:12:29.427', '2020-06-05 19:12:29.427', 0, NULL, '');
INSERT INTO `act_hi_actinst` VALUES ('67576', 'TenderingApplyProject:1:22504', '67540', '67545', 'startapprove', NULL, NULL, '', 'exclusiveGateway', NULL, '2020-06-05 19:12:33.831', '2020-06-05 19:12:33.831', 0, NULL, '');
INSERT INTO `act_hi_actinst` VALUES ('67577', 'TenderingApplyProject:1:22504', '67540', '67545', 'end', NULL, NULL, '', 'endEvent', NULL, '2020-06-05 19:12:33.832', '2020-06-05 19:12:33.832', 0, NULL, '');
INSERT INTO `act_hi_actinst` VALUES ('67580', 'TenderingApplyProject:1:22504', '67527', '67532', 'startapprove', NULL, NULL, '', 'exclusiveGateway', NULL, '2020-06-05 19:12:39.197', '2020-06-05 19:12:39.197', 0, NULL, '');
INSERT INTO `act_hi_actinst` VALUES ('67581', 'TenderingApplyProject:1:22504', '67527', '67532', 'end', NULL, NULL, '', 'endEvent', NULL, '2020-06-05 19:12:39.197', '2020-06-05 19:12:39.197', 0, NULL, '');
INSERT INTO `act_hi_actinst` VALUES ('70007', 'TenderingApplyNotice:1:45005', '70001', '70006', 'start', NULL, NULL, '', 'startEvent', NULL, '2020-06-05 23:15:59.730', '2020-06-05 23:15:59.732', 2, NULL, '');
INSERT INTO `act_hi_actinst` VALUES ('70008', 'TenderingApplyNotice:1:45005', '70001', '70006', 'applyNotice', '70009', NULL, '', 'userTask', 'zb1', '2020-06-05 23:15:59.734', '2020-06-05 23:15:59.822', 88, NULL, '');
INSERT INTO `act_hi_actinst` VALUES ('70011', 'TenderingApplyNotice:1:45005', '70001', '70006', 'approve', '70012', NULL, '', 'userTask', 'approve1', '2020-06-05 23:15:59.822', '2020-06-05 23:16:16.190', 16368, NULL, '');
INSERT INTO `act_hi_actinst` VALUES ('70016', 'TenderingApplyNotice:1:45005', '70001', '70006', 'sid-28F13490-450E-4944-A4BA-4052B9194984', NULL, NULL, '', 'exclusiveGateway', NULL, '2020-06-05 23:16:16.190', '2020-06-05 23:16:16.201', 11, NULL, '');
INSERT INTO `act_hi_actinst` VALUES ('70017', 'TenderingApplyNotice:1:45005', '70001', '70006', 'end', NULL, NULL, '', 'endEvent', NULL, '2020-06-05 23:16:16.202', '2020-06-05 23:16:16.202', 0, NULL, '');
INSERT INTO `act_hi_actinst` VALUES ('70024', 'TenderingApplyProject:1:22504', '70018', '70023', 'start', NULL, NULL, '', 'startEvent', NULL, '2020-06-06 15:07:51.416', '2020-06-06 15:07:51.416', 0, NULL, '');
INSERT INTO `act_hi_actinst` VALUES ('70025', 'TenderingApplyProject:1:22504', '70018', '70023', 'applyproject', '70026', NULL, '', 'userTask', 'zb1', '2020-06-06 15:07:51.416', '2020-06-06 15:07:51.463', 47, NULL, '');
INSERT INTO `act_hi_actinst` VALUES ('70028', 'TenderingApplyProject:1:22504', '70018', '70023', 'approve', '70029', NULL, '', 'userTask', 'approve1', '2020-06-06 15:07:51.463', '2020-06-06 16:03:11.975', 3320512, NULL, '');
INSERT INTO `act_hi_actinst` VALUES ('70033', 'TenderingApplyProject:1:22504', '70018', '70023', 'startapprove', NULL, NULL, '', 'exclusiveGateway', NULL, '2020-06-06 16:03:11.975', '2020-06-06 16:03:11.977', 2, NULL, '');
INSERT INTO `act_hi_actinst` VALUES ('70034', 'TenderingApplyProject:1:22504', '70018', '70023', 'end', NULL, NULL, '', 'endEvent', NULL, '2020-06-06 16:03:11.978', '2020-06-06 16:03:11.978', 0, NULL, '');
INSERT INTO `act_hi_actinst` VALUES ('70041', 'TenderingApplyProject:1:22504', '70035', '70040', 'start', NULL, NULL, '', 'startEvent', NULL, '2020-06-06 16:05:57.781', '2020-06-06 16:05:57.781', 0, NULL, '');
INSERT INTO `act_hi_actinst` VALUES ('70042', 'TenderingApplyProject:1:22504', '70035', '70040', 'applyproject', '70043', NULL, '', 'userTask', 'zb1', '2020-06-06 16:05:57.781', '2020-06-06 16:05:57.807', 26, NULL, '');
INSERT INTO `act_hi_actinst` VALUES ('70045', 'TenderingApplyProject:1:22504', '70035', '70040', 'approve', '70046', NULL, '', 'userTask', 'approve1', '2020-06-06 16:05:57.807', '2020-06-06 16:06:59.485', 61678, NULL, '');
INSERT INTO `act_hi_actinst` VALUES ('70050', 'TenderingApplyProject:1:22504', '70035', '70040', 'startapprove', NULL, NULL, '', 'exclusiveGateway', NULL, '2020-06-06 16:06:59.485', '2020-06-06 16:06:59.485', 0, NULL, '');
INSERT INTO `act_hi_actinst` VALUES ('70051', 'TenderingApplyProject:1:22504', '70035', '70040', 'end', NULL, NULL, '', 'endEvent', NULL, '2020-06-06 16:06:59.486', '2020-06-06 16:06:59.486', 0, NULL, '');
INSERT INTO `act_hi_actinst` VALUES ('7503', 'SupplierRegister:1:2504', '2544', '2549', 'approve', NULL, NULL, '', 'exclusiveGateway', NULL, '2020-05-10 21:47:59.102', '2020-05-10 21:47:59.149', 47, NULL, '');
INSERT INTO `act_hi_actinst` VALUES ('7504', 'SupplierRegister:1:2504', '2544', '2549', 'end', NULL, NULL, '', 'endEvent', NULL, '2020-05-10 21:47:59.150', '2020-05-10 21:47:59.150', 0, NULL, '');
INSERT INTO `act_hi_actinst` VALUES ('7507', 'SupplierRegister:1:2504', '2557', '2562', 'approve', NULL, NULL, '', 'exclusiveGateway', NULL, '2020-05-10 21:50:29.716', '2020-05-10 21:50:29.716', 0, NULL, '');
INSERT INTO `act_hi_actinst` VALUES ('7508', 'SupplierRegister:1:2504', '2557', '2562', 'end', NULL, NULL, '', 'endEvent', NULL, '2020-05-10 21:50:29.717', '2020-05-10 21:50:29.717', 0, NULL, '');
INSERT INTO `act_hi_actinst` VALUES ('7511', 'SupplierRegister:1:2504', '2570', '2575', 'approve', NULL, NULL, '', 'exclusiveGateway', NULL, '2020-05-10 21:51:42.356', '2020-05-10 21:51:42.357', 1, NULL, '');
INSERT INTO `act_hi_actinst` VALUES ('7512', 'SupplierRegister:1:2504', '2570', '2575', 'end', NULL, NULL, '', 'endEvent', NULL, '2020-05-10 21:51:42.358', '2020-05-10 21:51:42.358', 0, NULL, '');
INSERT INTO `act_hi_actinst` VALUES ('7515', 'SupplierRegister:1:2504', '2583', '2588', 'approve', NULL, NULL, '', 'exclusiveGateway', NULL, '2020-05-10 21:52:35.263', '2020-05-10 21:52:35.263', 0, NULL, '');
INSERT INTO `act_hi_actinst` VALUES ('7516', 'SupplierRegister:1:2504', '2583', '2588', 'end', NULL, NULL, '', 'endEvent', NULL, '2020-05-10 21:52:35.264', '2020-05-10 21:52:35.264', 0, NULL, '');
INSERT INTO `act_hi_actinst` VALUES ('7519', 'SupplierRegister:1:2504', '2596', '2601', 'approve', NULL, NULL, '', 'exclusiveGateway', NULL, '2020-05-10 21:53:42.425', '2020-05-10 21:53:42.426', 1, NULL, '');
INSERT INTO `act_hi_actinst` VALUES ('7520', 'SupplierRegister:1:2504', '2596', '2601', 'end', NULL, NULL, '', 'endEvent', NULL, '2020-05-10 21:53:42.426', '2020-05-10 21:53:42.426', 0, NULL, '');
INSERT INTO `act_hi_actinst` VALUES ('7523', 'SupplierRegister:1:2504', '2609', '2614', 'approve', NULL, NULL, '', 'exclusiveGateway', NULL, '2020-05-10 21:55:18.610', '2020-05-10 21:55:18.610', 0, NULL, '');
INSERT INTO `act_hi_actinst` VALUES ('7524', 'SupplierRegister:1:2504', '2609', '2614', 'end', NULL, NULL, '', 'endEvent', NULL, '2020-05-10 21:55:18.611', '2020-05-10 21:55:18.611', 0, NULL, '');
INSERT INTO `act_hi_actinst` VALUES ('7527', 'SupplierRegister:1:2504', '2687', '2692', 'approve', NULL, NULL, '', 'exclusiveGateway', NULL, '2020-05-10 21:55:34.444', '2020-05-10 21:55:34.444', 0, NULL, '');
INSERT INTO `act_hi_actinst` VALUES ('7528', 'SupplierRegister:1:2504', '2687', '2692', 'end', NULL, NULL, '', 'endEvent', NULL, '2020-05-10 21:55:34.445', '2020-05-10 21:55:34.445', 0, NULL, '');
INSERT INTO `act_hi_actinst` VALUES ('7531', 'SupplierRegister:1:2504', '2635', '2640', 'approve', NULL, NULL, '', 'exclusiveGateway', NULL, '2020-05-10 22:19:51.317', '2020-05-10 22:19:51.317', 0, NULL, '');
INSERT INTO `act_hi_actinst` VALUES ('7532', 'SupplierRegister:1:2504', '2635', '2640', 'end', NULL, NULL, '', 'endEvent', NULL, '2020-05-10 22:19:51.318', '2020-05-10 22:19:51.318', 0, NULL, '');

-- ----------------------------
-- Table structure for act_hi_attachment
-- ----------------------------
DROP TABLE IF EXISTS `act_hi_attachment`;
CREATE TABLE `act_hi_attachment`  (
  `ID_` varchar(64) CHARACTER SET utf8 COLLATE utf8_bin NOT NULL,
  `REV_` int(11) NULL DEFAULT NULL,
  `USER_ID_` varchar(255) CHARACTER SET utf8 COLLATE utf8_bin NULL DEFAULT NULL,
  `NAME_` varchar(255) CHARACTER SET utf8 COLLATE utf8_bin NULL DEFAULT NULL,
  `DESCRIPTION_` varchar(4000) CHARACTER SET utf8 COLLATE utf8_bin NULL DEFAULT NULL,
  `TYPE_` varchar(255) CHARACTER SET utf8 COLLATE utf8_bin NULL DEFAULT NULL,
  `TASK_ID_` varchar(64) CHARACTER SET utf8 COLLATE utf8_bin NULL DEFAULT NULL,
  `PROC_INST_ID_` varchar(64) CHARACTER SET utf8 COLLATE utf8_bin NULL DEFAULT NULL,
  `URL_` varchar(4000) CHARACTER SET utf8 COLLATE utf8_bin NULL DEFAULT NULL,
  `CONTENT_ID_` varchar(64) CHARACTER SET utf8 COLLATE utf8_bin NULL DEFAULT NULL,
  `TIME_` datetime(3) NULL DEFAULT NULL,
  PRIMARY KEY (`ID_`) USING BTREE
) ENGINE = InnoDB CHARACTER SET = utf8 COLLATE = utf8_bin ROW_FORMAT = Dynamic;

-- ----------------------------
-- Table structure for act_hi_comment
-- ----------------------------
DROP TABLE IF EXISTS `act_hi_comment`;
CREATE TABLE `act_hi_comment`  (
  `ID_` varchar(64) CHARACTER SET utf8 COLLATE utf8_bin NOT NULL,
  `TYPE_` varchar(255) CHARACTER SET utf8 COLLATE utf8_bin NULL DEFAULT NULL,
  `TIME_` datetime(3) NOT NULL,
  `USER_ID_` varchar(255) CHARACTER SET utf8 COLLATE utf8_bin NULL DEFAULT NULL,
  `TASK_ID_` varchar(64) CHARACTER SET utf8 COLLATE utf8_bin NULL DEFAULT NULL,
  `PROC_INST_ID_` varchar(64) CHARACTER SET utf8 COLLATE utf8_bin NULL DEFAULT NULL,
  `ACTION_` varchar(255) CHARACTER SET utf8 COLLATE utf8_bin NULL DEFAULT NULL,
  `MESSAGE_` varchar(4000) CHARACTER SET utf8 COLLATE utf8_bin NULL DEFAULT NULL,
  `FULL_MSG_` longblob NULL,
  PRIMARY KEY (`ID_`) USING BTREE
) ENGINE = InnoDB CHARACTER SET = utf8 COLLATE = utf8_bin ROW_FORMAT = Dynamic;

-- ----------------------------
-- Table structure for act_hi_detail
-- ----------------------------
DROP TABLE IF EXISTS `act_hi_detail`;
CREATE TABLE `act_hi_detail`  (
  `ID_` varchar(64) CHARACTER SET utf8 COLLATE utf8_bin NOT NULL,
  `TYPE_` varchar(255) CHARACTER SET utf8 COLLATE utf8_bin NOT NULL,
  `PROC_INST_ID_` varchar(64) CHARACTER SET utf8 COLLATE utf8_bin NULL DEFAULT NULL,
  `EXECUTION_ID_` varchar(64) CHARACTER SET utf8 COLLATE utf8_bin NULL DEFAULT NULL,
  `TASK_ID_` varchar(64) CHARACTER SET utf8 COLLATE utf8_bin NULL DEFAULT NULL,
  `ACT_INST_ID_` varchar(64) CHARACTER SET utf8 COLLATE utf8_bin NULL DEFAULT NULL,
  `NAME_` varchar(255) CHARACTER SET utf8 COLLATE utf8_bin NOT NULL,
  `VAR_TYPE_` varchar(255) CHARACTER SET utf8 COLLATE utf8_bin NULL DEFAULT NULL,
  `REV_` int(11) NULL DEFAULT NULL,
  `TIME_` datetime(3) NOT NULL,
  `BYTEARRAY_ID_` varchar(64) CHARACTER SET utf8 COLLATE utf8_bin NULL DEFAULT NULL,
  `DOUBLE_` double NULL DEFAULT NULL,
  `LONG_` bigint(20) NULL DEFAULT NULL,
  `TEXT_` varchar(4000) CHARACTER SET utf8 COLLATE utf8_bin NULL DEFAULT NULL,
  `TEXT2_` varchar(4000) CHARACTER SET utf8 COLLATE utf8_bin NULL DEFAULT NULL,
  PRIMARY KEY (`ID_`) USING BTREE,
  INDEX `ACT_IDX_HI_DETAIL_PROC_INST`(`PROC_INST_ID_`) USING BTREE,
  INDEX `ACT_IDX_HI_DETAIL_ACT_INST`(`ACT_INST_ID_`) USING BTREE,
  INDEX `ACT_IDX_HI_DETAIL_TIME`(`TIME_`) USING BTREE,
  INDEX `ACT_IDX_HI_DETAIL_NAME`(`NAME_`) USING BTREE,
  INDEX `ACT_IDX_HI_DETAIL_TASK_ID`(`TASK_ID_`) USING BTREE
) ENGINE = InnoDB CHARACTER SET = utf8 COLLATE = utf8_bin ROW_FORMAT = Dynamic;

-- ----------------------------
-- Records of act_hi_detail
-- ----------------------------
INSERT INTO `act_hi_detail` VALUES ('10002', 'VariableUpdate', '2622', '2622', NULL, '2632', 'approvestate', 'string', 0, '2020-05-11 10:02:19.570', NULL, NULL, NULL, '3', NULL);
INSERT INTO `act_hi_detail` VALUES ('12502', 'VariableUpdate', '2648', '2648', NULL, '2658', 'approvestate', 'string', 0, '2020-05-11 10:09:53.636', NULL, NULL, NULL, '3', NULL);
INSERT INTO `act_hi_detail` VALUES ('15002', 'VariableUpdate', '2674', '2674', NULL, '2684', 'approvestate', 'string', 0, '2020-05-12 14:54:01.147', NULL, NULL, NULL, '4', NULL);
INSERT INTO `act_hi_detail` VALUES ('15006', 'VariableUpdate', '2661', '2661', NULL, '2671', 'approvestate', 'string', 0, '2020-05-12 14:54:06.459', NULL, NULL, NULL, '3', NULL);
INSERT INTO `act_hi_detail` VALUES ('17503', 'VariableUpdate', '17501', '17501', NULL, NULL, 'approve', 'string', 0, '2020-05-12 15:44:13.052', NULL, NULL, NULL, 'approve1', NULL);
INSERT INTO `act_hi_detail` VALUES ('17505', 'VariableUpdate', '17501', '17501', NULL, NULL, 'userid', 'string', 0, '2020-05-12 15:44:13.053', NULL, NULL, NULL, 'test888', NULL);
INSERT INTO `act_hi_detail` VALUES ('20004', 'VariableUpdate', '20002', '20002', NULL, NULL, 'approve', 'string', 0, '2020-05-13 09:14:01.366', NULL, NULL, NULL, 'approve1', NULL);
INSERT INTO `act_hi_detail` VALUES ('20006', 'VariableUpdate', '20002', '20002', NULL, NULL, 'userid', 'string', 0, '2020-05-13 09:14:01.367', NULL, NULL, NULL, 'MySupplier', NULL);
INSERT INTO `act_hi_detail` VALUES ('20016', 'VariableUpdate', '20002', '20002', NULL, '20012', 'approvestate', 'string', 0, '2020-05-13 09:14:29.165', NULL, NULL, NULL, '3', NULL);
INSERT INTO `act_hi_detail` VALUES ('22507', 'VariableUpdate', '22505', '22505', NULL, NULL, 'approve', 'string', 0, '2020-05-13 10:58:14.468', NULL, NULL, NULL, 'approve1', NULL);
INSERT INTO `act_hi_detail` VALUES ('22509', 'VariableUpdate', '22505', '22505', NULL, NULL, 'userid', 'string', 0, '2020-05-13 10:58:14.475', NULL, NULL, NULL, 'admin', NULL);
INSERT INTO `act_hi_detail` VALUES ('2507', 'VariableUpdate', '2505', '2505', NULL, NULL, 'approve', 'string', 0, '2020-05-10 18:44:09.359', NULL, NULL, NULL, 'approve1', NULL);
INSERT INTO `act_hi_detail` VALUES ('2509', 'VariableUpdate', '2505', '2505', NULL, NULL, 'userid', 'string', 0, '2020-05-10 18:44:09.360', NULL, NULL, NULL, 'gys1', NULL);
INSERT INTO `act_hi_detail` VALUES ('2520', 'VariableUpdate', '2518', '2518', NULL, NULL, 'approve', 'string', 0, '2020-05-10 18:46:45.628', NULL, NULL, NULL, 'approve1', NULL);
INSERT INTO `act_hi_detail` VALUES ('2522', 'VariableUpdate', '2518', '2518', NULL, NULL, 'userid', 'string', 0, '2020-05-10 18:46:45.628', NULL, NULL, NULL, 'gys1', NULL);
INSERT INTO `act_hi_detail` VALUES ('2533', 'VariableUpdate', '2531', '2531', NULL, NULL, 'approve', 'string', 0, '2020-05-10 18:47:22.236', NULL, NULL, NULL, 'approve1', NULL);
INSERT INTO `act_hi_detail` VALUES ('2535', 'VariableUpdate', '2531', '2531', NULL, NULL, 'userid', 'string', 0, '2020-05-10 18:47:22.236', NULL, NULL, NULL, 'gys2', NULL);
INSERT INTO `act_hi_detail` VALUES ('2546', 'VariableUpdate', '2544', '2544', NULL, NULL, 'approve', 'string', 0, '2020-05-10 18:48:43.379', NULL, NULL, NULL, 'approve1', NULL);
INSERT INTO `act_hi_detail` VALUES ('2548', 'VariableUpdate', '2544', '2544', NULL, NULL, 'userid', 'string', 0, '2020-05-10 18:48:43.379', NULL, NULL, NULL, 'gys3', NULL);
INSERT INTO `act_hi_detail` VALUES ('2559', 'VariableUpdate', '2557', '2557', NULL, NULL, 'approve', 'string', 0, '2020-05-10 18:48:55.180', NULL, NULL, NULL, 'approve1', NULL);
INSERT INTO `act_hi_detail` VALUES ('2561', 'VariableUpdate', '2557', '2557', NULL, NULL, 'userid', 'string', 0, '2020-05-10 18:48:55.180', NULL, NULL, NULL, 'gys4', NULL);
INSERT INTO `act_hi_detail` VALUES ('2572', 'VariableUpdate', '2570', '2570', NULL, NULL, 'approve', 'string', 0, '2020-05-10 18:49:07.331', NULL, NULL, NULL, 'approve1', NULL);
INSERT INTO `act_hi_detail` VALUES ('2574', 'VariableUpdate', '2570', '2570', NULL, NULL, 'userid', 'string', 0, '2020-05-10 18:49:07.331', NULL, NULL, NULL, 'gys5', NULL);
INSERT INTO `act_hi_detail` VALUES ('2585', 'VariableUpdate', '2583', '2583', NULL, NULL, 'approve', 'string', 0, '2020-05-10 18:49:16.994', NULL, NULL, NULL, 'approve1', NULL);
INSERT INTO `act_hi_detail` VALUES ('2587', 'VariableUpdate', '2583', '2583', NULL, NULL, 'userid', 'string', 0, '2020-05-10 18:49:16.994', NULL, NULL, NULL, 'gys6', NULL);
INSERT INTO `act_hi_detail` VALUES ('2598', 'VariableUpdate', '2596', '2596', NULL, NULL, 'approve', 'string', 0, '2020-05-10 18:49:30.757', NULL, NULL, NULL, 'approve1', NULL);
INSERT INTO `act_hi_detail` VALUES ('2600', 'VariableUpdate', '2596', '2596', NULL, NULL, 'userid', 'string', 0, '2020-05-10 18:49:30.757', NULL, NULL, NULL, 'gys7', NULL);
INSERT INTO `act_hi_detail` VALUES ('2611', 'VariableUpdate', '2609', '2609', NULL, NULL, 'approve', 'string', 0, '2020-05-10 18:49:41.970', NULL, NULL, NULL, 'approve1', NULL);
INSERT INTO `act_hi_detail` VALUES ('2613', 'VariableUpdate', '2609', '2609', NULL, NULL, 'userid', 'string', 0, '2020-05-10 18:49:41.970', NULL, NULL, NULL, 'gys8', NULL);
INSERT INTO `act_hi_detail` VALUES ('2624', 'VariableUpdate', '2622', '2622', NULL, NULL, 'approve', 'string', 0, '2020-05-10 18:49:52.867', NULL, NULL, NULL, 'approve1', NULL);
INSERT INTO `act_hi_detail` VALUES ('2626', 'VariableUpdate', '2622', '2622', NULL, NULL, 'userid', 'string', 0, '2020-05-10 18:49:52.867', NULL, NULL, NULL, 'gys9', NULL);
INSERT INTO `act_hi_detail` VALUES ('2637', 'VariableUpdate', '2635', '2635', NULL, NULL, 'approve', 'string', 0, '2020-05-10 18:50:13.481', NULL, NULL, NULL, 'approve1', NULL);
INSERT INTO `act_hi_detail` VALUES ('2639', 'VariableUpdate', '2635', '2635', NULL, NULL, 'userid', 'string', 0, '2020-05-10 18:50:13.481', NULL, NULL, NULL, 'gys10', NULL);
INSERT INTO `act_hi_detail` VALUES ('2650', 'VariableUpdate', '2648', '2648', NULL, NULL, 'approve', 'string', 0, '2020-05-10 18:50:24.779', NULL, NULL, NULL, 'approve1', NULL);
INSERT INTO `act_hi_detail` VALUES ('2652', 'VariableUpdate', '2648', '2648', NULL, NULL, 'userid', 'string', 0, '2020-05-10 18:50:24.779', NULL, NULL, NULL, 'gys11', NULL);
INSERT INTO `act_hi_detail` VALUES ('2663', 'VariableUpdate', '2661', '2661', NULL, NULL, 'approve', 'string', 0, '2020-05-10 18:50:40.806', NULL, NULL, NULL, 'approve1', NULL);
INSERT INTO `act_hi_detail` VALUES ('2665', 'VariableUpdate', '2661', '2661', NULL, NULL, 'userid', 'string', 0, '2020-05-10 18:50:40.806', NULL, NULL, NULL, 'gys12', NULL);
INSERT INTO `act_hi_detail` VALUES ('2676', 'VariableUpdate', '2674', '2674', NULL, NULL, 'approve', 'string', 0, '2020-05-10 18:51:04.115', NULL, NULL, NULL, 'approve1', NULL);
INSERT INTO `act_hi_detail` VALUES ('2678', 'VariableUpdate', '2674', '2674', NULL, NULL, 'userid', 'string', 0, '2020-05-10 18:51:04.115', NULL, NULL, NULL, 'gys13', NULL);
INSERT INTO `act_hi_detail` VALUES ('2689', 'VariableUpdate', '2687', '2687', NULL, NULL, 'approve', 'string', 0, '2020-05-10 18:51:19.427', NULL, NULL, NULL, 'approve1', NULL);
INSERT INTO `act_hi_detail` VALUES ('2691', 'VariableUpdate', '2687', '2687', NULL, NULL, 'userid', 'string', 0, '2020-05-10 18:51:19.427', NULL, NULL, NULL, 'gys14', NULL);
INSERT INTO `act_hi_detail` VALUES ('27502', 'VariableUpdate', '22505', '22505', NULL, '22515', 'approvestate', 'string', 0, '2020-05-13 14:30:54.914', NULL, NULL, NULL, '3', NULL);
INSERT INTO `act_hi_detail` VALUES ('27507', 'VariableUpdate', '27505', '27505', NULL, NULL, 'approve', 'string', 0, '2020-05-13 14:35:17.201', NULL, NULL, NULL, 'approve1', NULL);
INSERT INTO `act_hi_detail` VALUES ('27509', 'VariableUpdate', '27505', '27505', NULL, NULL, 'userid', 'string', 0, '2020-05-13 14:35:17.201', NULL, NULL, NULL, 'admin', NULL);
INSERT INTO `act_hi_detail` VALUES ('27520', 'VariableUpdate', '27518', '27518', NULL, NULL, 'approve', 'string', 0, '2020-05-13 14:40:24.781', NULL, NULL, NULL, 'approve1', NULL);
INSERT INTO `act_hi_detail` VALUES ('27522', 'VariableUpdate', '27518', '27518', NULL, NULL, 'userid', 'string', 0, '2020-05-13 14:40:24.781', NULL, NULL, NULL, 'admin', NULL);
INSERT INTO `act_hi_detail` VALUES ('27532', 'VariableUpdate', '27518', '27518', NULL, '27528', 'approvestate', 'string', 0, '2020-05-13 14:40:43.053', NULL, NULL, NULL, '3', NULL);
INSERT INTO `act_hi_detail` VALUES ('27536', 'VariableUpdate', '27505', '27505', NULL, '27515', 'approvestate', 'string', 0, '2020-05-13 14:40:48.407', NULL, NULL, NULL, '3', NULL);
INSERT INTO `act_hi_detail` VALUES ('27541', 'VariableUpdate', '27539', '27539', NULL, NULL, 'approve', 'string', 0, '2020-05-13 14:43:14.362', NULL, NULL, NULL, 'approve1', NULL);
INSERT INTO `act_hi_detail` VALUES ('27543', 'VariableUpdate', '27539', '27539', NULL, NULL, 'userid', 'string', 0, '2020-05-13 14:43:14.362', NULL, NULL, NULL, 'admin', NULL);
INSERT INTO `act_hi_detail` VALUES ('27553', 'VariableUpdate', '27539', '27539', NULL, '27549', 'approvestate', 'string', 0, '2020-05-13 14:43:37.406', NULL, NULL, NULL, '3', NULL);
INSERT INTO `act_hi_detail` VALUES ('30003', 'VariableUpdate', '30001', '30001', NULL, NULL, 'approve', 'string', 0, '2020-05-13 14:53:37.828', NULL, NULL, NULL, 'approve1', NULL);
INSERT INTO `act_hi_detail` VALUES ('30005', 'VariableUpdate', '30001', '30001', NULL, NULL, 'userid', 'string', 0, '2020-05-13 14:53:37.829', NULL, NULL, NULL, 'tender1', NULL);
INSERT INTO `act_hi_detail` VALUES ('30016', 'VariableUpdate', '30014', '30014', NULL, NULL, 'approve', 'string', 0, '2020-05-13 14:55:32.187', NULL, NULL, NULL, 'approve1', NULL);
INSERT INTO `act_hi_detail` VALUES ('30018', 'VariableUpdate', '30014', '30014', NULL, NULL, 'userid', 'string', 0, '2020-05-13 14:55:32.187', NULL, NULL, NULL, 'tender3', NULL);
INSERT INTO `act_hi_detail` VALUES ('32502', 'VariableUpdate', '17501', '17501', NULL, '17511', 'approvestate', 'string', 0, '2020-05-13 16:18:33.237', NULL, NULL, NULL, '3', NULL);
INSERT INTO `act_hi_detail` VALUES ('35002', 'VariableUpdate', '30001', '30001', NULL, '30011', 'approvestate', 'string', 0, '2020-05-13 20:53:48.642', NULL, NULL, NULL, '3', NULL);
INSERT INTO `act_hi_detail` VALUES ('37503', 'VariableUpdate', '37501', '37501', NULL, NULL, 'approve', 'string', 0, '2020-05-14 16:44:10.809', NULL, NULL, NULL, 'approve1', NULL);
INSERT INTO `act_hi_detail` VALUES ('37505', 'VariableUpdate', '37501', '37501', NULL, NULL, 'userid', 'string', 0, '2020-05-14 16:44:10.810', NULL, NULL, NULL, 'admin', NULL);
INSERT INTO `act_hi_detail` VALUES ('37516', 'VariableUpdate', '37514', '37514', NULL, NULL, 'approve', 'string', 0, '2020-05-14 16:44:13.097', NULL, NULL, NULL, 'approve1', NULL);
INSERT INTO `act_hi_detail` VALUES ('37518', 'VariableUpdate', '37514', '37514', NULL, NULL, 'userid', 'string', 0, '2020-05-14 16:44:13.097', NULL, NULL, NULL, 'admin', NULL);
INSERT INTO `act_hi_detail` VALUES ('37528', 'VariableUpdate', '37514', '37514', NULL, '37524', 'approvestate', 'string', 0, '2020-05-14 16:44:25.856', NULL, NULL, NULL, '3', NULL);
INSERT INTO `act_hi_detail` VALUES ('40002', 'VariableUpdate', '37501', '37501', NULL, '37511', 'approvestate', 'string', 0, '2020-05-14 16:46:39.157', NULL, NULL, NULL, '3', NULL);
INSERT INTO `act_hi_detail` VALUES ('42503', 'VariableUpdate', '42501', '42501', NULL, NULL, 'approve', 'string', 0, '2020-05-14 16:56:50.051', NULL, NULL, NULL, 'approve1', NULL);
INSERT INTO `act_hi_detail` VALUES ('42505', 'VariableUpdate', '42501', '42501', NULL, NULL, 'userid', 'string', 0, '2020-05-14 16:56:50.052', NULL, NULL, NULL, 'admin', NULL);
INSERT INTO `act_hi_detail` VALUES ('42515', 'VariableUpdate', '42501', '42501', NULL, '42511', 'approvestate', 'string', 0, '2020-05-14 16:57:00.698', NULL, NULL, NULL, '3', NULL);
INSERT INTO `act_hi_detail` VALUES ('42519', 'VariableUpdate', '30014', '30014', NULL, '30024', 'approvestate', 'string', 0, '2020-05-14 18:22:54.810', NULL, NULL, NULL, '3', NULL);
INSERT INTO `act_hi_detail` VALUES ('47503', 'VariableUpdate', '47501', '47501', NULL, NULL, 'approve', 'string', 0, '2020-05-19 10:25:54.261', NULL, NULL, NULL, 'approve1', NULL);
INSERT INTO `act_hi_detail` VALUES ('47505', 'VariableUpdate', '47501', '47501', NULL, NULL, 'userid', 'string', 0, '2020-05-19 10:25:54.262', NULL, NULL, NULL, 'admin', NULL);
INSERT INTO `act_hi_detail` VALUES ('50003', 'VariableUpdate', '50001', '50001', NULL, NULL, 'approve', 'string', 0, '2020-05-19 10:27:28.870', NULL, NULL, NULL, 'approve1', NULL);
INSERT INTO `act_hi_detail` VALUES ('50005', 'VariableUpdate', '50001', '50001', NULL, NULL, 'userid', 'string', 0, '2020-05-19 10:27:28.872', NULL, NULL, NULL, 'admin', NULL);
INSERT INTO `act_hi_detail` VALUES ('5002', 'VariableUpdate', '2518', '2518', NULL, '2528', 'approvestate', 'string', 0, '2020-05-10 21:34:47.322', NULL, NULL, NULL, '3', NULL);
INSERT INTO `act_hi_detail` VALUES ('5006', 'VariableUpdate', '2531', '2531', NULL, '2541', 'approvestate', 'string', 0, '2020-05-10 21:36:45.319', NULL, NULL, NULL, '3', NULL);
INSERT INTO `act_hi_detail` VALUES ('52503', 'VariableUpdate', '52501', '52501', NULL, NULL, 'approve', 'string', 0, '2020-05-20 10:05:12.870', NULL, NULL, NULL, 'approve1', NULL);
INSERT INTO `act_hi_detail` VALUES ('52505', 'VariableUpdate', '52501', '52501', NULL, NULL, 'userid', 'string', 0, '2020-05-20 10:05:12.871', NULL, NULL, NULL, 'admin', NULL);
INSERT INTO `act_hi_detail` VALUES ('52516', 'VariableUpdate', '52514', '52514', NULL, NULL, 'approve', 'string', 0, '2020-05-20 10:20:10.946', NULL, NULL, NULL, 'approve1', NULL);
INSERT INTO `act_hi_detail` VALUES ('52518', 'VariableUpdate', '52514', '52514', NULL, NULL, 'userid', 'string', 0, '2020-05-20 10:20:10.946', NULL, NULL, NULL, 'admin', NULL);
INSERT INTO `act_hi_detail` VALUES ('52529', 'VariableUpdate', '52527', '52527', NULL, NULL, 'approve', 'string', 0, '2020-05-20 10:20:13.126', NULL, NULL, NULL, 'approve1', NULL);
INSERT INTO `act_hi_detail` VALUES ('52531', 'VariableUpdate', '52527', '52527', NULL, NULL, 'userid', 'string', 0, '2020-05-20 10:20:13.126', NULL, NULL, NULL, 'admin', NULL);
INSERT INTO `act_hi_detail` VALUES ('52542', 'VariableUpdate', '52540', '52540', NULL, NULL, 'approve', 'string', 0, '2020-05-20 10:20:13.738', NULL, NULL, NULL, 'approve1', NULL);
INSERT INTO `act_hi_detail` VALUES ('52544', 'VariableUpdate', '52540', '52540', NULL, NULL, 'userid', 'string', 0, '2020-05-20 10:20:13.738', NULL, NULL, NULL, 'admin', NULL);
INSERT INTO `act_hi_detail` VALUES ('52555', 'VariableUpdate', '52553', '52553', NULL, NULL, 'approve', 'string', 0, '2020-05-20 10:20:14.627', NULL, NULL, NULL, 'approve1', NULL);
INSERT INTO `act_hi_detail` VALUES ('52557', 'VariableUpdate', '52553', '52553', NULL, NULL, 'userid', 'string', 0, '2020-05-20 10:20:14.627', NULL, NULL, NULL, 'admin', NULL);
INSERT INTO `act_hi_detail` VALUES ('52568', 'VariableUpdate', '52566', '52566', NULL, NULL, 'approve', 'string', 0, '2020-05-20 10:20:15.911', NULL, NULL, NULL, 'approve1', NULL);
INSERT INTO `act_hi_detail` VALUES ('52570', 'VariableUpdate', '52566', '52566', NULL, NULL, 'userid', 'string', 0, '2020-05-20 10:20:15.911', NULL, NULL, NULL, 'admin', NULL);
INSERT INTO `act_hi_detail` VALUES ('52581', 'VariableUpdate', '52579', '52579', NULL, NULL, 'approve', 'string', 0, '2020-05-20 10:20:17.707', NULL, NULL, NULL, 'approve1', NULL);
INSERT INTO `act_hi_detail` VALUES ('52583', 'VariableUpdate', '52579', '52579', NULL, NULL, 'userid', 'string', 0, '2020-05-20 10:20:17.707', NULL, NULL, NULL, 'admin', NULL);
INSERT INTO `act_hi_detail` VALUES ('52594', 'VariableUpdate', '52592', '52592', NULL, NULL, 'approve', 'string', 0, '2020-05-20 10:20:19.510', NULL, NULL, NULL, 'approve1', NULL);
INSERT INTO `act_hi_detail` VALUES ('52596', 'VariableUpdate', '52592', '52592', NULL, NULL, 'userid', 'string', 0, '2020-05-20 10:20:19.510', NULL, NULL, NULL, 'admin', NULL);
INSERT INTO `act_hi_detail` VALUES ('52607', 'VariableUpdate', '52605', '52605', NULL, NULL, 'approve', 'string', 0, '2020-05-20 10:20:20.612', NULL, NULL, NULL, 'approve1', NULL);
INSERT INTO `act_hi_detail` VALUES ('52609', 'VariableUpdate', '52605', '52605', NULL, NULL, 'userid', 'string', 0, '2020-05-20 10:20:20.613', NULL, NULL, NULL, 'admin', NULL);
INSERT INTO `act_hi_detail` VALUES ('55002', 'VariableUpdate', '52605', '52605', NULL, '52615', 'approvestate', 'string', 0, '2020-05-20 11:07:31.669', NULL, NULL, NULL, '3', NULL);
INSERT INTO `act_hi_detail` VALUES ('55006', 'VariableUpdate', '52592', '52592', NULL, '52602', 'approvestate', 'string', 0, '2020-05-20 11:11:08.607', NULL, NULL, NULL, '3', NULL);
INSERT INTO `act_hi_detail` VALUES ('55011', 'VariableUpdate', '55009', '55009', NULL, NULL, 'approve', 'string', 0, '2020-05-20 11:14:51.689', NULL, NULL, NULL, 'approve1', NULL);
INSERT INTO `act_hi_detail` VALUES ('55013', 'VariableUpdate', '55009', '55009', NULL, NULL, 'userid', 'string', 0, '2020-05-20 11:14:51.689', NULL, NULL, NULL, 'admin', NULL);
INSERT INTO `act_hi_detail` VALUES ('55023', 'VariableUpdate', '55009', '55009', NULL, '55019', 'approvestate', 'string', 0, '2020-05-20 11:15:09.867', NULL, NULL, NULL, '3', NULL);
INSERT INTO `act_hi_detail` VALUES ('57502', 'VariableUpdate', '52540', '52540', NULL, '52550', 'approvestate', 'string', 0, '2020-05-30 15:09:20.708', NULL, NULL, NULL, '3', NULL);
INSERT INTO `act_hi_detail` VALUES ('57506', 'VariableUpdate', '52527', '52527', NULL, '52537', 'approvestate', 'string', 0, '2020-05-30 15:11:29.066', NULL, NULL, NULL, '3', NULL);
INSERT INTO `act_hi_detail` VALUES ('57510', 'VariableUpdate', '52579', '52579', NULL, '52589', 'approvestate', 'string', 0, '2020-05-30 15:11:32.999', NULL, NULL, NULL, '3', NULL);
INSERT INTO `act_hi_detail` VALUES ('60003', 'VariableUpdate', '60001', '60001', NULL, NULL, 'approve', 'string', 0, '2020-05-31 14:47:38.267', NULL, NULL, NULL, 'approve1', NULL);
INSERT INTO `act_hi_detail` VALUES ('60005', 'VariableUpdate', '60001', '60001', NULL, NULL, 'userid', 'string', 0, '2020-05-31 14:47:38.269', NULL, NULL, NULL, 'zb1', NULL);
INSERT INTO `act_hi_detail` VALUES ('60015', 'VariableUpdate', '60001', '60001', NULL, '60011', 'approvestate', 'string', 0, '2020-05-31 14:54:31.185', NULL, NULL, NULL, '3', NULL);
INSERT INTO `act_hi_detail` VALUES ('60020', 'VariableUpdate', '60018', '60018', NULL, NULL, 'approve', 'string', 0, '2020-05-31 14:55:08.252', NULL, NULL, NULL, 'approve1', NULL);
INSERT INTO `act_hi_detail` VALUES ('60022', 'VariableUpdate', '60018', '60018', NULL, NULL, 'userid', 'string', 0, '2020-05-31 14:55:08.252', NULL, NULL, NULL, 'zb1', NULL);
INSERT INTO `act_hi_detail` VALUES ('60032', 'VariableUpdate', '60018', '60018', NULL, '60028', 'approvestate', 'string', 0, '2020-05-31 14:55:34.103', NULL, NULL, NULL, '3', NULL);
INSERT INTO `act_hi_detail` VALUES ('60037', 'VariableUpdate', '60035', '60035', NULL, NULL, 'approve', 'string', 0, '2020-05-31 15:00:32.414', NULL, NULL, NULL, 'approve1', NULL);
INSERT INTO `act_hi_detail` VALUES ('60039', 'VariableUpdate', '60035', '60035', NULL, NULL, 'userid', 'string', 0, '2020-05-31 15:00:32.414', NULL, NULL, NULL, 'zb1', NULL);
INSERT INTO `act_hi_detail` VALUES ('60049', 'VariableUpdate', '60035', '60035', NULL, '60045', 'approvestate', 'string', 0, '2020-05-31 15:01:06.837', NULL, NULL, NULL, '3', NULL);
INSERT INTO `act_hi_detail` VALUES ('60054', 'VariableUpdate', '60052', '60052', NULL, NULL, 'approve', 'string', 0, '2020-05-31 15:18:00.195', NULL, NULL, NULL, 'approve1', NULL);
INSERT INTO `act_hi_detail` VALUES ('60056', 'VariableUpdate', '60052', '60052', NULL, NULL, 'userid', 'string', 0, '2020-05-31 15:18:00.195', NULL, NULL, NULL, 'zb1', NULL);
INSERT INTO `act_hi_detail` VALUES ('60066', 'VariableUpdate', '60052', '60052', NULL, '60062', 'approvestate', 'string', 0, '2020-05-31 15:18:20.162', NULL, NULL, NULL, '3', NULL);
INSERT INTO `act_hi_detail` VALUES ('62503', 'VariableUpdate', '62501', '62501', NULL, NULL, 'approve', 'string', 0, '2020-05-31 17:42:50.436', NULL, NULL, NULL, 'approve1', NULL);
INSERT INTO `act_hi_detail` VALUES ('62505', 'VariableUpdate', '62501', '62501', NULL, NULL, 'userid', 'string', 0, '2020-05-31 17:42:50.437', NULL, NULL, NULL, 'zb2', NULL);
INSERT INTO `act_hi_detail` VALUES ('62515', 'VariableUpdate', '62501', '62501', NULL, '62511', 'approvestate', 'string', 0, '2020-05-31 17:42:59.921', NULL, NULL, NULL, '3', NULL);
INSERT INTO `act_hi_detail` VALUES ('65003', 'VariableUpdate', '65001', '65001', NULL, NULL, 'approve', 'string', 0, '2020-06-03 22:02:01.864', NULL, NULL, NULL, 'approve1', NULL);
INSERT INTO `act_hi_detail` VALUES ('65005', 'VariableUpdate', '65001', '65001', NULL, NULL, 'userid', 'string', 0, '2020-06-03 22:02:01.865', NULL, NULL, NULL, 'zb1', NULL);
INSERT INTO `act_hi_detail` VALUES ('65015', 'VariableUpdate', '65001', '65001', NULL, '65011', 'approvestate', 'string', 0, '2020-06-03 22:02:12.492', NULL, NULL, NULL, '3', NULL);
INSERT INTO `act_hi_detail` VALUES ('67503', 'VariableUpdate', '67501', '67501', NULL, NULL, 'approve', 'string', 0, '2020-06-05 19:09:52.010', NULL, NULL, NULL, 'approve1', NULL);
INSERT INTO `act_hi_detail` VALUES ('67505', 'VariableUpdate', '67501', '67501', NULL, NULL, 'userid', 'string', 0, '2020-06-05 19:09:52.011', NULL, NULL, NULL, 'zb1', NULL);
INSERT INTO `act_hi_detail` VALUES ('67516', 'VariableUpdate', '67514', '67514', NULL, NULL, 'approve', 'string', 0, '2020-06-05 19:09:53.679', NULL, NULL, NULL, 'approve1', NULL);
INSERT INTO `act_hi_detail` VALUES ('67518', 'VariableUpdate', '67514', '67514', NULL, NULL, 'userid', 'string', 0, '2020-06-05 19:09:53.679', NULL, NULL, NULL, 'zb1', NULL);
INSERT INTO `act_hi_detail` VALUES ('67529', 'VariableUpdate', '67527', '67527', NULL, NULL, 'approve', 'string', 0, '2020-06-05 19:11:11.372', NULL, NULL, NULL, 'approve1', NULL);
INSERT INTO `act_hi_detail` VALUES ('67531', 'VariableUpdate', '67527', '67527', NULL, NULL, 'userid', 'string', 0, '2020-06-05 19:11:11.372', NULL, NULL, NULL, 'zb1', NULL);
INSERT INTO `act_hi_detail` VALUES ('67542', 'VariableUpdate', '67540', '67540', NULL, NULL, 'approve', 'string', 0, '2020-06-05 19:11:12.524', NULL, NULL, NULL, 'approve1', NULL);
INSERT INTO `act_hi_detail` VALUES ('67544', 'VariableUpdate', '67540', '67540', NULL, NULL, 'userid', 'string', 0, '2020-06-05 19:11:12.524', NULL, NULL, NULL, 'zb1', NULL);
INSERT INTO `act_hi_detail` VALUES ('67555', 'VariableUpdate', '67553', '67553', NULL, NULL, 'approve', 'string', 0, '2020-06-05 19:12:01.728', NULL, NULL, NULL, 'approve1', NULL);
INSERT INTO `act_hi_detail` VALUES ('67557', 'VariableUpdate', '67553', '67553', NULL, NULL, 'userid', 'string', 0, '2020-06-05 19:12:01.728', NULL, NULL, NULL, 'zb1', NULL);
INSERT INTO `act_hi_detail` VALUES ('67567', 'VariableUpdate', '67501', '67501', NULL, '67511', 'approvestate', 'string', 0, '2020-06-05 19:12:24.208', NULL, NULL, NULL, '3', NULL);
INSERT INTO `act_hi_detail` VALUES ('67571', 'VariableUpdate', '67514', '67514', NULL, '67524', 'approvestate', 'string', 0, '2020-06-05 19:12:29.423', NULL, NULL, NULL, '4', NULL);
INSERT INTO `act_hi_detail` VALUES ('67575', 'VariableUpdate', '67540', '67540', NULL, '67550', 'approvestate', 'string', 0, '2020-06-05 19:12:33.827', NULL, NULL, NULL, '3', NULL);
INSERT INTO `act_hi_detail` VALUES ('67579', 'VariableUpdate', '67527', '67527', NULL, '67537', 'approvestate', 'string', 0, '2020-06-05 19:12:39.194', NULL, NULL, NULL, '3', NULL);
INSERT INTO `act_hi_detail` VALUES ('70003', 'VariableUpdate', '70001', '70001', NULL, NULL, 'approve', 'string', 0, '2020-06-05 23:15:59.725', NULL, NULL, NULL, 'approve1', NULL);
INSERT INTO `act_hi_detail` VALUES ('70005', 'VariableUpdate', '70001', '70001', NULL, NULL, 'userid', 'string', 0, '2020-06-05 23:15:59.727', NULL, NULL, NULL, 'zb1', NULL);
INSERT INTO `act_hi_detail` VALUES ('70015', 'VariableUpdate', '70001', '70001', NULL, '70011', 'approvestate', 'string', 0, '2020-06-05 23:16:16.185', NULL, NULL, NULL, '3', NULL);
INSERT INTO `act_hi_detail` VALUES ('70020', 'VariableUpdate', '70018', '70018', NULL, NULL, 'approve', 'string', 0, '2020-06-06 15:07:51.415', NULL, NULL, NULL, 'approve1', NULL);
INSERT INTO `act_hi_detail` VALUES ('70022', 'VariableUpdate', '70018', '70018', NULL, NULL, 'userid', 'string', 0, '2020-06-06 15:07:51.415', NULL, NULL, NULL, 'zb1', NULL);
INSERT INTO `act_hi_detail` VALUES ('70032', 'VariableUpdate', '70018', '70018', NULL, '70028', 'approvestate', 'string', 0, '2020-06-06 16:03:11.966', NULL, NULL, NULL, '3', NULL);
INSERT INTO `act_hi_detail` VALUES ('70037', 'VariableUpdate', '70035', '70035', NULL, NULL, 'approve', 'string', 0, '2020-06-06 16:05:57.781', NULL, NULL, NULL, 'approve1', NULL);
INSERT INTO `act_hi_detail` VALUES ('70039', 'VariableUpdate', '70035', '70035', NULL, NULL, 'userid', 'string', 0, '2020-06-06 16:05:57.781', NULL, NULL, NULL, 'zb1', NULL);
INSERT INTO `act_hi_detail` VALUES ('70049', 'VariableUpdate', '70035', '70035', NULL, '70045', 'approvestate', 'string', 0, '2020-06-06 16:06:59.478', NULL, NULL, NULL, '3', NULL);
INSERT INTO `act_hi_detail` VALUES ('7502', 'VariableUpdate', '2544', '2544', NULL, '2554', 'approvestate', 'string', 0, '2020-05-10 21:47:59.074', NULL, NULL, NULL, '3', NULL);
INSERT INTO `act_hi_detail` VALUES ('7506', 'VariableUpdate', '2557', '2557', NULL, '2567', 'approvestate', 'string', 0, '2020-05-10 21:50:29.710', NULL, NULL, NULL, '4', NULL);
INSERT INTO `act_hi_detail` VALUES ('7510', 'VariableUpdate', '2570', '2570', NULL, '2580', 'approvestate', 'string', 0, '2020-05-10 21:51:42.352', NULL, NULL, NULL, '4', NULL);
INSERT INTO `act_hi_detail` VALUES ('7514', 'VariableUpdate', '2583', '2583', NULL, '2593', 'approvestate', 'string', 0, '2020-05-10 21:52:35.259', NULL, NULL, NULL, '3', NULL);
INSERT INTO `act_hi_detail` VALUES ('7518', 'VariableUpdate', '2596', '2596', NULL, '2606', 'approvestate', 'string', 0, '2020-05-10 21:53:42.420', NULL, NULL, NULL, '4', NULL);
INSERT INTO `act_hi_detail` VALUES ('7522', 'VariableUpdate', '2609', '2609', NULL, '2619', 'approvestate', 'string', 0, '2020-05-10 21:55:18.607', NULL, NULL, NULL, '3', NULL);
INSERT INTO `act_hi_detail` VALUES ('7526', 'VariableUpdate', '2687', '2687', NULL, '2697', 'approvestate', 'string', 0, '2020-05-10 21:55:34.441', NULL, NULL, NULL, '4', NULL);
INSERT INTO `act_hi_detail` VALUES ('7530', 'VariableUpdate', '2635', '2635', NULL, '2645', 'approvestate', 'string', 0, '2020-05-10 22:19:51.309', NULL, NULL, NULL, '4', NULL);

-- ----------------------------
-- Table structure for act_hi_identitylink
-- ----------------------------
DROP TABLE IF EXISTS `act_hi_identitylink`;
CREATE TABLE `act_hi_identitylink`  (
  `ID_` varchar(64) CHARACTER SET utf8 COLLATE utf8_bin NOT NULL,
  `GROUP_ID_` varchar(255) CHARACTER SET utf8 COLLATE utf8_bin NULL DEFAULT NULL,
  `TYPE_` varchar(255) CHARACTER SET utf8 COLLATE utf8_bin NULL DEFAULT NULL,
  `USER_ID_` varchar(255) CHARACTER SET utf8 COLLATE utf8_bin NULL DEFAULT NULL,
  `TASK_ID_` varchar(64) CHARACTER SET utf8 COLLATE utf8_bin NULL DEFAULT NULL,
  `PROC_INST_ID_` varchar(64) CHARACTER SET utf8 COLLATE utf8_bin NULL DEFAULT NULL,
  PRIMARY KEY (`ID_`) USING BTREE,
  INDEX `ACT_IDX_HI_IDENT_LNK_USER`(`USER_ID_`) USING BTREE,
  INDEX `ACT_IDX_HI_IDENT_LNK_TASK`(`TASK_ID_`) USING BTREE,
  INDEX `ACT_IDX_HI_IDENT_LNK_PROCINST`(`PROC_INST_ID_`) USING BTREE
) ENGINE = InnoDB CHARACTER SET = utf8 COLLATE = utf8_bin ROW_FORMAT = Dynamic;

-- ----------------------------
-- Records of act_hi_identitylink
-- ----------------------------
INSERT INTO `act_hi_identitylink` VALUES ('17510', NULL, 'participant', 'test888', NULL, '17501');
INSERT INTO `act_hi_identitylink` VALUES ('17513', NULL, 'participant', 'approve1', NULL, '17501');
INSERT INTO `act_hi_identitylink` VALUES ('20011', NULL, 'participant', 'MySupplier', NULL, '20002');
INSERT INTO `act_hi_identitylink` VALUES ('20014', NULL, 'participant', 'approve1', NULL, '20002');
INSERT INTO `act_hi_identitylink` VALUES ('22514', NULL, 'participant', 'admin', NULL, '22505');
INSERT INTO `act_hi_identitylink` VALUES ('22517', NULL, 'participant', 'approve1', NULL, '22505');
INSERT INTO `act_hi_identitylink` VALUES ('2514', NULL, 'participant', 'gys1', NULL, '2505');
INSERT INTO `act_hi_identitylink` VALUES ('2517', NULL, 'participant', 'approve1', NULL, '2505');
INSERT INTO `act_hi_identitylink` VALUES ('2527', NULL, 'participant', 'gys1', NULL, '2518');
INSERT INTO `act_hi_identitylink` VALUES ('2530', NULL, 'participant', 'approve1', NULL, '2518');
INSERT INTO `act_hi_identitylink` VALUES ('2540', NULL, 'participant', 'gys2', NULL, '2531');
INSERT INTO `act_hi_identitylink` VALUES ('2543', NULL, 'participant', 'approve1', NULL, '2531');
INSERT INTO `act_hi_identitylink` VALUES ('2553', NULL, 'participant', 'gys3', NULL, '2544');
INSERT INTO `act_hi_identitylink` VALUES ('2556', NULL, 'participant', 'approve1', NULL, '2544');
INSERT INTO `act_hi_identitylink` VALUES ('2566', NULL, 'participant', 'gys4', NULL, '2557');
INSERT INTO `act_hi_identitylink` VALUES ('2569', NULL, 'participant', 'approve1', NULL, '2557');
INSERT INTO `act_hi_identitylink` VALUES ('2579', NULL, 'participant', 'gys5', NULL, '2570');
INSERT INTO `act_hi_identitylink` VALUES ('2582', NULL, 'participant', 'approve1', NULL, '2570');
INSERT INTO `act_hi_identitylink` VALUES ('2592', NULL, 'participant', 'gys6', NULL, '2583');
INSERT INTO `act_hi_identitylink` VALUES ('2595', NULL, 'participant', 'approve1', NULL, '2583');
INSERT INTO `act_hi_identitylink` VALUES ('2605', NULL, 'participant', 'gys7', NULL, '2596');
INSERT INTO `act_hi_identitylink` VALUES ('2608', NULL, 'participant', 'approve1', NULL, '2596');
INSERT INTO `act_hi_identitylink` VALUES ('2618', NULL, 'participant', 'gys8', NULL, '2609');
INSERT INTO `act_hi_identitylink` VALUES ('2621', NULL, 'participant', 'approve1', NULL, '2609');
INSERT INTO `act_hi_identitylink` VALUES ('2631', NULL, 'participant', 'gys9', NULL, '2622');
INSERT INTO `act_hi_identitylink` VALUES ('2634', NULL, 'participant', 'approve1', NULL, '2622');
INSERT INTO `act_hi_identitylink` VALUES ('2644', NULL, 'participant', 'gys10', NULL, '2635');
INSERT INTO `act_hi_identitylink` VALUES ('2647', NULL, 'participant', 'approve1', NULL, '2635');
INSERT INTO `act_hi_identitylink` VALUES ('2657', NULL, 'participant', 'gys11', NULL, '2648');
INSERT INTO `act_hi_identitylink` VALUES ('2660', NULL, 'participant', 'approve1', NULL, '2648');
INSERT INTO `act_hi_identitylink` VALUES ('2670', NULL, 'participant', 'gys12', NULL, '2661');
INSERT INTO `act_hi_identitylink` VALUES ('2673', NULL, 'participant', 'approve1', NULL, '2661');
INSERT INTO `act_hi_identitylink` VALUES ('2683', NULL, 'participant', 'gys13', NULL, '2674');
INSERT INTO `act_hi_identitylink` VALUES ('2686', NULL, 'participant', 'approve1', NULL, '2674');
INSERT INTO `act_hi_identitylink` VALUES ('2696', NULL, 'participant', 'gys14', NULL, '2687');
INSERT INTO `act_hi_identitylink` VALUES ('2699', NULL, 'participant', 'approve1', NULL, '2687');
INSERT INTO `act_hi_identitylink` VALUES ('27514', NULL, 'participant', 'admin', NULL, '27505');
INSERT INTO `act_hi_identitylink` VALUES ('27517', NULL, 'participant', 'approve1', NULL, '27505');
INSERT INTO `act_hi_identitylink` VALUES ('27527', NULL, 'participant', 'admin', NULL, '27518');
INSERT INTO `act_hi_identitylink` VALUES ('27530', NULL, 'participant', 'approve1', NULL, '27518');
INSERT INTO `act_hi_identitylink` VALUES ('27548', NULL, 'participant', 'admin', NULL, '27539');
INSERT INTO `act_hi_identitylink` VALUES ('27551', NULL, 'participant', 'approve1', NULL, '27539');
INSERT INTO `act_hi_identitylink` VALUES ('30010', NULL, 'participant', 'tender1', NULL, '30001');
INSERT INTO `act_hi_identitylink` VALUES ('30013', NULL, 'participant', 'approve1', NULL, '30001');
INSERT INTO `act_hi_identitylink` VALUES ('30023', NULL, 'participant', 'tender3', NULL, '30014');
INSERT INTO `act_hi_identitylink` VALUES ('30026', NULL, 'participant', 'approve1', NULL, '30014');
INSERT INTO `act_hi_identitylink` VALUES ('37510', NULL, 'participant', 'admin', NULL, '37501');
INSERT INTO `act_hi_identitylink` VALUES ('37513', NULL, 'participant', 'approve1', NULL, '37501');
INSERT INTO `act_hi_identitylink` VALUES ('37523', NULL, 'participant', 'admin', NULL, '37514');
INSERT INTO `act_hi_identitylink` VALUES ('37526', NULL, 'participant', 'approve1', NULL, '37514');
INSERT INTO `act_hi_identitylink` VALUES ('42510', NULL, 'participant', 'admin', NULL, '42501');
INSERT INTO `act_hi_identitylink` VALUES ('42513', NULL, 'participant', 'approve1', NULL, '42501');
INSERT INTO `act_hi_identitylink` VALUES ('47510', NULL, 'participant', 'admin', NULL, '47501');
INSERT INTO `act_hi_identitylink` VALUES ('47513', NULL, 'participant', 'approve1', NULL, '47501');
INSERT INTO `act_hi_identitylink` VALUES ('50010', NULL, 'participant', 'admin', NULL, '50001');
INSERT INTO `act_hi_identitylink` VALUES ('50013', NULL, 'participant', 'approve1', NULL, '50001');
INSERT INTO `act_hi_identitylink` VALUES ('52510', NULL, 'participant', 'admin', NULL, '52501');
INSERT INTO `act_hi_identitylink` VALUES ('52513', NULL, 'participant', 'approve1', NULL, '52501');
INSERT INTO `act_hi_identitylink` VALUES ('52523', NULL, 'participant', 'admin', NULL, '52514');
INSERT INTO `act_hi_identitylink` VALUES ('52526', NULL, 'participant', 'approve1', NULL, '52514');
INSERT INTO `act_hi_identitylink` VALUES ('52536', NULL, 'participant', 'admin', NULL, '52527');
INSERT INTO `act_hi_identitylink` VALUES ('52539', NULL, 'participant', 'approve1', NULL, '52527');
INSERT INTO `act_hi_identitylink` VALUES ('52549', NULL, 'participant', 'admin', NULL, '52540');
INSERT INTO `act_hi_identitylink` VALUES ('52552', NULL, 'participant', 'approve1', NULL, '52540');
INSERT INTO `act_hi_identitylink` VALUES ('52562', NULL, 'participant', 'admin', NULL, '52553');
INSERT INTO `act_hi_identitylink` VALUES ('52565', NULL, 'participant', 'approve1', NULL, '52553');
INSERT INTO `act_hi_identitylink` VALUES ('52575', NULL, 'participant', 'admin', NULL, '52566');
INSERT INTO `act_hi_identitylink` VALUES ('52578', NULL, 'participant', 'approve1', NULL, '52566');
INSERT INTO `act_hi_identitylink` VALUES ('52588', NULL, 'participant', 'admin', NULL, '52579');
INSERT INTO `act_hi_identitylink` VALUES ('52591', NULL, 'participant', 'approve1', NULL, '52579');
INSERT INTO `act_hi_identitylink` VALUES ('52601', NULL, 'participant', 'admin', NULL, '52592');
INSERT INTO `act_hi_identitylink` VALUES ('52604', NULL, 'participant', 'approve1', NULL, '52592');
INSERT INTO `act_hi_identitylink` VALUES ('52614', NULL, 'participant', 'admin', NULL, '52605');
INSERT INTO `act_hi_identitylink` VALUES ('52617', NULL, 'participant', 'approve1', NULL, '52605');
INSERT INTO `act_hi_identitylink` VALUES ('55018', NULL, 'participant', 'admin', NULL, '55009');
INSERT INTO `act_hi_identitylink` VALUES ('55021', NULL, 'participant', 'approve1', NULL, '55009');
INSERT INTO `act_hi_identitylink` VALUES ('60010', NULL, 'participant', 'zb1', NULL, '60001');
INSERT INTO `act_hi_identitylink` VALUES ('60013', NULL, 'participant', 'approve1', NULL, '60001');
INSERT INTO `act_hi_identitylink` VALUES ('60027', NULL, 'participant', 'zb1', NULL, '60018');
INSERT INTO `act_hi_identitylink` VALUES ('60030', NULL, 'participant', 'approve1', NULL, '60018');
INSERT INTO `act_hi_identitylink` VALUES ('60044', NULL, 'participant', 'zb1', NULL, '60035');
INSERT INTO `act_hi_identitylink` VALUES ('60047', NULL, 'participant', 'approve1', NULL, '60035');
INSERT INTO `act_hi_identitylink` VALUES ('60061', NULL, 'participant', 'zb1', NULL, '60052');
INSERT INTO `act_hi_identitylink` VALUES ('60064', NULL, 'participant', 'approve1', NULL, '60052');
INSERT INTO `act_hi_identitylink` VALUES ('62510', NULL, 'participant', 'zb2', NULL, '62501');
INSERT INTO `act_hi_identitylink` VALUES ('62513', NULL, 'participant', 'approve1', NULL, '62501');
INSERT INTO `act_hi_identitylink` VALUES ('65010', NULL, 'participant', 'zb1', NULL, '65001');
INSERT INTO `act_hi_identitylink` VALUES ('65013', NULL, 'participant', 'approve1', NULL, '65001');
INSERT INTO `act_hi_identitylink` VALUES ('67510', NULL, 'participant', 'zb1', NULL, '67501');
INSERT INTO `act_hi_identitylink` VALUES ('67513', NULL, 'participant', 'approve1', NULL, '67501');
INSERT INTO `act_hi_identitylink` VALUES ('67523', NULL, 'participant', 'zb1', NULL, '67514');
INSERT INTO `act_hi_identitylink` VALUES ('67526', NULL, 'participant', 'approve1', NULL, '67514');
INSERT INTO `act_hi_identitylink` VALUES ('67536', NULL, 'participant', 'zb1', NULL, '67527');
INSERT INTO `act_hi_identitylink` VALUES ('67539', NULL, 'participant', 'approve1', NULL, '67527');
INSERT INTO `act_hi_identitylink` VALUES ('67549', NULL, 'participant', 'zb1', NULL, '67540');
INSERT INTO `act_hi_identitylink` VALUES ('67552', NULL, 'participant', 'approve1', NULL, '67540');
INSERT INTO `act_hi_identitylink` VALUES ('67562', NULL, 'participant', 'zb1', NULL, '67553');
INSERT INTO `act_hi_identitylink` VALUES ('67565', NULL, 'participant', 'approve1', NULL, '67553');
INSERT INTO `act_hi_identitylink` VALUES ('70010', NULL, 'participant', 'zb1', NULL, '70001');
INSERT INTO `act_hi_identitylink` VALUES ('70013', NULL, 'participant', 'approve1', NULL, '70001');
INSERT INTO `act_hi_identitylink` VALUES ('70027', NULL, 'participant', 'zb1', NULL, '70018');
INSERT INTO `act_hi_identitylink` VALUES ('70030', NULL, 'participant', 'approve1', NULL, '70018');
INSERT INTO `act_hi_identitylink` VALUES ('70044', NULL, 'participant', 'zb1', NULL, '70035');
INSERT INTO `act_hi_identitylink` VALUES ('70047', NULL, 'participant', 'approve1', NULL, '70035');

-- ----------------------------
-- Table structure for act_hi_procinst
-- ----------------------------
DROP TABLE IF EXISTS `act_hi_procinst`;
CREATE TABLE `act_hi_procinst`  (
  `ID_` varchar(64) CHARACTER SET utf8 COLLATE utf8_bin NOT NULL,
  `PROC_INST_ID_` varchar(64) CHARACTER SET utf8 COLLATE utf8_bin NOT NULL,
  `BUSINESS_KEY_` varchar(255) CHARACTER SET utf8 COLLATE utf8_bin NULL DEFAULT NULL,
  `PROC_DEF_ID_` varchar(64) CHARACTER SET utf8 COLLATE utf8_bin NOT NULL,
  `START_TIME_` datetime(3) NOT NULL,
  `END_TIME_` datetime(3) NULL DEFAULT NULL,
  `DURATION_` bigint(20) NULL DEFAULT NULL,
  `START_USER_ID_` varchar(255) CHARACTER SET utf8 COLLATE utf8_bin NULL DEFAULT NULL,
  `START_ACT_ID_` varchar(255) CHARACTER SET utf8 COLLATE utf8_bin NULL DEFAULT NULL,
  `END_ACT_ID_` varchar(255) CHARACTER SET utf8 COLLATE utf8_bin NULL DEFAULT NULL,
  `SUPER_PROCESS_INSTANCE_ID_` varchar(64) CHARACTER SET utf8 COLLATE utf8_bin NULL DEFAULT NULL,
  `DELETE_REASON_` varchar(4000) CHARACTER SET utf8 COLLATE utf8_bin NULL DEFAULT NULL,
  `TENANT_ID_` varchar(255) CHARACTER SET utf8 COLLATE utf8_bin NULL DEFAULT '',
  `NAME_` varchar(255) CHARACTER SET utf8 COLLATE utf8_bin NULL DEFAULT NULL,
  PRIMARY KEY (`ID_`) USING BTREE,
  UNIQUE INDEX `PROC_INST_ID_`(`PROC_INST_ID_`) USING BTREE,
  INDEX `ACT_IDX_HI_PRO_INST_END`(`END_TIME_`) USING BTREE,
  INDEX `ACT_IDX_HI_PRO_I_BUSKEY`(`BUSINESS_KEY_`) USING BTREE
) ENGINE = InnoDB CHARACTER SET = utf8 COLLATE = utf8_bin ROW_FORMAT = Dynamic;

-- ----------------------------
-- Records of act_hi_procinst
-- ----------------------------
INSERT INTO `act_hi_procinst` VALUES ('17501', '17501', NULL, 'SupplierRegister:1:2504', '2020-05-12 15:44:13.044', '2020-05-13 16:18:33.303', 88460259, NULL, 'start', 'end', NULL, NULL, '', NULL);
INSERT INTO `act_hi_procinst` VALUES ('20002', '20002', NULL, 'SupplierRegister:1:2504', '2020-05-13 09:14:01.364', '2020-05-13 09:14:29.194', 27830, NULL, 'start', 'end', NULL, NULL, '', NULL);
INSERT INTO `act_hi_procinst` VALUES ('22505', '22505', NULL, 'TenderingApplyProject:1:22504', '2020-05-13 10:58:14.467', '2020-05-13 14:30:54.972', 12760505, NULL, 'start', 'end', NULL, NULL, '', NULL);
INSERT INTO `act_hi_procinst` VALUES ('2505', '2505', NULL, 'SupplierRegister:1:2504', '2020-05-10 18:44:09.358', NULL, NULL, NULL, 'start', NULL, NULL, NULL, '', NULL);
INSERT INTO `act_hi_procinst` VALUES ('2518', '2518', NULL, 'SupplierRegister:1:2504', '2020-05-10 18:46:45.628', '2020-05-10 21:34:47.402', 10081774, NULL, 'start', 'end', NULL, NULL, '', NULL);
INSERT INTO `act_hi_procinst` VALUES ('2531', '2531', NULL, 'SupplierRegister:1:2504', '2020-05-10 18:47:22.236', '2020-05-10 21:36:45.471', 10163235, NULL, 'start', 'end', NULL, NULL, '', NULL);
INSERT INTO `act_hi_procinst` VALUES ('2544', '2544', NULL, 'SupplierRegister:1:2504', '2020-05-10 18:48:43.379', '2020-05-10 21:47:59.173', 10755794, NULL, 'start', 'end', NULL, NULL, '', NULL);
INSERT INTO `act_hi_procinst` VALUES ('2557', '2557', NULL, 'SupplierRegister:1:2504', '2020-05-10 18:48:55.180', '2020-05-10 21:50:29.730', 10894550, NULL, 'start', 'end', NULL, NULL, '', NULL);
INSERT INTO `act_hi_procinst` VALUES ('2570', '2570', NULL, 'SupplierRegister:1:2504', '2020-05-10 18:49:07.331', '2020-05-10 21:51:42.369', 10955038, NULL, 'start', 'end', NULL, NULL, '', NULL);
INSERT INTO `act_hi_procinst` VALUES ('2583', '2583', NULL, 'SupplierRegister:1:2504', '2020-05-10 18:49:16.994', '2020-05-10 21:52:35.278', 10998284, NULL, 'start', 'end', NULL, NULL, '', NULL);
INSERT INTO `act_hi_procinst` VALUES ('2596', '2596', NULL, 'SupplierRegister:1:2504', '2020-05-10 18:49:30.757', '2020-05-10 21:53:42.439', 11051682, NULL, 'start', 'end', NULL, NULL, '', NULL);
INSERT INTO `act_hi_procinst` VALUES ('2609', '2609', NULL, 'SupplierRegister:1:2504', '2020-05-10 18:49:41.970', '2020-05-10 21:55:18.622', 11136652, NULL, 'start', 'end', NULL, NULL, '', NULL);
INSERT INTO `act_hi_procinst` VALUES ('2622', '2622', NULL, 'SupplierRegister:1:2504', '2020-05-10 18:49:52.867', '2020-05-11 10:02:19.646', 54746779, NULL, 'start', 'end', NULL, NULL, '', NULL);
INSERT INTO `act_hi_procinst` VALUES ('2635', '2635', NULL, 'SupplierRegister:1:2504', '2020-05-10 18:50:13.481', '2020-05-10 22:19:51.331', 12577850, NULL, 'start', 'end', NULL, NULL, '', NULL);
INSERT INTO `act_hi_procinst` VALUES ('2648', '2648', NULL, 'SupplierRegister:1:2504', '2020-05-10 18:50:24.779', '2020-05-11 10:09:53.684', 55168905, NULL, 'start', 'end', NULL, NULL, '', NULL);
INSERT INTO `act_hi_procinst` VALUES ('2661', '2661', NULL, 'SupplierRegister:1:2504', '2020-05-10 18:50:40.806', '2020-05-12 14:54:06.475', 158605669, NULL, 'start', 'end', NULL, NULL, '', NULL);
INSERT INTO `act_hi_procinst` VALUES ('2674', '2674', NULL, 'SupplierRegister:1:2504', '2020-05-10 18:51:04.115', '2020-05-12 14:54:01.241', 158577126, NULL, 'start', 'end', NULL, NULL, '', NULL);
INSERT INTO `act_hi_procinst` VALUES ('2687', '2687', NULL, 'SupplierRegister:1:2504', '2020-05-10 18:51:19.427', '2020-05-10 21:55:34.454', 11055027, NULL, 'start', 'end', NULL, NULL, '', NULL);
INSERT INTO `act_hi_procinst` VALUES ('27505', '27505', NULL, 'TenderingApplyProject:1:22504', '2020-05-13 14:35:17.200', '2020-05-13 14:40:48.417', 331217, NULL, 'start', 'end', NULL, NULL, '', NULL);
INSERT INTO `act_hi_procinst` VALUES ('27518', '27518', NULL, 'TenderingApplyProject:1:22504', '2020-05-13 14:40:24.781', '2020-05-13 14:40:43.063', 18282, NULL, 'start', 'end', NULL, NULL, '', NULL);
INSERT INTO `act_hi_procinst` VALUES ('27539', '27539', NULL, 'TenderingApplyProject:1:22504', '2020-05-13 14:43:14.362', '2020-05-13 14:43:37.420', 23058, NULL, 'start', 'end', NULL, NULL, '', NULL);
INSERT INTO `act_hi_procinst` VALUES ('30001', '30001', NULL, 'TenderingApplyProject:1:22504', '2020-05-13 14:53:37.817', '2020-05-13 20:53:48.719', 21610902, NULL, 'start', 'end', NULL, NULL, '', NULL);
INSERT INTO `act_hi_procinst` VALUES ('30014', '30014', NULL, 'TenderingApplyProject:1:22504', '2020-05-13 14:55:32.186', '2020-05-14 18:22:54.827', 98842641, NULL, 'start', 'end', NULL, NULL, '', NULL);
INSERT INTO `act_hi_procinst` VALUES ('37501', '37501', NULL, 'TenderingApplyProject:1:22504', '2020-05-14 16:44:10.800', '2020-05-14 16:46:39.200', 148400, NULL, 'start', 'end', NULL, NULL, '', NULL);
INSERT INTO `act_hi_procinst` VALUES ('37514', '37514', NULL, 'TenderingApplyProject:1:22504', '2020-05-14 16:44:13.096', '2020-05-14 16:44:25.892', 12796, NULL, 'start', 'end', NULL, NULL, '', NULL);
INSERT INTO `act_hi_procinst` VALUES ('42501', '42501', NULL, 'TenderingApplyProject:1:22504', '2020-05-14 16:56:50.040', '2020-05-14 16:57:00.721', 10681, NULL, 'start', 'end', NULL, NULL, '', NULL);
INSERT INTO `act_hi_procinst` VALUES ('47501', '47501', NULL, 'TenderingApplyNotice:1:45005', '2020-05-19 10:25:54.252', NULL, NULL, NULL, 'start', NULL, NULL, NULL, '', NULL);
INSERT INTO `act_hi_procinst` VALUES ('50001', '50001', NULL, 'TenderingApplyNotice:1:45005', '2020-05-19 10:27:28.858', NULL, NULL, NULL, 'start', NULL, NULL, NULL, '', NULL);
INSERT INTO `act_hi_procinst` VALUES ('52501', '52501', NULL, 'TenderingApplyProject:1:22504', '2020-05-20 10:05:12.862', NULL, NULL, NULL, 'start', NULL, NULL, NULL, '', NULL);
INSERT INTO `act_hi_procinst` VALUES ('52514', '52514', NULL, 'TenderingApplyNotice:1:45005', '2020-05-20 10:20:10.946', NULL, NULL, NULL, 'start', NULL, NULL, NULL, '', NULL);
INSERT INTO `act_hi_procinst` VALUES ('52527', '52527', NULL, 'TenderingApplyNotice:1:45005', '2020-05-20 10:20:13.126', '2020-05-30 15:11:29.078', 881475952, NULL, 'start', 'end', NULL, NULL, '', NULL);
INSERT INTO `act_hi_procinst` VALUES ('52540', '52540', NULL, 'TenderingApplyNotice:1:45005', '2020-05-20 10:20:13.738', '2020-05-30 15:09:20.795', 881347057, NULL, 'start', 'end', NULL, NULL, '', NULL);
INSERT INTO `act_hi_procinst` VALUES ('52553', '52553', NULL, 'TenderingApplyNotice:1:45005', '2020-05-20 10:20:14.627', NULL, NULL, NULL, 'start', NULL, NULL, NULL, '', NULL);
INSERT INTO `act_hi_procinst` VALUES ('52566', '52566', NULL, 'TenderingApplyNotice:1:45005', '2020-05-20 10:20:15.911', NULL, NULL, NULL, 'start', NULL, NULL, NULL, '', NULL);
INSERT INTO `act_hi_procinst` VALUES ('52579', '52579', NULL, 'TenderingApplyNotice:1:45005', '2020-05-20 10:20:17.706', '2020-05-30 15:11:33.008', 881475302, NULL, 'start', 'end', NULL, NULL, '', NULL);
INSERT INTO `act_hi_procinst` VALUES ('52592', '52592', NULL, 'TenderingApplyNotice:1:45005', '2020-05-20 10:20:19.510', '2020-05-20 11:11:08.623', 3049113, NULL, 'start', 'end', NULL, NULL, '', NULL);
INSERT INTO `act_hi_procinst` VALUES ('52605', '52605', NULL, 'TenderingApplyNotice:1:45005', '2020-05-20 10:20:20.612', '2020-05-20 11:07:31.760', 2831148, NULL, 'start', 'end', NULL, NULL, '', NULL);
INSERT INTO `act_hi_procinst` VALUES ('55009', '55009', NULL, 'TenderingApplyNotice:1:45005', '2020-05-20 11:14:51.688', '2020-05-20 11:15:09.883', 18195, NULL, 'start', 'end', NULL, NULL, '', NULL);
INSERT INTO `act_hi_procinst` VALUES ('60001', '60001', NULL, 'TenderingApplyProject:1:22504', '2020-05-31 14:47:38.259', '2020-05-31 14:54:31.210', 412951, NULL, 'start', 'end', NULL, NULL, '', NULL);
INSERT INTO `act_hi_procinst` VALUES ('60018', '60018', NULL, 'TenderingApplyProject:1:22504', '2020-05-31 14:55:08.252', '2020-05-31 14:55:34.117', 25865, NULL, 'start', 'end', NULL, NULL, '', NULL);
INSERT INTO `act_hi_procinst` VALUES ('60035', '60035', NULL, 'TenderingApplyNotice:1:45005', '2020-05-31 15:00:32.414', '2020-05-31 15:01:06.849', 34435, NULL, 'start', 'end', NULL, NULL, '', NULL);
INSERT INTO `act_hi_procinst` VALUES ('60052', '60052', NULL, 'TenderingApplyProject:1:22504', '2020-05-31 15:18:00.195', '2020-05-31 15:18:20.174', 19979, NULL, 'start', 'end', NULL, NULL, '', NULL);
INSERT INTO `act_hi_procinst` VALUES ('62501', '62501', NULL, 'TenderingApplyProject:1:22504', '2020-05-31 17:42:50.428', '2020-05-31 17:42:59.947', 9519, NULL, 'start', 'end', NULL, NULL, '', NULL);
INSERT INTO `act_hi_procinst` VALUES ('65001', '65001', NULL, 'TenderingApplyProject:1:22504', '2020-06-03 22:02:01.854', '2020-06-03 22:02:12.529', 10675, NULL, 'start', 'end', NULL, NULL, '', NULL);
INSERT INTO `act_hi_procinst` VALUES ('67501', '67501', NULL, 'TenderingApplyProject:1:22504', '2020-06-05 19:09:52.001', '2020-06-05 19:12:24.243', 152242, NULL, 'start', 'end', NULL, NULL, '', NULL);
INSERT INTO `act_hi_procinst` VALUES ('67514', '67514', NULL, 'TenderingApplyProject:1:22504', '2020-06-05 19:09:53.679', '2020-06-05 19:12:29.440', 155761, NULL, 'start', 'end', NULL, NULL, '', NULL);
INSERT INTO `act_hi_procinst` VALUES ('67527', '67527', NULL, 'TenderingApplyProject:1:22504', '2020-06-05 19:11:11.372', '2020-06-05 19:12:39.208', 87836, NULL, 'start', 'end', NULL, NULL, '', NULL);
INSERT INTO `act_hi_procinst` VALUES ('67540', '67540', NULL, 'TenderingApplyProject:1:22504', '2020-06-05 19:11:12.524', '2020-06-05 19:12:33.842', 81318, NULL, 'start', 'end', NULL, NULL, '', NULL);
INSERT INTO `act_hi_procinst` VALUES ('67553', '67553', NULL, 'TenderingApplyProject:1:22504', '2020-06-05 19:12:01.728', NULL, NULL, NULL, 'start', NULL, NULL, NULL, '', NULL);
INSERT INTO `act_hi_procinst` VALUES ('70001', '70001', NULL, 'TenderingApplyNotice:1:45005', '2020-06-05 23:15:59.716', '2020-06-05 23:16:16.219', 16503, NULL, 'start', 'end', NULL, NULL, '', NULL);
INSERT INTO `act_hi_procinst` VALUES ('70018', '70018', NULL, 'TenderingApplyProject:1:22504', '2020-06-06 15:07:51.413', '2020-06-06 16:03:11.995', 3320582, NULL, 'start', 'end', NULL, NULL, '', NULL);
INSERT INTO `act_hi_procinst` VALUES ('70035', '70035', NULL, 'TenderingApplyProject:1:22504', '2020-06-06 16:05:57.781', '2020-06-06 16:06:59.494', 61713, NULL, 'start', 'end', NULL, NULL, '', NULL);

-- ----------------------------
-- Table structure for act_hi_taskinst
-- ----------------------------
DROP TABLE IF EXISTS `act_hi_taskinst`;
CREATE TABLE `act_hi_taskinst`  (
  `ID_` varchar(64) CHARACTER SET utf8 COLLATE utf8_bin NOT NULL,
  `PROC_DEF_ID_` varchar(64) CHARACTER SET utf8 COLLATE utf8_bin NULL DEFAULT NULL,
  `TASK_DEF_KEY_` varchar(255) CHARACTER SET utf8 COLLATE utf8_bin NULL DEFAULT NULL,
  `PROC_INST_ID_` varchar(64) CHARACTER SET utf8 COLLATE utf8_bin NULL DEFAULT NULL,
  `EXECUTION_ID_` varchar(64) CHARACTER SET utf8 COLLATE utf8_bin NULL DEFAULT NULL,
  `NAME_` varchar(255) CHARACTER SET utf8 COLLATE utf8_bin NULL DEFAULT NULL,
  `PARENT_TASK_ID_` varchar(64) CHARACTER SET utf8 COLLATE utf8_bin NULL DEFAULT NULL,
  `DESCRIPTION_` varchar(4000) CHARACTER SET utf8 COLLATE utf8_bin NULL DEFAULT NULL,
  `OWNER_` varchar(255) CHARACTER SET utf8 COLLATE utf8_bin NULL DEFAULT NULL,
  `ASSIGNEE_` varchar(255) CHARACTER SET utf8 COLLATE utf8_bin NULL DEFAULT NULL,
  `START_TIME_` datetime(3) NOT NULL,
  `CLAIM_TIME_` datetime(3) NULL DEFAULT NULL,
  `END_TIME_` datetime(3) NULL DEFAULT NULL,
  `DURATION_` bigint(20) NULL DEFAULT NULL,
  `DELETE_REASON_` varchar(4000) CHARACTER SET utf8 COLLATE utf8_bin NULL DEFAULT NULL,
  `PRIORITY_` int(11) NULL DEFAULT NULL,
  `DUE_DATE_` datetime(3) NULL DEFAULT NULL,
  `FORM_KEY_` varchar(255) CHARACTER SET utf8 COLLATE utf8_bin NULL DEFAULT NULL,
  `CATEGORY_` varchar(255) CHARACTER SET utf8 COLLATE utf8_bin NULL DEFAULT NULL,
  `TENANT_ID_` varchar(255) CHARACTER SET utf8 COLLATE utf8_bin NULL DEFAULT '',
  PRIMARY KEY (`ID_`) USING BTREE,
  INDEX `ACT_IDX_HI_TASK_INST_PROCINST`(`PROC_INST_ID_`) USING BTREE
) ENGINE = InnoDB CHARACTER SET = utf8 COLLATE = utf8_bin ROW_FORMAT = Dynamic;

-- ----------------------------
-- Records of act_hi_taskinst
-- ----------------------------
INSERT INTO `act_hi_taskinst` VALUES ('17509', 'SupplierRegister:1:2504', 'supplier', '17501', '17506', '', NULL, NULL, NULL, 'test888', '2020-05-12 15:44:13.078', NULL, '2020-05-12 15:44:13.147', 69, NULL, 50, NULL, NULL, NULL, '');
INSERT INTO `act_hi_taskinst` VALUES ('17512', 'SupplierRegister:1:2504', 'sid-4BD0748D-0444-4FC4-833C-D3B964B3D10C', '17501', '17506', '', NULL, NULL, NULL, 'approve1', '2020-05-12 15:44:13.151', NULL, '2020-05-13 16:18:33.246', 88460095, NULL, 50, NULL, NULL, NULL, '');
INSERT INTO `act_hi_taskinst` VALUES ('20010', 'SupplierRegister:1:2504', 'supplier', '20002', '20007', '', NULL, NULL, NULL, 'MySupplier', '2020-05-13 09:14:01.398', NULL, '2020-05-13 09:14:01.471', 73, NULL, 50, NULL, NULL, NULL, '');
INSERT INTO `act_hi_taskinst` VALUES ('20013', 'SupplierRegister:1:2504', 'sid-4BD0748D-0444-4FC4-833C-D3B964B3D10C', '20002', '20007', '', NULL, NULL, NULL, 'approve1', '2020-05-13 09:14:01.476', NULL, '2020-05-13 09:14:29.169', 27693, NULL, 50, NULL, NULL, NULL, '');
INSERT INTO `act_hi_taskinst` VALUES ('22513', 'TenderingApplyProject:1:22504', 'applyproject', '22505', '22510', '', NULL, NULL, NULL, 'admin', '2020-05-13 10:58:14.622', NULL, '2020-05-13 10:58:23.822', 9200, NULL, 50, NULL, NULL, NULL, '');
INSERT INTO `act_hi_taskinst` VALUES ('22516', 'TenderingApplyProject:1:22504', 'approve', '22505', '22510', '', NULL, NULL, NULL, 'approve1', '2020-05-13 10:58:23.855', NULL, '2020-05-13 14:30:54.925', 12751070, NULL, 50, NULL, NULL, NULL, '');
INSERT INTO `act_hi_taskinst` VALUES ('2513', 'SupplierRegister:1:2504', 'supplier', '2505', '2510', '', NULL, NULL, NULL, 'gys1', '2020-05-10 18:44:09.385', NULL, '2020-05-10 18:44:09.450', 65, NULL, 50, NULL, NULL, NULL, '');
INSERT INTO `act_hi_taskinst` VALUES ('2516', 'SupplierRegister:1:2504', 'sid-4BD0748D-0444-4FC4-833C-D3B964B3D10C', '2505', '2510', '', NULL, NULL, NULL, 'approve1', '2020-05-10 18:44:09.456', NULL, NULL, NULL, NULL, 50, NULL, NULL, NULL, '');
INSERT INTO `act_hi_taskinst` VALUES ('2526', 'SupplierRegister:1:2504', 'supplier', '2518', '2523', '', NULL, NULL, NULL, 'gys1', '2020-05-10 18:46:45.628', NULL, '2020-05-10 18:46:45.649', 21, NULL, 50, NULL, NULL, NULL, '');
INSERT INTO `act_hi_taskinst` VALUES ('2529', 'SupplierRegister:1:2504', 'sid-4BD0748D-0444-4FC4-833C-D3B964B3D10C', '2518', '2523', '', NULL, NULL, NULL, 'approve1', '2020-05-10 18:46:45.651', NULL, '2020-05-10 21:34:47.337', 10081686, NULL, 50, NULL, NULL, NULL, '');
INSERT INTO `act_hi_taskinst` VALUES ('2539', 'SupplierRegister:1:2504', 'supplier', '2531', '2536', '', NULL, NULL, NULL, 'gys2', '2020-05-10 18:47:22.237', NULL, '2020-05-10 18:47:22.254', 17, NULL, 50, NULL, NULL, NULL, '');
INSERT INTO `act_hi_taskinst` VALUES ('2542', 'SupplierRegister:1:2504', 'sid-4BD0748D-0444-4FC4-833C-D3B964B3D10C', '2531', '2536', '', NULL, NULL, NULL, 'approve1', '2020-05-10 18:47:22.256', NULL, '2020-05-10 21:36:45.344', 10163088, NULL, 50, NULL, NULL, NULL, '');
INSERT INTO `act_hi_taskinst` VALUES ('2552', 'SupplierRegister:1:2504', 'supplier', '2544', '2549', '', NULL, NULL, NULL, 'gys3', '2020-05-10 18:48:43.379', NULL, '2020-05-10 18:48:43.398', 19, NULL, 50, NULL, NULL, NULL, '');
INSERT INTO `act_hi_taskinst` VALUES ('2555', 'SupplierRegister:1:2504', 'sid-4BD0748D-0444-4FC4-833C-D3B964B3D10C', '2544', '2549', '', NULL, NULL, NULL, 'approve1', '2020-05-10 18:48:43.401', NULL, '2020-05-10 21:47:59.090', 10755689, NULL, 50, NULL, NULL, NULL, '');
INSERT INTO `act_hi_taskinst` VALUES ('2565', 'SupplierRegister:1:2504', 'supplier', '2557', '2562', '', NULL, NULL, NULL, 'gys4', '2020-05-10 18:48:55.181', NULL, '2020-05-10 18:48:55.198', 17, NULL, 50, NULL, NULL, NULL, '');
INSERT INTO `act_hi_taskinst` VALUES ('2568', 'SupplierRegister:1:2504', 'sid-4BD0748D-0444-4FC4-833C-D3B964B3D10C', '2557', '2562', '', NULL, NULL, NULL, 'approve1', '2020-05-10 18:48:55.201', NULL, '2020-05-10 21:50:29.715', 10894514, NULL, 50, NULL, NULL, NULL, '');
INSERT INTO `act_hi_taskinst` VALUES ('2578', 'SupplierRegister:1:2504', 'supplier', '2570', '2575', '', NULL, NULL, NULL, 'gys5', '2020-05-10 18:49:07.331', NULL, '2020-05-10 18:49:07.358', 27, NULL, 50, NULL, NULL, NULL, '');
INSERT INTO `act_hi_taskinst` VALUES ('2581', 'SupplierRegister:1:2504', 'sid-4BD0748D-0444-4FC4-833C-D3B964B3D10C', '2570', '2575', '', NULL, NULL, NULL, 'approve1', '2020-05-10 18:49:07.360', NULL, '2020-05-10 21:51:42.356', 10954996, NULL, 50, NULL, NULL, NULL, '');
INSERT INTO `act_hi_taskinst` VALUES ('2591', 'SupplierRegister:1:2504', 'supplier', '2583', '2588', '', NULL, NULL, NULL, 'gys6', '2020-05-10 18:49:16.995', NULL, '2020-05-10 18:49:17.011', 16, NULL, 50, NULL, NULL, NULL, '');
INSERT INTO `act_hi_taskinst` VALUES ('2594', 'SupplierRegister:1:2504', 'sid-4BD0748D-0444-4FC4-833C-D3B964B3D10C', '2583', '2588', '', NULL, NULL, NULL, 'approve1', '2020-05-10 18:49:17.013', NULL, '2020-05-10 21:52:35.262', 10998249, NULL, 50, NULL, NULL, NULL, '');
INSERT INTO `act_hi_taskinst` VALUES ('2604', 'SupplierRegister:1:2504', 'supplier', '2596', '2601', '', NULL, NULL, NULL, 'gys7', '2020-05-10 18:49:30.757', NULL, '2020-05-10 18:49:30.782', 25, NULL, 50, NULL, NULL, NULL, '');
INSERT INTO `act_hi_taskinst` VALUES ('2607', 'SupplierRegister:1:2504', 'sid-4BD0748D-0444-4FC4-833C-D3B964B3D10C', '2596', '2601', '', NULL, NULL, NULL, 'approve1', '2020-05-10 18:49:30.784', NULL, '2020-05-10 21:53:42.424', 11051640, NULL, 50, NULL, NULL, NULL, '');
INSERT INTO `act_hi_taskinst` VALUES ('2617', 'SupplierRegister:1:2504', 'supplier', '2609', '2614', '', NULL, NULL, NULL, 'gys8', '2020-05-10 18:49:41.971', NULL, '2020-05-10 18:49:41.988', 17, NULL, 50, NULL, NULL, NULL, '');
INSERT INTO `act_hi_taskinst` VALUES ('2620', 'SupplierRegister:1:2504', 'sid-4BD0748D-0444-4FC4-833C-D3B964B3D10C', '2609', '2614', '', NULL, NULL, NULL, 'approve1', '2020-05-10 18:49:41.990', NULL, '2020-05-10 21:55:18.609', 11136619, NULL, 50, NULL, NULL, NULL, '');
INSERT INTO `act_hi_taskinst` VALUES ('2630', 'SupplierRegister:1:2504', 'supplier', '2622', '2627', '', NULL, NULL, NULL, 'gys9', '2020-05-10 18:49:52.867', NULL, '2020-05-10 18:49:52.884', 17, NULL, 50, NULL, NULL, NULL, '');
INSERT INTO `act_hi_taskinst` VALUES ('2633', 'SupplierRegister:1:2504', 'sid-4BD0748D-0444-4FC4-833C-D3B964B3D10C', '2622', '2627', '', NULL, NULL, NULL, 'approve1', '2020-05-10 18:49:52.886', NULL, '2020-05-11 10:02:19.586', 54746700, NULL, 50, NULL, NULL, NULL, '');
INSERT INTO `act_hi_taskinst` VALUES ('2643', 'SupplierRegister:1:2504', 'supplier', '2635', '2640', '', NULL, NULL, NULL, 'gys10', '2020-05-10 18:50:13.481', NULL, '2020-05-10 18:50:13.499', 18, NULL, 50, NULL, NULL, NULL, '');
INSERT INTO `act_hi_taskinst` VALUES ('2646', 'SupplierRegister:1:2504', 'sid-4BD0748D-0444-4FC4-833C-D3B964B3D10C', '2635', '2640', '', NULL, NULL, NULL, 'approve1', '2020-05-10 18:50:13.502', NULL, '2020-05-10 22:19:51.316', 12577814, NULL, 50, NULL, NULL, NULL, '');
INSERT INTO `act_hi_taskinst` VALUES ('2656', 'SupplierRegister:1:2504', 'supplier', '2648', '2653', '', NULL, NULL, NULL, 'gys11', '2020-05-10 18:50:24.779', NULL, '2020-05-10 18:50:24.794', 15, NULL, 50, NULL, NULL, NULL, '');
INSERT INTO `act_hi_taskinst` VALUES ('2659', 'SupplierRegister:1:2504', 'sid-4BD0748D-0444-4FC4-833C-D3B964B3D10C', '2648', '2653', '', NULL, NULL, NULL, 'approve1', '2020-05-10 18:50:24.797', NULL, '2020-05-11 10:09:53.643', 55168846, NULL, 50, NULL, NULL, NULL, '');
INSERT INTO `act_hi_taskinst` VALUES ('2669', 'SupplierRegister:1:2504', 'supplier', '2661', '2666', '', NULL, NULL, NULL, 'gys12', '2020-05-10 18:50:40.806', NULL, '2020-05-10 18:50:40.823', 17, NULL, 50, NULL, NULL, NULL, '');
INSERT INTO `act_hi_taskinst` VALUES ('2672', 'SupplierRegister:1:2504', 'sid-4BD0748D-0444-4FC4-833C-D3B964B3D10C', '2661', '2666', '', NULL, NULL, NULL, 'approve1', '2020-05-10 18:50:40.824', NULL, '2020-05-12 14:54:06.463', 158605639, NULL, 50, NULL, NULL, NULL, '');
INSERT INTO `act_hi_taskinst` VALUES ('2682', 'SupplierRegister:1:2504', 'supplier', '2674', '2679', '', NULL, NULL, NULL, 'gys13', '2020-05-10 18:51:04.115', NULL, '2020-05-10 18:51:04.130', 15, NULL, 50, NULL, NULL, NULL, '');
INSERT INTO `act_hi_taskinst` VALUES ('2685', 'SupplierRegister:1:2504', 'sid-4BD0748D-0444-4FC4-833C-D3B964B3D10C', '2674', '2679', '', NULL, NULL, NULL, 'approve1', '2020-05-10 18:51:04.132', NULL, '2020-05-12 14:54:01.168', 158577036, NULL, 50, NULL, NULL, NULL, '');
INSERT INTO `act_hi_taskinst` VALUES ('2695', 'SupplierRegister:1:2504', 'supplier', '2687', '2692', '', NULL, NULL, NULL, 'gys14', '2020-05-10 18:51:19.427', NULL, '2020-05-10 18:51:19.442', 15, NULL, 50, NULL, NULL, NULL, '');
INSERT INTO `act_hi_taskinst` VALUES ('2698', 'SupplierRegister:1:2504', 'sid-4BD0748D-0444-4FC4-833C-D3B964B3D10C', '2687', '2692', '', NULL, NULL, NULL, 'approve1', '2020-05-10 18:51:19.443', NULL, '2020-05-10 21:55:34.443', 11055000, NULL, 50, NULL, NULL, NULL, '');
INSERT INTO `act_hi_taskinst` VALUES ('27513', 'TenderingApplyProject:1:22504', 'applyproject', '27505', '27510', '', NULL, NULL, NULL, 'admin', '2020-05-13 14:35:17.203', NULL, '2020-05-13 14:35:17.236', 33, NULL, 50, NULL, NULL, NULL, '');
INSERT INTO `act_hi_taskinst` VALUES ('27516', 'TenderingApplyProject:1:22504', 'approve', '27505', '27510', '', NULL, NULL, NULL, 'approve1', '2020-05-13 14:35:17.238', NULL, '2020-05-13 14:40:48.410', 331172, NULL, 50, NULL, NULL, NULL, '');
INSERT INTO `act_hi_taskinst` VALUES ('27526', 'TenderingApplyProject:1:22504', 'applyproject', '27518', '27523', '', NULL, NULL, NULL, 'admin', '2020-05-13 14:40:24.782', NULL, '2020-05-13 14:40:24.805', 23, NULL, 50, NULL, NULL, NULL, '');
INSERT INTO `act_hi_taskinst` VALUES ('27529', 'TenderingApplyProject:1:22504', 'approve', '27518', '27523', '', NULL, NULL, NULL, 'approve1', '2020-05-13 14:40:24.807', NULL, '2020-05-13 14:40:43.055', 18248, NULL, 50, NULL, NULL, NULL, '');
INSERT INTO `act_hi_taskinst` VALUES ('27547', 'TenderingApplyProject:1:22504', 'applyproject', '27539', '27544', '', NULL, NULL, NULL, 'admin', '2020-05-13 14:43:14.362', NULL, '2020-05-13 14:43:14.383', 21, NULL, 50, NULL, NULL, NULL, '');
INSERT INTO `act_hi_taskinst` VALUES ('27550', 'TenderingApplyProject:1:22504', 'approve', '27539', '27544', '', NULL, NULL, NULL, 'approve1', '2020-05-13 14:43:14.385', NULL, '2020-05-13 14:43:37.410', 23025, NULL, 50, NULL, NULL, NULL, '');
INSERT INTO `act_hi_taskinst` VALUES ('30009', 'TenderingApplyProject:1:22504', 'applyproject', '30001', '30006', '', NULL, NULL, NULL, 'tender1', '2020-05-13 14:53:37.849', NULL, '2020-05-13 14:53:37.897', 48, NULL, 50, NULL, NULL, NULL, '');
INSERT INTO `act_hi_taskinst` VALUES ('30012', 'TenderingApplyProject:1:22504', 'approve', '30001', '30006', '', NULL, NULL, NULL, 'approve1', '2020-05-13 14:53:37.900', NULL, '2020-05-13 20:53:48.654', 21610754, NULL, 50, NULL, NULL, NULL, '');
INSERT INTO `act_hi_taskinst` VALUES ('30022', 'TenderingApplyProject:1:22504', 'applyproject', '30014', '30019', '', NULL, NULL, NULL, 'tender3', '2020-05-13 14:55:32.187', NULL, '2020-05-13 14:55:32.206', 19, NULL, 50, NULL, NULL, NULL, '');
INSERT INTO `act_hi_taskinst` VALUES ('30025', 'TenderingApplyProject:1:22504', 'approve', '30014', '30019', '', NULL, NULL, NULL, 'approve1', '2020-05-13 14:55:32.208', NULL, '2020-05-14 18:22:54.813', 98842605, NULL, 50, NULL, NULL, NULL, '');
INSERT INTO `act_hi_taskinst` VALUES ('37509', 'TenderingApplyProject:1:22504', 'applyproject', '37501', '37506', '', NULL, NULL, NULL, 'admin', '2020-05-14 16:44:10.833', NULL, '2020-05-14 16:44:10.920', 87, NULL, 50, NULL, NULL, NULL, '');
INSERT INTO `act_hi_taskinst` VALUES ('37512', 'TenderingApplyProject:1:22504', 'approve', '37501', '37506', '', NULL, NULL, NULL, 'approve1', '2020-05-14 16:44:10.924', NULL, '2020-05-14 16:46:39.163', 148239, NULL, 50, NULL, NULL, NULL, '');
INSERT INTO `act_hi_taskinst` VALUES ('37522', 'TenderingApplyProject:1:22504', 'applyproject', '37514', '37519', '', NULL, NULL, NULL, 'admin', '2020-05-14 16:44:13.097', NULL, '2020-05-14 16:44:13.123', 26, NULL, 50, NULL, NULL, NULL, '');
INSERT INTO `act_hi_taskinst` VALUES ('37525', 'TenderingApplyProject:1:22504', 'approve', '37514', '37519', '', NULL, NULL, NULL, 'approve1', '2020-05-14 16:44:13.126', NULL, '2020-05-14 16:44:25.859', 12733, NULL, 50, NULL, NULL, NULL, '');
INSERT INTO `act_hi_taskinst` VALUES ('42509', 'TenderingApplyProject:1:22504', 'applyproject', '42501', '42506', '', NULL, NULL, NULL, 'admin', '2020-05-14 16:56:50.073', NULL, '2020-05-14 16:56:50.140', 67, NULL, 50, NULL, NULL, NULL, '');
INSERT INTO `act_hi_taskinst` VALUES ('42512', 'TenderingApplyProject:1:22504', 'approve', '42501', '42506', '', NULL, NULL, NULL, 'approve1', '2020-05-14 16:56:50.144', NULL, '2020-05-14 16:57:00.701', 10557, NULL, 50, NULL, NULL, NULL, '');
INSERT INTO `act_hi_taskinst` VALUES ('47509', 'TenderingApplyNotice:1:45005', 'applyNotice', '47501', '47506', '', NULL, NULL, NULL, 'admin', '2020-05-19 10:25:54.285', NULL, '2020-05-19 10:25:54.383', 98, NULL, 50, NULL, NULL, NULL, '');
INSERT INTO `act_hi_taskinst` VALUES ('47512', 'TenderingApplyNotice:1:45005', 'approve', '47501', '47506', '', NULL, NULL, NULL, 'approve1', '2020-05-19 10:25:54.387', NULL, NULL, NULL, NULL, 50, NULL, NULL, NULL, '');
INSERT INTO `act_hi_taskinst` VALUES ('50009', 'TenderingApplyNotice:1:45005', 'applyNotice', '50001', '50006', '', NULL, NULL, NULL, 'admin', '2020-05-19 10:27:28.904', NULL, '2020-05-19 10:27:28.991', 87, NULL, 50, NULL, NULL, NULL, '');
INSERT INTO `act_hi_taskinst` VALUES ('50012', 'TenderingApplyNotice:1:45005', 'approve', '50001', '50006', '', NULL, NULL, NULL, 'approve1', '2020-05-19 10:27:28.996', NULL, NULL, NULL, NULL, 50, NULL, NULL, NULL, '');
INSERT INTO `act_hi_taskinst` VALUES ('52509', 'TenderingApplyProject:1:22504', 'applyproject', '52501', '52506', '', NULL, NULL, NULL, 'admin', '2020-05-20 10:05:12.898', NULL, '2020-05-20 10:05:12.998', 100, NULL, 50, NULL, NULL, NULL, '');
INSERT INTO `act_hi_taskinst` VALUES ('52512', 'TenderingApplyProject:1:22504', 'approve', '52501', '52506', '', NULL, NULL, NULL, 'approve1', '2020-05-20 10:05:13.002', NULL, NULL, NULL, NULL, 50, NULL, NULL, NULL, '');
INSERT INTO `act_hi_taskinst` VALUES ('52522', 'TenderingApplyNotice:1:45005', 'applyNotice', '52514', '52519', '', NULL, NULL, NULL, 'admin', '2020-05-20 10:20:10.946', NULL, '2020-05-20 10:20:10.970', 24, NULL, 50, NULL, NULL, NULL, '');
INSERT INTO `act_hi_taskinst` VALUES ('52525', 'TenderingApplyNotice:1:45005', 'approve', '52514', '52519', '', NULL, NULL, NULL, 'approve1', '2020-05-20 10:20:10.973', NULL, NULL, NULL, NULL, 50, NULL, NULL, NULL, '');
INSERT INTO `act_hi_taskinst` VALUES ('52535', 'TenderingApplyNotice:1:45005', 'applyNotice', '52527', '52532', '', NULL, NULL, NULL, 'admin', '2020-05-20 10:20:13.126', NULL, '2020-05-20 10:20:13.143', 17, NULL, 50, NULL, NULL, NULL, '');
INSERT INTO `act_hi_taskinst` VALUES ('52538', 'TenderingApplyNotice:1:45005', 'approve', '52527', '52532', '', NULL, NULL, NULL, 'approve1', '2020-05-20 10:20:13.145', NULL, '2020-05-30 15:11:29.069', 881475924, NULL, 50, NULL, NULL, NULL, '');
INSERT INTO `act_hi_taskinst` VALUES ('52548', 'TenderingApplyNotice:1:45005', 'applyNotice', '52540', '52545', '', NULL, NULL, NULL, 'admin', '2020-05-20 10:20:13.738', NULL, '2020-05-20 10:20:13.762', 24, NULL, 50, NULL, NULL, NULL, '');
INSERT INTO `act_hi_taskinst` VALUES ('52551', 'TenderingApplyNotice:1:45005', 'approve', '52540', '52545', '', NULL, NULL, NULL, 'approve1', '2020-05-20 10:20:13.764', NULL, '2020-05-30 15:09:20.728', 881346964, NULL, 50, NULL, NULL, NULL, '');
INSERT INTO `act_hi_taskinst` VALUES ('52561', 'TenderingApplyNotice:1:45005', 'applyNotice', '52553', '52558', '', NULL, NULL, NULL, 'admin', '2020-05-20 10:20:14.628', NULL, '2020-05-20 10:20:14.653', 25, NULL, 50, NULL, NULL, NULL, '');
INSERT INTO `act_hi_taskinst` VALUES ('52564', 'TenderingApplyNotice:1:45005', 'approve', '52553', '52558', '', NULL, NULL, NULL, 'approve1', '2020-05-20 10:20:14.655', NULL, NULL, NULL, NULL, 50, NULL, NULL, NULL, '');
INSERT INTO `act_hi_taskinst` VALUES ('52574', 'TenderingApplyNotice:1:45005', 'applyNotice', '52566', '52571', '', NULL, NULL, NULL, 'admin', '2020-05-20 10:20:15.911', NULL, '2020-05-20 10:20:15.941', 30, NULL, 50, NULL, NULL, NULL, '');
INSERT INTO `act_hi_taskinst` VALUES ('52577', 'TenderingApplyNotice:1:45005', 'approve', '52566', '52571', '', NULL, NULL, NULL, 'approve1', '2020-05-20 10:20:15.943', NULL, NULL, NULL, NULL, 50, NULL, NULL, NULL, '');
INSERT INTO `act_hi_taskinst` VALUES ('52587', 'TenderingApplyNotice:1:45005', 'applyNotice', '52579', '52584', '', NULL, NULL, NULL, 'admin', '2020-05-20 10:20:17.707', NULL, '2020-05-20 10:20:17.726', 19, NULL, 50, NULL, NULL, NULL, '');
INSERT INTO `act_hi_taskinst` VALUES ('52590', 'TenderingApplyNotice:1:45005', 'approve', '52579', '52584', '', NULL, NULL, NULL, 'approve1', '2020-05-20 10:20:17.728', NULL, '2020-05-30 15:11:33.001', 881475273, NULL, 50, NULL, NULL, NULL, '');
INSERT INTO `act_hi_taskinst` VALUES ('52600', 'TenderingApplyNotice:1:45005', 'applyNotice', '52592', '52597', '', NULL, NULL, NULL, 'admin', '2020-05-20 10:20:19.510', NULL, '2020-05-20 10:20:19.533', 23, NULL, 50, NULL, NULL, NULL, '');
INSERT INTO `act_hi_taskinst` VALUES ('52603', 'TenderingApplyNotice:1:45005', 'approve', '52592', '52597', '', NULL, NULL, NULL, 'approve1', '2020-05-20 10:20:19.536', NULL, '2020-05-20 11:11:08.611', 3049075, NULL, 50, NULL, NULL, NULL, '');
INSERT INTO `act_hi_taskinst` VALUES ('52613', 'TenderingApplyNotice:1:45005', 'applyNotice', '52605', '52610', '', NULL, NULL, NULL, 'admin', '2020-05-20 10:20:20.613', NULL, '2020-05-20 10:20:20.628', 15, NULL, 50, NULL, NULL, NULL, '');
INSERT INTO `act_hi_taskinst` VALUES ('52616', 'TenderingApplyNotice:1:45005', 'approve', '52605', '52610', '', NULL, NULL, NULL, 'approve1', '2020-05-20 10:20:20.630', NULL, '2020-05-20 11:07:31.679', 2831049, NULL, 50, NULL, NULL, NULL, '');
INSERT INTO `act_hi_taskinst` VALUES ('55017', 'TenderingApplyNotice:1:45005', 'applyNotice', '55009', '55014', '', NULL, NULL, NULL, 'admin', '2020-05-20 11:14:51.692', NULL, '2020-05-20 11:14:51.718', 26, NULL, 50, NULL, NULL, NULL, '');
INSERT INTO `act_hi_taskinst` VALUES ('55020', 'TenderingApplyNotice:1:45005', 'approve', '55009', '55014', '', NULL, NULL, NULL, 'approve1', '2020-05-20 11:14:51.721', NULL, '2020-05-20 11:15:09.870', 18149, NULL, 50, NULL, NULL, NULL, '');
INSERT INTO `act_hi_taskinst` VALUES ('60009', 'TenderingApplyProject:1:22504', 'applyproject', '60001', '60006', '', NULL, NULL, NULL, 'zb1', '2020-05-31 14:47:38.293', NULL, '2020-05-31 14:47:38.381', 88, NULL, 50, NULL, NULL, NULL, '');
INSERT INTO `act_hi_taskinst` VALUES ('60012', 'TenderingApplyProject:1:22504', 'approve', '60001', '60006', '', NULL, NULL, NULL, 'approve1', '2020-05-31 14:47:38.384', NULL, '2020-05-31 14:54:31.187', 412803, NULL, 50, NULL, NULL, NULL, '');
INSERT INTO `act_hi_taskinst` VALUES ('60026', 'TenderingApplyProject:1:22504', 'applyproject', '60018', '60023', '', NULL, NULL, NULL, 'zb1', '2020-05-31 14:55:08.252', NULL, '2020-05-31 14:55:08.279', 27, NULL, 50, NULL, NULL, NULL, '');
INSERT INTO `act_hi_taskinst` VALUES ('60029', 'TenderingApplyProject:1:22504', 'approve', '60018', '60023', '', NULL, NULL, NULL, 'approve1', '2020-05-31 14:55:08.280', NULL, '2020-05-31 14:55:34.105', 25825, NULL, 50, NULL, NULL, NULL, '');
INSERT INTO `act_hi_taskinst` VALUES ('60043', 'TenderingApplyNotice:1:45005', 'applyNotice', '60035', '60040', '', NULL, NULL, NULL, 'zb1', '2020-05-31 15:00:32.415', NULL, '2020-05-31 15:00:32.432', 17, NULL, 50, NULL, NULL, NULL, '');
INSERT INTO `act_hi_taskinst` VALUES ('60046', 'TenderingApplyNotice:1:45005', 'approve', '60035', '60040', '', NULL, NULL, NULL, 'approve1', '2020-05-31 15:00:32.434', NULL, '2020-05-31 15:01:06.839', 34405, NULL, 50, NULL, NULL, NULL, '');
INSERT INTO `act_hi_taskinst` VALUES ('60060', 'TenderingApplyProject:1:22504', 'applyproject', '60052', '60057', '', NULL, NULL, NULL, 'zb1', '2020-05-31 15:18:00.195', NULL, '2020-05-31 15:18:00.222', 27, NULL, 50, NULL, NULL, NULL, '');
INSERT INTO `act_hi_taskinst` VALUES ('60063', 'TenderingApplyProject:1:22504', 'approve', '60052', '60057', '', NULL, NULL, NULL, 'approve1', '2020-05-31 15:18:00.224', NULL, '2020-05-31 15:18:20.164', 19940, NULL, 50, NULL, NULL, NULL, '');
INSERT INTO `act_hi_taskinst` VALUES ('62509', 'TenderingApplyProject:1:22504', 'applyproject', '62501', '62506', '', NULL, NULL, NULL, 'zb2', '2020-05-31 17:42:50.462', NULL, '2020-05-31 17:42:50.544', 82, NULL, 50, NULL, NULL, NULL, '');
INSERT INTO `act_hi_taskinst` VALUES ('62512', 'TenderingApplyProject:1:22504', 'approve', '62501', '62506', '', NULL, NULL, NULL, 'approve1', '2020-05-31 17:42:50.548', NULL, '2020-05-31 17:42:59.923', 9375, NULL, 50, NULL, NULL, NULL, '');
INSERT INTO `act_hi_taskinst` VALUES ('65009', 'TenderingApplyProject:1:22504', 'applyproject', '65001', '65006', '', NULL, NULL, NULL, 'zb1', '2020-06-03 22:02:01.887', NULL, '2020-06-03 22:02:01.976', 89, NULL, 50, NULL, NULL, NULL, '');
INSERT INTO `act_hi_taskinst` VALUES ('65012', 'TenderingApplyProject:1:22504', 'approve', '65001', '65006', '', NULL, NULL, NULL, 'approve1', '2020-06-03 22:02:01.979', NULL, '2020-06-03 22:02:12.497', 10518, NULL, 50, NULL, NULL, NULL, '');
INSERT INTO `act_hi_taskinst` VALUES ('67509', 'TenderingApplyProject:1:22504', 'applyproject', '67501', '67506', '', NULL, NULL, NULL, 'zb1', '2020-06-05 19:09:52.034', NULL, '2020-06-05 19:09:52.101', 67, NULL, 50, NULL, NULL, NULL, '');
INSERT INTO `act_hi_taskinst` VALUES ('67512', 'TenderingApplyProject:1:22504', 'approve', '67501', '67506', '', NULL, NULL, NULL, 'approve1', '2020-06-05 19:09:52.105', NULL, '2020-06-05 19:12:24.210', 152105, NULL, 50, NULL, NULL, NULL, '');
INSERT INTO `act_hi_taskinst` VALUES ('67522', 'TenderingApplyProject:1:22504', 'applyproject', '67514', '67519', '', NULL, NULL, NULL, 'zb1', '2020-06-05 19:09:53.679', NULL, '2020-06-05 19:09:53.699', 20, NULL, 50, NULL, NULL, NULL, '');
INSERT INTO `act_hi_taskinst` VALUES ('67525', 'TenderingApplyProject:1:22504', 'approve', '67514', '67519', '', NULL, NULL, NULL, 'approve1', '2020-06-05 19:09:53.701', NULL, '2020-06-05 19:12:29.426', 155725, NULL, 50, NULL, NULL, NULL, '');
INSERT INTO `act_hi_taskinst` VALUES ('67535', 'TenderingApplyProject:1:22504', 'applyproject', '67527', '67532', '', NULL, NULL, NULL, 'zb1', '2020-06-05 19:11:11.372', NULL, '2020-06-05 19:11:11.400', 28, NULL, 50, NULL, NULL, NULL, '');
INSERT INTO `act_hi_taskinst` VALUES ('67538', 'TenderingApplyProject:1:22504', 'approve', '67527', '67532', '', NULL, NULL, NULL, 'approve1', '2020-06-05 19:11:11.402', NULL, '2020-06-05 19:12:39.196', 87794, NULL, 50, NULL, NULL, NULL, '');
INSERT INTO `act_hi_taskinst` VALUES ('67548', 'TenderingApplyProject:1:22504', 'applyproject', '67540', '67545', '', NULL, NULL, NULL, 'zb1', '2020-06-05 19:11:12.524', NULL, '2020-06-05 19:11:12.556', 32, NULL, 50, NULL, NULL, NULL, '');
INSERT INTO `act_hi_taskinst` VALUES ('67551', 'TenderingApplyProject:1:22504', 'approve', '67540', '67545', '', NULL, NULL, NULL, 'approve1', '2020-06-05 19:11:12.558', NULL, '2020-06-05 19:12:33.831', 81273, NULL, 50, NULL, NULL, NULL, '');
INSERT INTO `act_hi_taskinst` VALUES ('67561', 'TenderingApplyProject:1:22504', 'applyproject', '67553', '67558', '', NULL, NULL, NULL, 'zb1', '2020-06-05 19:12:01.728', NULL, '2020-06-05 19:12:01.750', 22, NULL, 50, NULL, NULL, NULL, '');
INSERT INTO `act_hi_taskinst` VALUES ('67564', 'TenderingApplyProject:1:22504', 'approve', '67553', '67558', '', NULL, NULL, NULL, 'approve1', '2020-06-05 19:12:01.752', NULL, NULL, NULL, NULL, 50, NULL, NULL, NULL, '');
INSERT INTO `act_hi_taskinst` VALUES ('70009', 'TenderingApplyNotice:1:45005', 'applyNotice', '70001', '70006', '', NULL, NULL, NULL, 'zb1', '2020-06-05 23:15:59.754', NULL, '2020-06-05 23:15:59.818', 64, NULL, 50, NULL, NULL, NULL, '');
INSERT INTO `act_hi_taskinst` VALUES ('70012', 'TenderingApplyNotice:1:45005', 'approve', '70001', '70006', '', NULL, NULL, NULL, 'approve1', '2020-06-05 23:15:59.822', NULL, '2020-06-05 23:16:16.189', 16367, NULL, 50, NULL, NULL, NULL, '');
INSERT INTO `act_hi_taskinst` VALUES ('70026', 'TenderingApplyProject:1:22504', 'applyproject', '70018', '70023', '', NULL, NULL, NULL, 'zb1', '2020-06-06 15:07:51.418', NULL, '2020-06-06 15:07:51.460', 42, NULL, 50, NULL, NULL, NULL, '');
INSERT INTO `act_hi_taskinst` VALUES ('70029', 'TenderingApplyProject:1:22504', 'approve', '70018', '70023', '', NULL, NULL, NULL, 'approve1', '2020-06-06 15:07:51.463', NULL, '2020-06-06 16:03:11.973', 3320510, NULL, 50, NULL, NULL, NULL, '');
INSERT INTO `act_hi_taskinst` VALUES ('70043', 'TenderingApplyProject:1:22504', 'applyproject', '70035', '70040', '', NULL, NULL, NULL, 'zb1', '2020-06-06 16:05:57.781', NULL, '2020-06-06 16:05:57.805', 24, NULL, 50, NULL, NULL, NULL, '');
INSERT INTO `act_hi_taskinst` VALUES ('70046', 'TenderingApplyProject:1:22504', 'approve', '70035', '70040', '', NULL, NULL, NULL, 'approve1', '2020-06-06 16:05:57.807', NULL, '2020-06-06 16:06:59.484', 61677, NULL, 50, NULL, NULL, NULL, '');

-- ----------------------------
-- Table structure for act_hi_varinst
-- ----------------------------
DROP TABLE IF EXISTS `act_hi_varinst`;
CREATE TABLE `act_hi_varinst`  (
  `ID_` varchar(64) CHARACTER SET utf8 COLLATE utf8_bin NOT NULL,
  `PROC_INST_ID_` varchar(64) CHARACTER SET utf8 COLLATE utf8_bin NULL DEFAULT NULL,
  `EXECUTION_ID_` varchar(64) CHARACTER SET utf8 COLLATE utf8_bin NULL DEFAULT NULL,
  `TASK_ID_` varchar(64) CHARACTER SET utf8 COLLATE utf8_bin NULL DEFAULT NULL,
  `NAME_` varchar(255) CHARACTER SET utf8 COLLATE utf8_bin NOT NULL,
  `VAR_TYPE_` varchar(100) CHARACTER SET utf8 COLLATE utf8_bin NULL DEFAULT NULL,
  `REV_` int(11) NULL DEFAULT NULL,
  `BYTEARRAY_ID_` varchar(64) CHARACTER SET utf8 COLLATE utf8_bin NULL DEFAULT NULL,
  `DOUBLE_` double NULL DEFAULT NULL,
  `LONG_` bigint(20) NULL DEFAULT NULL,
  `TEXT_` varchar(4000) CHARACTER SET utf8 COLLATE utf8_bin NULL DEFAULT NULL,
  `TEXT2_` varchar(4000) CHARACTER SET utf8 COLLATE utf8_bin NULL DEFAULT NULL,
  `CREATE_TIME_` datetime(3) NULL DEFAULT NULL,
  `LAST_UPDATED_TIME_` datetime(3) NULL DEFAULT NULL,
  PRIMARY KEY (`ID_`) USING BTREE,
  INDEX `ACT_IDX_HI_PROCVAR_PROC_INST`(`PROC_INST_ID_`) USING BTREE,
  INDEX `ACT_IDX_HI_PROCVAR_NAME_TYPE`(`NAME_`, `VAR_TYPE_`) USING BTREE,
  INDEX `ACT_IDX_HI_PROCVAR_TASK_ID`(`TASK_ID_`) USING BTREE
) ENGINE = InnoDB CHARACTER SET = utf8 COLLATE = utf8_bin ROW_FORMAT = Dynamic;

-- ----------------------------
-- Records of act_hi_varinst
-- ----------------------------
INSERT INTO `act_hi_varinst` VALUES ('10001', '2622', '2622', NULL, 'approvestate', 'string', 0, NULL, NULL, NULL, '3', NULL, '2020-05-11 10:02:19.570', '2020-05-11 10:02:19.570');
INSERT INTO `act_hi_varinst` VALUES ('12501', '2648', '2648', NULL, 'approvestate', 'string', 0, NULL, NULL, NULL, '3', NULL, '2020-05-11 10:09:53.636', '2020-05-11 10:09:53.636');
INSERT INTO `act_hi_varinst` VALUES ('15001', '2674', '2674', NULL, 'approvestate', 'string', 0, NULL, NULL, NULL, '4', NULL, '2020-05-12 14:54:01.147', '2020-05-12 14:54:01.147');
INSERT INTO `act_hi_varinst` VALUES ('15005', '2661', '2661', NULL, 'approvestate', 'string', 0, NULL, NULL, NULL, '3', NULL, '2020-05-12 14:54:06.459', '2020-05-12 14:54:06.459');
INSERT INTO `act_hi_varinst` VALUES ('17502', '17501', '17501', NULL, 'approve', 'string', 0, NULL, NULL, NULL, 'approve1', NULL, '2020-05-12 15:44:13.052', '2020-05-12 15:44:13.052');
INSERT INTO `act_hi_varinst` VALUES ('17504', '17501', '17501', NULL, 'userid', 'string', 0, NULL, NULL, NULL, 'test888', NULL, '2020-05-12 15:44:13.053', '2020-05-12 15:44:13.053');
INSERT INTO `act_hi_varinst` VALUES ('20003', '20002', '20002', NULL, 'approve', 'string', 0, NULL, NULL, NULL, 'approve1', NULL, '2020-05-13 09:14:01.365', '2020-05-13 09:14:01.365');
INSERT INTO `act_hi_varinst` VALUES ('20005', '20002', '20002', NULL, 'userid', 'string', 0, NULL, NULL, NULL, 'MySupplier', NULL, '2020-05-13 09:14:01.367', '2020-05-13 09:14:01.367');
INSERT INTO `act_hi_varinst` VALUES ('20015', '20002', '20002', NULL, 'approvestate', 'string', 0, NULL, NULL, NULL, '3', NULL, '2020-05-13 09:14:29.165', '2020-05-13 09:14:29.165');
INSERT INTO `act_hi_varinst` VALUES ('22506', '22505', '22505', NULL, 'approve', 'string', 0, NULL, NULL, NULL, 'approve1', NULL, '2020-05-13 10:58:14.468', '2020-05-13 10:58:14.468');
INSERT INTO `act_hi_varinst` VALUES ('22508', '22505', '22505', NULL, 'userid', 'string', 0, NULL, NULL, NULL, 'admin', NULL, '2020-05-13 10:58:14.475', '2020-05-13 10:58:14.475');
INSERT INTO `act_hi_varinst` VALUES ('2506', '2505', '2505', NULL, 'approve', 'string', 0, NULL, NULL, NULL, 'approve1', NULL, '2020-05-10 18:44:09.359', '2020-05-10 18:44:09.359');
INSERT INTO `act_hi_varinst` VALUES ('2508', '2505', '2505', NULL, 'userid', 'string', 0, NULL, NULL, NULL, 'gys1', NULL, '2020-05-10 18:44:09.360', '2020-05-10 18:44:09.360');
INSERT INTO `act_hi_varinst` VALUES ('2519', '2518', '2518', NULL, 'approve', 'string', 0, NULL, NULL, NULL, 'approve1', NULL, '2020-05-10 18:46:45.628', '2020-05-10 18:46:45.628');
INSERT INTO `act_hi_varinst` VALUES ('2521', '2518', '2518', NULL, 'userid', 'string', 0, NULL, NULL, NULL, 'gys1', NULL, '2020-05-10 18:46:45.628', '2020-05-10 18:46:45.628');
INSERT INTO `act_hi_varinst` VALUES ('2532', '2531', '2531', NULL, 'approve', 'string', 0, NULL, NULL, NULL, 'approve1', NULL, '2020-05-10 18:47:22.236', '2020-05-10 18:47:22.236');
INSERT INTO `act_hi_varinst` VALUES ('2534', '2531', '2531', NULL, 'userid', 'string', 0, NULL, NULL, NULL, 'gys2', NULL, '2020-05-10 18:47:22.236', '2020-05-10 18:47:22.236');
INSERT INTO `act_hi_varinst` VALUES ('2545', '2544', '2544', NULL, 'approve', 'string', 0, NULL, NULL, NULL, 'approve1', NULL, '2020-05-10 18:48:43.379', '2020-05-10 18:48:43.379');
INSERT INTO `act_hi_varinst` VALUES ('2547', '2544', '2544', NULL, 'userid', 'string', 0, NULL, NULL, NULL, 'gys3', NULL, '2020-05-10 18:48:43.379', '2020-05-10 18:48:43.379');
INSERT INTO `act_hi_varinst` VALUES ('2558', '2557', '2557', NULL, 'approve', 'string', 0, NULL, NULL, NULL, 'approve1', NULL, '2020-05-10 18:48:55.180', '2020-05-10 18:48:55.180');
INSERT INTO `act_hi_varinst` VALUES ('2560', '2557', '2557', NULL, 'userid', 'string', 0, NULL, NULL, NULL, 'gys4', NULL, '2020-05-10 18:48:55.180', '2020-05-10 18:48:55.180');
INSERT INTO `act_hi_varinst` VALUES ('2571', '2570', '2570', NULL, 'approve', 'string', 0, NULL, NULL, NULL, 'approve1', NULL, '2020-05-10 18:49:07.331', '2020-05-10 18:49:07.331');
INSERT INTO `act_hi_varinst` VALUES ('2573', '2570', '2570', NULL, 'userid', 'string', 0, NULL, NULL, NULL, 'gys5', NULL, '2020-05-10 18:49:07.331', '2020-05-10 18:49:07.331');
INSERT INTO `act_hi_varinst` VALUES ('2584', '2583', '2583', NULL, 'approve', 'string', 0, NULL, NULL, NULL, 'approve1', NULL, '2020-05-10 18:49:16.994', '2020-05-10 18:49:16.994');
INSERT INTO `act_hi_varinst` VALUES ('2586', '2583', '2583', NULL, 'userid', 'string', 0, NULL, NULL, NULL, 'gys6', NULL, '2020-05-10 18:49:16.994', '2020-05-10 18:49:16.994');
INSERT INTO `act_hi_varinst` VALUES ('2597', '2596', '2596', NULL, 'approve', 'string', 0, NULL, NULL, NULL, 'approve1', NULL, '2020-05-10 18:49:30.757', '2020-05-10 18:49:30.757');
INSERT INTO `act_hi_varinst` VALUES ('2599', '2596', '2596', NULL, 'userid', 'string', 0, NULL, NULL, NULL, 'gys7', NULL, '2020-05-10 18:49:30.757', '2020-05-10 18:49:30.757');
INSERT INTO `act_hi_varinst` VALUES ('2610', '2609', '2609', NULL, 'approve', 'string', 0, NULL, NULL, NULL, 'approve1', NULL, '2020-05-10 18:49:41.970', '2020-05-10 18:49:41.970');
INSERT INTO `act_hi_varinst` VALUES ('2612', '2609', '2609', NULL, 'userid', 'string', 0, NULL, NULL, NULL, 'gys8', NULL, '2020-05-10 18:49:41.970', '2020-05-10 18:49:41.970');
INSERT INTO `act_hi_varinst` VALUES ('2623', '2622', '2622', NULL, 'approve', 'string', 0, NULL, NULL, NULL, 'approve1', NULL, '2020-05-10 18:49:52.867', '2020-05-10 18:49:52.867');
INSERT INTO `act_hi_varinst` VALUES ('2625', '2622', '2622', NULL, 'userid', 'string', 0, NULL, NULL, NULL, 'gys9', NULL, '2020-05-10 18:49:52.867', '2020-05-10 18:49:52.867');
INSERT INTO `act_hi_varinst` VALUES ('2636', '2635', '2635', NULL, 'approve', 'string', 0, NULL, NULL, NULL, 'approve1', NULL, '2020-05-10 18:50:13.481', '2020-05-10 18:50:13.481');
INSERT INTO `act_hi_varinst` VALUES ('2638', '2635', '2635', NULL, 'userid', 'string', 0, NULL, NULL, NULL, 'gys10', NULL, '2020-05-10 18:50:13.481', '2020-05-10 18:50:13.481');
INSERT INTO `act_hi_varinst` VALUES ('2649', '2648', '2648', NULL, 'approve', 'string', 0, NULL, NULL, NULL, 'approve1', NULL, '2020-05-10 18:50:24.779', '2020-05-10 18:50:24.779');
INSERT INTO `act_hi_varinst` VALUES ('2651', '2648', '2648', NULL, 'userid', 'string', 0, NULL, NULL, NULL, 'gys11', NULL, '2020-05-10 18:50:24.779', '2020-05-10 18:50:24.779');
INSERT INTO `act_hi_varinst` VALUES ('2662', '2661', '2661', NULL, 'approve', 'string', 0, NULL, NULL, NULL, 'approve1', NULL, '2020-05-10 18:50:40.806', '2020-05-10 18:50:40.806');
INSERT INTO `act_hi_varinst` VALUES ('2664', '2661', '2661', NULL, 'userid', 'string', 0, NULL, NULL, NULL, 'gys12', NULL, '2020-05-10 18:50:40.806', '2020-05-10 18:50:40.806');
INSERT INTO `act_hi_varinst` VALUES ('2675', '2674', '2674', NULL, 'approve', 'string', 0, NULL, NULL, NULL, 'approve1', NULL, '2020-05-10 18:51:04.115', '2020-05-10 18:51:04.115');
INSERT INTO `act_hi_varinst` VALUES ('2677', '2674', '2674', NULL, 'userid', 'string', 0, NULL, NULL, NULL, 'gys13', NULL, '2020-05-10 18:51:04.115', '2020-05-10 18:51:04.115');
INSERT INTO `act_hi_varinst` VALUES ('2688', '2687', '2687', NULL, 'approve', 'string', 0, NULL, NULL, NULL, 'approve1', NULL, '2020-05-10 18:51:19.427', '2020-05-10 18:51:19.427');
INSERT INTO `act_hi_varinst` VALUES ('2690', '2687', '2687', NULL, 'userid', 'string', 0, NULL, NULL, NULL, 'gys14', NULL, '2020-05-10 18:51:19.427', '2020-05-10 18:51:19.427');
INSERT INTO `act_hi_varinst` VALUES ('27501', '22505', '22505', NULL, 'approvestate', 'string', 0, NULL, NULL, NULL, '3', NULL, '2020-05-13 14:30:54.913', '2020-05-13 14:30:54.913');
INSERT INTO `act_hi_varinst` VALUES ('27506', '27505', '27505', NULL, 'approve', 'string', 0, NULL, NULL, NULL, 'approve1', NULL, '2020-05-13 14:35:17.201', '2020-05-13 14:35:17.201');
INSERT INTO `act_hi_varinst` VALUES ('27508', '27505', '27505', NULL, 'userid', 'string', 0, NULL, NULL, NULL, 'admin', NULL, '2020-05-13 14:35:17.201', '2020-05-13 14:35:17.201');
INSERT INTO `act_hi_varinst` VALUES ('27519', '27518', '27518', NULL, 'approve', 'string', 0, NULL, NULL, NULL, 'approve1', NULL, '2020-05-13 14:40:24.781', '2020-05-13 14:40:24.781');
INSERT INTO `act_hi_varinst` VALUES ('27521', '27518', '27518', NULL, 'userid', 'string', 0, NULL, NULL, NULL, 'admin', NULL, '2020-05-13 14:40:24.781', '2020-05-13 14:40:24.781');
INSERT INTO `act_hi_varinst` VALUES ('27531', '27518', '27518', NULL, 'approvestate', 'string', 0, NULL, NULL, NULL, '3', NULL, '2020-05-13 14:40:43.053', '2020-05-13 14:40:43.053');
INSERT INTO `act_hi_varinst` VALUES ('27535', '27505', '27505', NULL, 'approvestate', 'string', 0, NULL, NULL, NULL, '3', NULL, '2020-05-13 14:40:48.407', '2020-05-13 14:40:48.407');
INSERT INTO `act_hi_varinst` VALUES ('27540', '27539', '27539', NULL, 'approve', 'string', 0, NULL, NULL, NULL, 'approve1', NULL, '2020-05-13 14:43:14.362', '2020-05-13 14:43:14.362');
INSERT INTO `act_hi_varinst` VALUES ('27542', '27539', '27539', NULL, 'userid', 'string', 0, NULL, NULL, NULL, 'admin', NULL, '2020-05-13 14:43:14.362', '2020-05-13 14:43:14.362');
INSERT INTO `act_hi_varinst` VALUES ('27552', '27539', '27539', NULL, 'approvestate', 'string', 0, NULL, NULL, NULL, '3', NULL, '2020-05-13 14:43:37.406', '2020-05-13 14:43:37.406');
INSERT INTO `act_hi_varinst` VALUES ('30002', '30001', '30001', NULL, 'approve', 'string', 0, NULL, NULL, NULL, 'approve1', NULL, '2020-05-13 14:53:37.828', '2020-05-13 14:53:37.828');
INSERT INTO `act_hi_varinst` VALUES ('30004', '30001', '30001', NULL, 'userid', 'string', 0, NULL, NULL, NULL, 'tender1', NULL, '2020-05-13 14:53:37.829', '2020-05-13 14:53:37.829');
INSERT INTO `act_hi_varinst` VALUES ('30015', '30014', '30014', NULL, 'approve', 'string', 0, NULL, NULL, NULL, 'approve1', NULL, '2020-05-13 14:55:32.187', '2020-05-13 14:55:32.187');
INSERT INTO `act_hi_varinst` VALUES ('30017', '30014', '30014', NULL, 'userid', 'string', 0, NULL, NULL, NULL, 'tender3', NULL, '2020-05-13 14:55:32.187', '2020-05-13 14:55:32.187');
INSERT INTO `act_hi_varinst` VALUES ('32501', '17501', '17501', NULL, 'approvestate', 'string', 0, NULL, NULL, NULL, '3', NULL, '2020-05-13 16:18:33.237', '2020-05-13 16:18:33.237');
INSERT INTO `act_hi_varinst` VALUES ('35001', '30001', '30001', NULL, 'approvestate', 'string', 0, NULL, NULL, NULL, '3', NULL, '2020-05-13 20:53:48.642', '2020-05-13 20:53:48.642');
INSERT INTO `act_hi_varinst` VALUES ('37502', '37501', '37501', NULL, 'approve', 'string', 0, NULL, NULL, NULL, 'approve1', NULL, '2020-05-14 16:44:10.809', '2020-05-14 16:44:10.809');
INSERT INTO `act_hi_varinst` VALUES ('37504', '37501', '37501', NULL, 'userid', 'string', 0, NULL, NULL, NULL, 'admin', NULL, '2020-05-14 16:44:10.810', '2020-05-14 16:44:10.810');
INSERT INTO `act_hi_varinst` VALUES ('37515', '37514', '37514', NULL, 'approve', 'string', 0, NULL, NULL, NULL, 'approve1', NULL, '2020-05-14 16:44:13.097', '2020-05-14 16:44:13.097');
INSERT INTO `act_hi_varinst` VALUES ('37517', '37514', '37514', NULL, 'userid', 'string', 0, NULL, NULL, NULL, 'admin', NULL, '2020-05-14 16:44:13.097', '2020-05-14 16:44:13.097');
INSERT INTO `act_hi_varinst` VALUES ('37527', '37514', '37514', NULL, 'approvestate', 'string', 0, NULL, NULL, NULL, '3', NULL, '2020-05-14 16:44:25.856', '2020-05-14 16:44:25.856');
INSERT INTO `act_hi_varinst` VALUES ('40001', '37501', '37501', NULL, 'approvestate', 'string', 0, NULL, NULL, NULL, '3', NULL, '2020-05-14 16:46:39.157', '2020-05-14 16:46:39.157');
INSERT INTO `act_hi_varinst` VALUES ('42502', '42501', '42501', NULL, 'approve', 'string', 0, NULL, NULL, NULL, 'approve1', NULL, '2020-05-14 16:56:50.051', '2020-05-14 16:56:50.051');
INSERT INTO `act_hi_varinst` VALUES ('42504', '42501', '42501', NULL, 'userid', 'string', 0, NULL, NULL, NULL, 'admin', NULL, '2020-05-14 16:56:50.052', '2020-05-14 16:56:50.052');
INSERT INTO `act_hi_varinst` VALUES ('42514', '42501', '42501', NULL, 'approvestate', 'string', 0, NULL, NULL, NULL, '3', NULL, '2020-05-14 16:57:00.698', '2020-05-14 16:57:00.698');
INSERT INTO `act_hi_varinst` VALUES ('42518', '30014', '30014', NULL, 'approvestate', 'string', 0, NULL, NULL, NULL, '3', NULL, '2020-05-14 18:22:54.810', '2020-05-14 18:22:54.810');
INSERT INTO `act_hi_varinst` VALUES ('47502', '47501', '47501', NULL, 'approve', 'string', 0, NULL, NULL, NULL, 'approve1', NULL, '2020-05-19 10:25:54.261', '2020-05-19 10:25:54.261');
INSERT INTO `act_hi_varinst` VALUES ('47504', '47501', '47501', NULL, 'userid', 'string', 0, NULL, NULL, NULL, 'admin', NULL, '2020-05-19 10:25:54.262', '2020-05-19 10:25:54.262');
INSERT INTO `act_hi_varinst` VALUES ('50002', '50001', '50001', NULL, 'approve', 'string', 0, NULL, NULL, NULL, 'approve1', NULL, '2020-05-19 10:27:28.870', '2020-05-19 10:27:28.870');
INSERT INTO `act_hi_varinst` VALUES ('50004', '50001', '50001', NULL, 'userid', 'string', 0, NULL, NULL, NULL, 'admin', NULL, '2020-05-19 10:27:28.872', '2020-05-19 10:27:28.872');
INSERT INTO `act_hi_varinst` VALUES ('5001', '2518', '2518', NULL, 'approvestate', 'string', 0, NULL, NULL, NULL, '3', NULL, '2020-05-10 21:34:47.322', '2020-05-10 21:34:47.322');
INSERT INTO `act_hi_varinst` VALUES ('5005', '2531', '2531', NULL, 'approvestate', 'string', 0, NULL, NULL, NULL, '3', NULL, '2020-05-10 21:36:45.319', '2020-05-10 21:36:45.319');
INSERT INTO `act_hi_varinst` VALUES ('52502', '52501', '52501', NULL, 'approve', 'string', 0, NULL, NULL, NULL, 'approve1', NULL, '2020-05-20 10:05:12.870', '2020-05-20 10:05:12.870');
INSERT INTO `act_hi_varinst` VALUES ('52504', '52501', '52501', NULL, 'userid', 'string', 0, NULL, NULL, NULL, 'admin', NULL, '2020-05-20 10:05:12.871', '2020-05-20 10:05:12.871');
INSERT INTO `act_hi_varinst` VALUES ('52515', '52514', '52514', NULL, 'approve', 'string', 0, NULL, NULL, NULL, 'approve1', NULL, '2020-05-20 10:20:10.946', '2020-05-20 10:20:10.946');
INSERT INTO `act_hi_varinst` VALUES ('52517', '52514', '52514', NULL, 'userid', 'string', 0, NULL, NULL, NULL, 'admin', NULL, '2020-05-20 10:20:10.946', '2020-05-20 10:20:10.946');
INSERT INTO `act_hi_varinst` VALUES ('52528', '52527', '52527', NULL, 'approve', 'string', 0, NULL, NULL, NULL, 'approve1', NULL, '2020-05-20 10:20:13.126', '2020-05-20 10:20:13.126');
INSERT INTO `act_hi_varinst` VALUES ('52530', '52527', '52527', NULL, 'userid', 'string', 0, NULL, NULL, NULL, 'admin', NULL, '2020-05-20 10:20:13.126', '2020-05-20 10:20:13.126');
INSERT INTO `act_hi_varinst` VALUES ('52541', '52540', '52540', NULL, 'approve', 'string', 0, NULL, NULL, NULL, 'approve1', NULL, '2020-05-20 10:20:13.738', '2020-05-20 10:20:13.738');
INSERT INTO `act_hi_varinst` VALUES ('52543', '52540', '52540', NULL, 'userid', 'string', 0, NULL, NULL, NULL, 'admin', NULL, '2020-05-20 10:20:13.738', '2020-05-20 10:20:13.738');
INSERT INTO `act_hi_varinst` VALUES ('52554', '52553', '52553', NULL, 'approve', 'string', 0, NULL, NULL, NULL, 'approve1', NULL, '2020-05-20 10:20:14.627', '2020-05-20 10:20:14.627');
INSERT INTO `act_hi_varinst` VALUES ('52556', '52553', '52553', NULL, 'userid', 'string', 0, NULL, NULL, NULL, 'admin', NULL, '2020-05-20 10:20:14.627', '2020-05-20 10:20:14.627');
INSERT INTO `act_hi_varinst` VALUES ('52567', '52566', '52566', NULL, 'approve', 'string', 0, NULL, NULL, NULL, 'approve1', NULL, '2020-05-20 10:20:15.911', '2020-05-20 10:20:15.911');
INSERT INTO `act_hi_varinst` VALUES ('52569', '52566', '52566', NULL, 'userid', 'string', 0, NULL, NULL, NULL, 'admin', NULL, '2020-05-20 10:20:15.911', '2020-05-20 10:20:15.911');
INSERT INTO `act_hi_varinst` VALUES ('52580', '52579', '52579', NULL, 'approve', 'string', 0, NULL, NULL, NULL, 'approve1', NULL, '2020-05-20 10:20:17.707', '2020-05-20 10:20:17.707');
INSERT INTO `act_hi_varinst` VALUES ('52582', '52579', '52579', NULL, 'userid', 'string', 0, NULL, NULL, NULL, 'admin', NULL, '2020-05-20 10:20:17.707', '2020-05-20 10:20:17.707');
INSERT INTO `act_hi_varinst` VALUES ('52593', '52592', '52592', NULL, 'approve', 'string', 0, NULL, NULL, NULL, 'approve1', NULL, '2020-05-20 10:20:19.510', '2020-05-20 10:20:19.510');
INSERT INTO `act_hi_varinst` VALUES ('52595', '52592', '52592', NULL, 'userid', 'string', 0, NULL, NULL, NULL, 'admin', NULL, '2020-05-20 10:20:19.510', '2020-05-20 10:20:19.510');
INSERT INTO `act_hi_varinst` VALUES ('52606', '52605', '52605', NULL, 'approve', 'string', 0, NULL, NULL, NULL, 'approve1', NULL, '2020-05-20 10:20:20.612', '2020-05-20 10:20:20.612');
INSERT INTO `act_hi_varinst` VALUES ('52608', '52605', '52605', NULL, 'userid', 'string', 0, NULL, NULL, NULL, 'admin', NULL, '2020-05-20 10:20:20.613', '2020-05-20 10:20:20.613');
INSERT INTO `act_hi_varinst` VALUES ('55001', '52605', '52605', NULL, 'approvestate', 'string', 0, NULL, NULL, NULL, '3', NULL, '2020-05-20 11:07:31.669', '2020-05-20 11:07:31.669');
INSERT INTO `act_hi_varinst` VALUES ('55005', '52592', '52592', NULL, 'approvestate', 'string', 0, NULL, NULL, NULL, '3', NULL, '2020-05-20 11:11:08.607', '2020-05-20 11:11:08.607');
INSERT INTO `act_hi_varinst` VALUES ('55010', '55009', '55009', NULL, 'approve', 'string', 0, NULL, NULL, NULL, 'approve1', NULL, '2020-05-20 11:14:51.689', '2020-05-20 11:14:51.689');
INSERT INTO `act_hi_varinst` VALUES ('55012', '55009', '55009', NULL, 'userid', 'string', 0, NULL, NULL, NULL, 'admin', NULL, '2020-05-20 11:14:51.689', '2020-05-20 11:14:51.689');
INSERT INTO `act_hi_varinst` VALUES ('55022', '55009', '55009', NULL, 'approvestate', 'string', 0, NULL, NULL, NULL, '3', NULL, '2020-05-20 11:15:09.867', '2020-05-20 11:15:09.867');
INSERT INTO `act_hi_varinst` VALUES ('57501', '52540', '52540', NULL, 'approvestate', 'string', 0, NULL, NULL, NULL, '3', NULL, '2020-05-30 15:09:20.707', '2020-05-30 15:09:20.707');
INSERT INTO `act_hi_varinst` VALUES ('57505', '52527', '52527', NULL, 'approvestate', 'string', 0, NULL, NULL, NULL, '3', NULL, '2020-05-30 15:11:29.066', '2020-05-30 15:11:29.066');
INSERT INTO `act_hi_varinst` VALUES ('57509', '52579', '52579', NULL, 'approvestate', 'string', 0, NULL, NULL, NULL, '3', NULL, '2020-05-30 15:11:32.999', '2020-05-30 15:11:32.999');
INSERT INTO `act_hi_varinst` VALUES ('60002', '60001', '60001', NULL, 'approve', 'string', 0, NULL, NULL, NULL, 'approve1', NULL, '2020-05-31 14:47:38.267', '2020-05-31 14:47:38.267');
INSERT INTO `act_hi_varinst` VALUES ('60004', '60001', '60001', NULL, 'userid', 'string', 0, NULL, NULL, NULL, 'zb1', NULL, '2020-05-31 14:47:38.269', '2020-05-31 14:47:38.269');
INSERT INTO `act_hi_varinst` VALUES ('60014', '60001', '60001', NULL, 'approvestate', 'string', 0, NULL, NULL, NULL, '3', NULL, '2020-05-31 14:54:31.185', '2020-05-31 14:54:31.185');
INSERT INTO `act_hi_varinst` VALUES ('60019', '60018', '60018', NULL, 'approve', 'string', 0, NULL, NULL, NULL, 'approve1', NULL, '2020-05-31 14:55:08.252', '2020-05-31 14:55:08.252');
INSERT INTO `act_hi_varinst` VALUES ('60021', '60018', '60018', NULL, 'userid', 'string', 0, NULL, NULL, NULL, 'zb1', NULL, '2020-05-31 14:55:08.252', '2020-05-31 14:55:08.252');
INSERT INTO `act_hi_varinst` VALUES ('60031', '60018', '60018', NULL, 'approvestate', 'string', 0, NULL, NULL, NULL, '3', NULL, '2020-05-31 14:55:34.103', '2020-05-31 14:55:34.103');
INSERT INTO `act_hi_varinst` VALUES ('60036', '60035', '60035', NULL, 'approve', 'string', 0, NULL, NULL, NULL, 'approve1', NULL, '2020-05-31 15:00:32.414', '2020-05-31 15:00:32.414');
INSERT INTO `act_hi_varinst` VALUES ('60038', '60035', '60035', NULL, 'userid', 'string', 0, NULL, NULL, NULL, 'zb1', NULL, '2020-05-31 15:00:32.414', '2020-05-31 15:00:32.414');
INSERT INTO `act_hi_varinst` VALUES ('60048', '60035', '60035', NULL, 'approvestate', 'string', 0, NULL, NULL, NULL, '3', NULL, '2020-05-31 15:01:06.837', '2020-05-31 15:01:06.837');
INSERT INTO `act_hi_varinst` VALUES ('60053', '60052', '60052', NULL, 'approve', 'string', 0, NULL, NULL, NULL, 'approve1', NULL, '2020-05-31 15:18:00.195', '2020-05-31 15:18:00.195');
INSERT INTO `act_hi_varinst` VALUES ('60055', '60052', '60052', NULL, 'userid', 'string', 0, NULL, NULL, NULL, 'zb1', NULL, '2020-05-31 15:18:00.195', '2020-05-31 15:18:00.195');
INSERT INTO `act_hi_varinst` VALUES ('60065', '60052', '60052', NULL, 'approvestate', 'string', 0, NULL, NULL, NULL, '3', NULL, '2020-05-31 15:18:20.162', '2020-05-31 15:18:20.162');
INSERT INTO `act_hi_varinst` VALUES ('62502', '62501', '62501', NULL, 'approve', 'string', 0, NULL, NULL, NULL, 'approve1', NULL, '2020-05-31 17:42:50.436', '2020-05-31 17:42:50.436');
INSERT INTO `act_hi_varinst` VALUES ('62504', '62501', '62501', NULL, 'userid', 'string', 0, NULL, NULL, NULL, 'zb2', NULL, '2020-05-31 17:42:50.437', '2020-05-31 17:42:50.437');
INSERT INTO `act_hi_varinst` VALUES ('62514', '62501', '62501', NULL, 'approvestate', 'string', 0, NULL, NULL, NULL, '3', NULL, '2020-05-31 17:42:59.921', '2020-05-31 17:42:59.921');
INSERT INTO `act_hi_varinst` VALUES ('65002', '65001', '65001', NULL, 'approve', 'string', 0, NULL, NULL, NULL, 'approve1', NULL, '2020-06-03 22:02:01.864', '2020-06-03 22:02:01.864');
INSERT INTO `act_hi_varinst` VALUES ('65004', '65001', '65001', NULL, 'userid', 'string', 0, NULL, NULL, NULL, 'zb1', NULL, '2020-06-03 22:02:01.865', '2020-06-03 22:02:01.865');
INSERT INTO `act_hi_varinst` VALUES ('65014', '65001', '65001', NULL, 'approvestate', 'string', 0, NULL, NULL, NULL, '3', NULL, '2020-06-03 22:02:12.492', '2020-06-03 22:02:12.492');
INSERT INTO `act_hi_varinst` VALUES ('67502', '67501', '67501', NULL, 'approve', 'string', 0, NULL, NULL, NULL, 'approve1', NULL, '2020-06-05 19:09:52.010', '2020-06-05 19:09:52.010');
INSERT INTO `act_hi_varinst` VALUES ('67504', '67501', '67501', NULL, 'userid', 'string', 0, NULL, NULL, NULL, 'zb1', NULL, '2020-06-05 19:09:52.011', '2020-06-05 19:09:52.011');
INSERT INTO `act_hi_varinst` VALUES ('67515', '67514', '67514', NULL, 'approve', 'string', 0, NULL, NULL, NULL, 'approve1', NULL, '2020-06-05 19:09:53.679', '2020-06-05 19:09:53.679');
INSERT INTO `act_hi_varinst` VALUES ('67517', '67514', '67514', NULL, 'userid', 'string', 0, NULL, NULL, NULL, 'zb1', NULL, '2020-06-05 19:09:53.679', '2020-06-05 19:09:53.679');
INSERT INTO `act_hi_varinst` VALUES ('67528', '67527', '67527', NULL, 'approve', 'string', 0, NULL, NULL, NULL, 'approve1', NULL, '2020-06-05 19:11:11.372', '2020-06-05 19:11:11.372');
INSERT INTO `act_hi_varinst` VALUES ('67530', '67527', '67527', NULL, 'userid', 'string', 0, NULL, NULL, NULL, 'zb1', NULL, '2020-06-05 19:11:11.372', '2020-06-05 19:11:11.372');
INSERT INTO `act_hi_varinst` VALUES ('67541', '67540', '67540', NULL, 'approve', 'string', 0, NULL, NULL, NULL, 'approve1', NULL, '2020-06-05 19:11:12.524', '2020-06-05 19:11:12.524');
INSERT INTO `act_hi_varinst` VALUES ('67543', '67540', '67540', NULL, 'userid', 'string', 0, NULL, NULL, NULL, 'zb1', NULL, '2020-06-05 19:11:12.524', '2020-06-05 19:11:12.524');
INSERT INTO `act_hi_varinst` VALUES ('67554', '67553', '67553', NULL, 'approve', 'string', 0, NULL, NULL, NULL, 'approve1', NULL, '2020-06-05 19:12:01.728', '2020-06-05 19:12:01.728');
INSERT INTO `act_hi_varinst` VALUES ('67556', '67553', '67553', NULL, 'userid', 'string', 0, NULL, NULL, NULL, 'zb1', NULL, '2020-06-05 19:12:01.728', '2020-06-05 19:12:01.728');
INSERT INTO `act_hi_varinst` VALUES ('67566', '67501', '67501', NULL, 'approvestate', 'string', 0, NULL, NULL, NULL, '3', NULL, '2020-06-05 19:12:24.208', '2020-06-05 19:12:24.208');
INSERT INTO `act_hi_varinst` VALUES ('67570', '67514', '67514', NULL, 'approvestate', 'string', 0, NULL, NULL, NULL, '4', NULL, '2020-06-05 19:12:29.423', '2020-06-05 19:12:29.423');
INSERT INTO `act_hi_varinst` VALUES ('67574', '67540', '67540', NULL, 'approvestate', 'string', 0, NULL, NULL, NULL, '3', NULL, '2020-06-05 19:12:33.827', '2020-06-05 19:12:33.827');
INSERT INTO `act_hi_varinst` VALUES ('67578', '67527', '67527', NULL, 'approvestate', 'string', 0, NULL, NULL, NULL, '3', NULL, '2020-06-05 19:12:39.194', '2020-06-05 19:12:39.194');
INSERT INTO `act_hi_varinst` VALUES ('70002', '70001', '70001', NULL, 'approve', 'string', 0, NULL, NULL, NULL, 'approve1', NULL, '2020-06-05 23:15:59.725', '2020-06-05 23:15:59.725');
INSERT INTO `act_hi_varinst` VALUES ('70004', '70001', '70001', NULL, 'userid', 'string', 0, NULL, NULL, NULL, 'zb1', NULL, '2020-06-05 23:15:59.727', '2020-06-05 23:15:59.727');
INSERT INTO `act_hi_varinst` VALUES ('70014', '70001', '70001', NULL, 'approvestate', 'string', 0, NULL, NULL, NULL, '3', NULL, '2020-06-05 23:16:16.185', '2020-06-05 23:16:16.185');
INSERT INTO `act_hi_varinst` VALUES ('70019', '70018', '70018', NULL, 'approve', 'string', 0, NULL, NULL, NULL, 'approve1', NULL, '2020-06-06 15:07:51.415', '2020-06-06 15:07:51.415');
INSERT INTO `act_hi_varinst` VALUES ('70021', '70018', '70018', NULL, 'userid', 'string', 0, NULL, NULL, NULL, 'zb1', NULL, '2020-06-06 15:07:51.415', '2020-06-06 15:07:51.415');
INSERT INTO `act_hi_varinst` VALUES ('70031', '70018', '70018', NULL, 'approvestate', 'string', 0, NULL, NULL, NULL, '3', NULL, '2020-06-06 16:03:11.966', '2020-06-06 16:03:11.966');
INSERT INTO `act_hi_varinst` VALUES ('70036', '70035', '70035', NULL, 'approve', 'string', 0, NULL, NULL, NULL, 'approve1', NULL, '2020-06-06 16:05:57.781', '2020-06-06 16:05:57.781');
INSERT INTO `act_hi_varinst` VALUES ('70038', '70035', '70035', NULL, 'userid', 'string', 0, NULL, NULL, NULL, 'zb1', NULL, '2020-06-06 16:05:57.781', '2020-06-06 16:05:57.781');
INSERT INTO `act_hi_varinst` VALUES ('70048', '70035', '70035', NULL, 'approvestate', 'string', 0, NULL, NULL, NULL, '3', NULL, '2020-06-06 16:06:59.478', '2020-06-06 16:06:59.478');
INSERT INTO `act_hi_varinst` VALUES ('7501', '2544', '2544', NULL, 'approvestate', 'string', 0, NULL, NULL, NULL, '3', NULL, '2020-05-10 21:47:59.074', '2020-05-10 21:47:59.074');
INSERT INTO `act_hi_varinst` VALUES ('7505', '2557', '2557', NULL, 'approvestate', 'string', 0, NULL, NULL, NULL, '4', NULL, '2020-05-10 21:50:29.710', '2020-05-10 21:50:29.710');
INSERT INTO `act_hi_varinst` VALUES ('7509', '2570', '2570', NULL, 'approvestate', 'string', 0, NULL, NULL, NULL, '4', NULL, '2020-05-10 21:51:42.352', '2020-05-10 21:51:42.352');
INSERT INTO `act_hi_varinst` VALUES ('7513', '2583', '2583', NULL, 'approvestate', 'string', 0, NULL, NULL, NULL, '3', NULL, '2020-05-10 21:52:35.259', '2020-05-10 21:52:35.259');
INSERT INTO `act_hi_varinst` VALUES ('7517', '2596', '2596', NULL, 'approvestate', 'string', 0, NULL, NULL, NULL, '4', NULL, '2020-05-10 21:53:42.420', '2020-05-10 21:53:42.420');
INSERT INTO `act_hi_varinst` VALUES ('7521', '2609', '2609', NULL, 'approvestate', 'string', 0, NULL, NULL, NULL, '3', NULL, '2020-05-10 21:55:18.607', '2020-05-10 21:55:18.607');
INSERT INTO `act_hi_varinst` VALUES ('7525', '2687', '2687', NULL, 'approvestate', 'string', 0, NULL, NULL, NULL, '4', NULL, '2020-05-10 21:55:34.441', '2020-05-10 21:55:34.441');
INSERT INTO `act_hi_varinst` VALUES ('7529', '2635', '2635', NULL, 'approvestate', 'string', 0, NULL, NULL, NULL, '4', NULL, '2020-05-10 22:19:51.309', '2020-05-10 22:19:51.309');

-- ----------------------------
-- Table structure for act_id_group
-- ----------------------------
DROP TABLE IF EXISTS `act_id_group`;
CREATE TABLE `act_id_group`  (
  `ID_` varchar(64) CHARACTER SET utf8 COLLATE utf8_bin NOT NULL,
  `REV_` int(11) NULL DEFAULT NULL,
  `NAME_` varchar(255) CHARACTER SET utf8 COLLATE utf8_bin NULL DEFAULT NULL,
  `TYPE_` varchar(255) CHARACTER SET utf8 COLLATE utf8_bin NULL DEFAULT NULL,
  PRIMARY KEY (`ID_`) USING BTREE
) ENGINE = InnoDB CHARACTER SET = utf8 COLLATE = utf8_bin ROW_FORMAT = Dynamic;

-- ----------------------------
-- Table structure for act_id_info
-- ----------------------------
DROP TABLE IF EXISTS `act_id_info`;
CREATE TABLE `act_id_info`  (
  `ID_` varchar(64) CHARACTER SET utf8 COLLATE utf8_bin NOT NULL,
  `REV_` int(11) NULL DEFAULT NULL,
  `USER_ID_` varchar(64) CHARACTER SET utf8 COLLATE utf8_bin NULL DEFAULT NULL,
  `TYPE_` varchar(64) CHARACTER SET utf8 COLLATE utf8_bin NULL DEFAULT NULL,
  `KEY_` varchar(255) CHARACTER SET utf8 COLLATE utf8_bin NULL DEFAULT NULL,
  `VALUE_` varchar(255) CHARACTER SET utf8 COLLATE utf8_bin NULL DEFAULT NULL,
  `PASSWORD_` longblob NULL,
  `PARENT_ID_` varchar(255) CHARACTER SET utf8 COLLATE utf8_bin NULL DEFAULT NULL,
  PRIMARY KEY (`ID_`) USING BTREE
) ENGINE = InnoDB CHARACTER SET = utf8 COLLATE = utf8_bin ROW_FORMAT = Dynamic;

-- ----------------------------
-- Table structure for act_id_membership
-- ----------------------------
DROP TABLE IF EXISTS `act_id_membership`;
CREATE TABLE `act_id_membership`  (
  `USER_ID_` varchar(64) CHARACTER SET utf8 COLLATE utf8_bin NOT NULL,
  `GROUP_ID_` varchar(64) CHARACTER SET utf8 COLLATE utf8_bin NOT NULL,
  PRIMARY KEY (`USER_ID_`, `GROUP_ID_`) USING BTREE,
  INDEX `ACT_FK_MEMB_GROUP`(`GROUP_ID_`) USING BTREE,
  CONSTRAINT `ACT_FK_MEMB_GROUP` FOREIGN KEY (`GROUP_ID_`) REFERENCES `act_id_group` (`ID_`) ON DELETE RESTRICT ON UPDATE RESTRICT,
  CONSTRAINT `ACT_FK_MEMB_USER` FOREIGN KEY (`USER_ID_`) REFERENCES `act_id_user` (`ID_`) ON DELETE RESTRICT ON UPDATE RESTRICT
) ENGINE = InnoDB CHARACTER SET = utf8 COLLATE = utf8_bin ROW_FORMAT = Dynamic;

-- ----------------------------
-- Table structure for act_id_user
-- ----------------------------
DROP TABLE IF EXISTS `act_id_user`;
CREATE TABLE `act_id_user`  (
  `ID_` varchar(64) CHARACTER SET utf8 COLLATE utf8_bin NOT NULL,
  `REV_` int(11) NULL DEFAULT NULL,
  `FIRST_` varchar(255) CHARACTER SET utf8 COLLATE utf8_bin NULL DEFAULT NULL,
  `LAST_` varchar(255) CHARACTER SET utf8 COLLATE utf8_bin NULL DEFAULT NULL,
  `EMAIL_` varchar(255) CHARACTER SET utf8 COLLATE utf8_bin NULL DEFAULT NULL,
  `PWD_` varchar(255) CHARACTER SET utf8 COLLATE utf8_bin NULL DEFAULT NULL,
  `PICTURE_ID_` varchar(64) CHARACTER SET utf8 COLLATE utf8_bin NULL DEFAULT NULL,
  PRIMARY KEY (`ID_`) USING BTREE
) ENGINE = InnoDB CHARACTER SET = utf8 COLLATE = utf8_bin ROW_FORMAT = Dynamic;

-- ----------------------------
-- Records of act_id_user
-- ----------------------------
INSERT INTO `act_id_user` VALUES ('MySupplier', 1, NULL, NULL, NULL, NULL, NULL);
INSERT INTO `act_id_user` VALUES ('admin', 1, NULL, NULL, NULL, NULL, NULL);
INSERT INTO `act_id_user` VALUES ('gys1', 1, NULL, NULL, NULL, NULL, NULL);
INSERT INTO `act_id_user` VALUES ('gys10', 1, NULL, NULL, NULL, NULL, NULL);
INSERT INTO `act_id_user` VALUES ('gys11', 1, NULL, NULL, NULL, NULL, NULL);
INSERT INTO `act_id_user` VALUES ('gys12', 1, NULL, NULL, NULL, NULL, NULL);
INSERT INTO `act_id_user` VALUES ('gys13', 1, NULL, NULL, NULL, NULL, NULL);
INSERT INTO `act_id_user` VALUES ('gys14', 1, NULL, NULL, NULL, NULL, NULL);
INSERT INTO `act_id_user` VALUES ('gys2', 1, NULL, NULL, NULL, NULL, NULL);
INSERT INTO `act_id_user` VALUES ('gys3', 1, NULL, NULL, NULL, NULL, NULL);
INSERT INTO `act_id_user` VALUES ('gys4', 1, NULL, NULL, NULL, NULL, NULL);
INSERT INTO `act_id_user` VALUES ('gys5', 1, NULL, NULL, NULL, NULL, NULL);
INSERT INTO `act_id_user` VALUES ('gys6', 1, NULL, NULL, NULL, NULL, NULL);
INSERT INTO `act_id_user` VALUES ('gys7', 1, NULL, NULL, NULL, NULL, NULL);
INSERT INTO `act_id_user` VALUES ('gys8', 1, NULL, NULL, NULL, NULL, NULL);
INSERT INTO `act_id_user` VALUES ('gys9', 1, NULL, NULL, NULL, NULL, NULL);
INSERT INTO `act_id_user` VALUES ('test888', 1, NULL, NULL, NULL, NULL, NULL);

-- ----------------------------
-- Table structure for act_procdef_info
-- ----------------------------
DROP TABLE IF EXISTS `act_procdef_info`;
CREATE TABLE `act_procdef_info`  (
  `ID_` varchar(64) CHARACTER SET utf8 COLLATE utf8_bin NOT NULL,
  `PROC_DEF_ID_` varchar(64) CHARACTER SET utf8 COLLATE utf8_bin NOT NULL,
  `REV_` int(11) NULL DEFAULT NULL,
  `INFO_JSON_ID_` varchar(64) CHARACTER SET utf8 COLLATE utf8_bin NULL DEFAULT NULL,
  PRIMARY KEY (`ID_`) USING BTREE,
  UNIQUE INDEX `ACT_UNIQ_INFO_PROCDEF`(`PROC_DEF_ID_`) USING BTREE,
  INDEX `ACT_IDX_INFO_PROCDEF`(`PROC_DEF_ID_`) USING BTREE,
  INDEX `ACT_FK_INFO_JSON_BA`(`INFO_JSON_ID_`) USING BTREE,
  CONSTRAINT `ACT_FK_INFO_JSON_BA` FOREIGN KEY (`INFO_JSON_ID_`) REFERENCES `act_ge_bytearray` (`ID_`) ON DELETE RESTRICT ON UPDATE RESTRICT,
  CONSTRAINT `ACT_FK_INFO_PROCDEF` FOREIGN KEY (`PROC_DEF_ID_`) REFERENCES `act_re_procdef` (`ID_`) ON DELETE RESTRICT ON UPDATE RESTRICT
) ENGINE = InnoDB CHARACTER SET = utf8 COLLATE = utf8_bin ROW_FORMAT = Dynamic;

-- ----------------------------
-- Table structure for act_re_deployment
-- ----------------------------
DROP TABLE IF EXISTS `act_re_deployment`;
CREATE TABLE `act_re_deployment`  (
  `ID_` varchar(64) CHARACTER SET utf8 COLLATE utf8_bin NOT NULL,
  `NAME_` varchar(255) CHARACTER SET utf8 COLLATE utf8_bin NULL DEFAULT NULL,
  `CATEGORY_` varchar(255) CHARACTER SET utf8 COLLATE utf8_bin NULL DEFAULT NULL,
  `KEY_` varchar(255) CHARACTER SET utf8 COLLATE utf8_bin NULL DEFAULT NULL,
  `TENANT_ID_` varchar(255) CHARACTER SET utf8 COLLATE utf8_bin NULL DEFAULT '',
  `DEPLOY_TIME_` timestamp(3) NULL DEFAULT NULL,
  `ENGINE_VERSION_` varchar(255) CHARACTER SET utf8 COLLATE utf8_bin NULL DEFAULT NULL,
  PRIMARY KEY (`ID_`) USING BTREE
) ENGINE = InnoDB CHARACTER SET = utf8 COLLATE = utf8_bin ROW_FORMAT = Dynamic;

-- ----------------------------
-- Records of act_re_deployment
-- ----------------------------
INSERT INTO `act_re_deployment` VALUES ('22501', '', NULL, 'TenderingApplyProject', '', '2020-05-13 10:58:04.758', NULL);
INSERT INTO `act_re_deployment` VALUES ('2501', '', NULL, 'SupplierRegister', '', '2020-05-10 18:43:24.501', NULL);
INSERT INTO `act_re_deployment` VALUES ('45002', '', NULL, 'TenderingApplyNotice', '', '2020-05-14 21:15:41.904', NULL);

-- ----------------------------
-- Table structure for act_re_model
-- ----------------------------
DROP TABLE IF EXISTS `act_re_model`;
CREATE TABLE `act_re_model`  (
  `ID_` varchar(64) CHARACTER SET utf8 COLLATE utf8_bin NOT NULL,
  `REV_` int(11) NULL DEFAULT NULL,
  `NAME_` varchar(255) CHARACTER SET utf8 COLLATE utf8_bin NULL DEFAULT NULL,
  `KEY_` varchar(255) CHARACTER SET utf8 COLLATE utf8_bin NULL DEFAULT NULL,
  `CATEGORY_` varchar(255) CHARACTER SET utf8 COLLATE utf8_bin NULL DEFAULT NULL,
  `CREATE_TIME_` timestamp(3) NULL DEFAULT NULL,
  `LAST_UPDATE_TIME_` timestamp(3) NULL DEFAULT NULL,
  `VERSION_` int(11) NULL DEFAULT NULL,
  `META_INFO_` varchar(4000) CHARACTER SET utf8 COLLATE utf8_bin NULL DEFAULT NULL,
  `DEPLOYMENT_ID_` varchar(64) CHARACTER SET utf8 COLLATE utf8_bin NULL DEFAULT NULL,
  `EDITOR_SOURCE_VALUE_ID_` varchar(64) CHARACTER SET utf8 COLLATE utf8_bin NULL DEFAULT NULL,
  `EDITOR_SOURCE_EXTRA_VALUE_ID_` varchar(64) CHARACTER SET utf8 COLLATE utf8_bin NULL DEFAULT NULL,
  `TENANT_ID_` varchar(255) CHARACTER SET utf8 COLLATE utf8_bin NULL DEFAULT '',
  PRIMARY KEY (`ID_`) USING BTREE,
  INDEX `ACT_FK_MODEL_SOURCE`(`EDITOR_SOURCE_VALUE_ID_`) USING BTREE,
  INDEX `ACT_FK_MODEL_SOURCE_EXTRA`(`EDITOR_SOURCE_EXTRA_VALUE_ID_`) USING BTREE,
  INDEX `ACT_FK_MODEL_DEPLOYMENT`(`DEPLOYMENT_ID_`) USING BTREE,
  CONSTRAINT `ACT_FK_MODEL_DEPLOYMENT` FOREIGN KEY (`DEPLOYMENT_ID_`) REFERENCES `act_re_deployment` (`ID_`) ON DELETE RESTRICT ON UPDATE RESTRICT,
  CONSTRAINT `ACT_FK_MODEL_SOURCE` FOREIGN KEY (`EDITOR_SOURCE_VALUE_ID_`) REFERENCES `act_ge_bytearray` (`ID_`) ON DELETE RESTRICT ON UPDATE RESTRICT,
  CONSTRAINT `ACT_FK_MODEL_SOURCE_EXTRA` FOREIGN KEY (`EDITOR_SOURCE_EXTRA_VALUE_ID_`) REFERENCES `act_ge_bytearray` (`ID_`) ON DELETE RESTRICT ON UPDATE RESTRICT
) ENGINE = InnoDB CHARACTER SET = utf8 COLLATE = utf8_bin ROW_FORMAT = Dynamic;

-- ----------------------------
-- Records of act_re_model
-- ----------------------------
INSERT INTO `act_re_model` VALUES ('1', 6, '', 'SupplierRegister', NULL, '2020-05-10 18:22:15.699', '2020-05-10 18:43:25.333', 3, '{\"name\":\"\",\"description\":\"\",\"revision\":\"1\",\"88888888\":\"88888888\"}', '2501', '2', '11', '88888888');
INSERT INTO `act_re_model` VALUES ('3', 5, '', 'TenderingApplyProject', NULL, '2020-05-10 18:22:33.195', '2020-05-13 10:58:05.719', 2, '{\"name\":\"\",\"description\":\"\",\"revision\":\"1\",\"88888888\":\"88888888\"}', '22501', '4', '20001', '88888888');
INSERT INTO `act_re_model` VALUES ('5', 5, '', 'TenderingApplyNotice', NULL, '2020-05-10 18:22:47.905', '2020-05-14 21:15:42.227', 2, '{\"name\":\"\",\"description\":\"\",\"revision\":\"1\",\"88888888\":\"88888888\"}', '45002', '6', '45001', '88888888');
INSERT INTO `act_re_model` VALUES ('7', 2, '', 'TenderingCancelProject', NULL, '2020-05-10 18:23:08.361', '2020-05-10 18:23:08.367', 1, '{\"name\":\"\",\"description\":\"\",\"revision\":\"1\",\"88888888\":\"88888888\"}', NULL, '8', NULL, '88888888');
INSERT INTO `act_re_model` VALUES ('9', 2, '', 'TenderingCancelNotice', NULL, '2020-05-10 18:23:25.865', '2020-05-10 18:23:25.869', 1, '{\"name\":\"\",\"description\":\"\",\"revision\":\"1\",\"88888888\":\"88888888\"}', NULL, '10', NULL, '88888888');

-- ----------------------------
-- Table structure for act_re_procdef
-- ----------------------------
DROP TABLE IF EXISTS `act_re_procdef`;
CREATE TABLE `act_re_procdef`  (
  `ID_` varchar(64) CHARACTER SET utf8 COLLATE utf8_bin NOT NULL,
  `REV_` int(11) NULL DEFAULT NULL,
  `CATEGORY_` varchar(255) CHARACTER SET utf8 COLLATE utf8_bin NULL DEFAULT NULL,
  `NAME_` varchar(255) CHARACTER SET utf8 COLLATE utf8_bin NULL DEFAULT NULL,
  `KEY_` varchar(255) CHARACTER SET utf8 COLLATE utf8_bin NOT NULL,
  `VERSION_` int(11) NOT NULL,
  `DEPLOYMENT_ID_` varchar(64) CHARACTER SET utf8 COLLATE utf8_bin NULL DEFAULT NULL,
  `RESOURCE_NAME_` varchar(4000) CHARACTER SET utf8 COLLATE utf8_bin NULL DEFAULT NULL,
  `DGRM_RESOURCE_NAME_` varchar(4000) CHARACTER SET utf8 COLLATE utf8_bin NULL DEFAULT NULL,
  `DESCRIPTION_` varchar(4000) CHARACTER SET utf8 COLLATE utf8_bin NULL DEFAULT NULL,
  `HAS_START_FORM_KEY_` tinyint(4) NULL DEFAULT NULL,
  `HAS_GRAPHICAL_NOTATION_` tinyint(4) NULL DEFAULT NULL,
  `SUSPENSION_STATE_` int(11) NULL DEFAULT NULL,
  `TENANT_ID_` varchar(255) CHARACTER SET utf8 COLLATE utf8_bin NULL DEFAULT '',
  `ENGINE_VERSION_` varchar(255) CHARACTER SET utf8 COLLATE utf8_bin NULL DEFAULT NULL,
  PRIMARY KEY (`ID_`) USING BTREE,
  UNIQUE INDEX `ACT_UNIQ_PROCDEF`(`KEY_`, `VERSION_`, `TENANT_ID_`) USING BTREE
) ENGINE = InnoDB CHARACTER SET = utf8 COLLATE = utf8_bin ROW_FORMAT = Dynamic;

-- ----------------------------
-- Records of act_re_procdef
-- ----------------------------
INSERT INTO `act_re_procdef` VALUES ('SupplierRegister:1:2504', 1, 'http://www.activiti.org/processdef', '', 'SupplierRegister', 1, '2501', 'SupplierRegister.bpmn20.xml', 'SupplierRegister.SupplierRegister.png', NULL, 0, 1, 1, '', NULL);
INSERT INTO `act_re_procdef` VALUES ('TenderingApplyNotice:1:45005', 1, 'http://www.activiti.org/processdef', '', 'TenderingApplyNotice', 1, '45002', 'TenderingApplyNotice.bpmn20.xml', 'TenderingApplyNotice.TenderingApplyNotice.png', NULL, 0, 1, 1, '', NULL);
INSERT INTO `act_re_procdef` VALUES ('TenderingApplyProject:1:22504', 1, 'http://www.activiti.org/processdef', '', 'TenderingApplyProject', 1, '22501', 'TenderingApplyProject.bpmn20.xml', 'TenderingApplyProject.TenderingApplyProject.png', NULL, 0, 1, 1, '', NULL);

-- ----------------------------
-- Table structure for act_ru_deadletter_job
-- ----------------------------
DROP TABLE IF EXISTS `act_ru_deadletter_job`;
CREATE TABLE `act_ru_deadletter_job`  (
  `ID_` varchar(64) CHARACTER SET utf8 COLLATE utf8_bin NOT NULL,
  `REV_` int(11) NULL DEFAULT NULL,
  `TYPE_` varchar(255) CHARACTER SET utf8 COLLATE utf8_bin NOT NULL,
  `EXCLUSIVE_` tinyint(1) NULL DEFAULT NULL,
  `EXECUTION_ID_` varchar(64) CHARACTER SET utf8 COLLATE utf8_bin NULL DEFAULT NULL,
  `PROCESS_INSTANCE_ID_` varchar(64) CHARACTER SET utf8 COLLATE utf8_bin NULL DEFAULT NULL,
  `PROC_DEF_ID_` varchar(64) CHARACTER SET utf8 COLLATE utf8_bin NULL DEFAULT NULL,
  `EXCEPTION_STACK_ID_` varchar(64) CHARACTER SET utf8 COLLATE utf8_bin NULL DEFAULT NULL,
  `EXCEPTION_MSG_` varchar(4000) CHARACTER SET utf8 COLLATE utf8_bin NULL DEFAULT NULL,
  `DUEDATE_` timestamp(3) NULL DEFAULT NULL,
  `REPEAT_` varchar(255) CHARACTER SET utf8 COLLATE utf8_bin NULL DEFAULT NULL,
  `HANDLER_TYPE_` varchar(255) CHARACTER SET utf8 COLLATE utf8_bin NULL DEFAULT NULL,
  `HANDLER_CFG_` varchar(4000) CHARACTER SET utf8 COLLATE utf8_bin NULL DEFAULT NULL,
  `TENANT_ID_` varchar(255) CHARACTER SET utf8 COLLATE utf8_bin NULL DEFAULT '',
  PRIMARY KEY (`ID_`) USING BTREE,
  INDEX `ACT_FK_DEADLETTER_JOB_EXECUTION`(`EXECUTION_ID_`) USING BTREE,
  INDEX `ACT_FK_DEADLETTER_JOB_PROCESS_INSTANCE`(`PROCESS_INSTANCE_ID_`) USING BTREE,
  INDEX `ACT_FK_DEADLETTER_JOB_PROC_DEF`(`PROC_DEF_ID_`) USING BTREE,
  INDEX `ACT_FK_DEADLETTER_JOB_EXCEPTION`(`EXCEPTION_STACK_ID_`) USING BTREE,
  CONSTRAINT `ACT_FK_DEADLETTER_JOB_EXCEPTION` FOREIGN KEY (`EXCEPTION_STACK_ID_`) REFERENCES `act_ge_bytearray` (`ID_`) ON DELETE RESTRICT ON UPDATE RESTRICT,
  CONSTRAINT `ACT_FK_DEADLETTER_JOB_EXECUTION` FOREIGN KEY (`EXECUTION_ID_`) REFERENCES `act_ru_execution` (`ID_`) ON DELETE RESTRICT ON UPDATE RESTRICT,
  CONSTRAINT `ACT_FK_DEADLETTER_JOB_PROCESS_INSTANCE` FOREIGN KEY (`PROCESS_INSTANCE_ID_`) REFERENCES `act_ru_execution` (`ID_`) ON DELETE RESTRICT ON UPDATE RESTRICT,
  CONSTRAINT `ACT_FK_DEADLETTER_JOB_PROC_DEF` FOREIGN KEY (`PROC_DEF_ID_`) REFERENCES `act_re_procdef` (`ID_`) ON DELETE RESTRICT ON UPDATE RESTRICT
) ENGINE = InnoDB CHARACTER SET = utf8 COLLATE = utf8_bin ROW_FORMAT = Dynamic;

-- ----------------------------
-- Table structure for act_ru_event_subscr
-- ----------------------------
DROP TABLE IF EXISTS `act_ru_event_subscr`;
CREATE TABLE `act_ru_event_subscr`  (
  `ID_` varchar(64) CHARACTER SET utf8 COLLATE utf8_bin NOT NULL,
  `REV_` int(11) NULL DEFAULT NULL,
  `EVENT_TYPE_` varchar(255) CHARACTER SET utf8 COLLATE utf8_bin NOT NULL,
  `EVENT_NAME_` varchar(255) CHARACTER SET utf8 COLLATE utf8_bin NULL DEFAULT NULL,
  `EXECUTION_ID_` varchar(64) CHARACTER SET utf8 COLLATE utf8_bin NULL DEFAULT NULL,
  `PROC_INST_ID_` varchar(64) CHARACTER SET utf8 COLLATE utf8_bin NULL DEFAULT NULL,
  `ACTIVITY_ID_` varchar(64) CHARACTER SET utf8 COLLATE utf8_bin NULL DEFAULT NULL,
  `CONFIGURATION_` varchar(255) CHARACTER SET utf8 COLLATE utf8_bin NULL DEFAULT NULL,
  `CREATED_` timestamp(3) NOT NULL DEFAULT CURRENT_TIMESTAMP(3),
  `PROC_DEF_ID_` varchar(64) CHARACTER SET utf8 COLLATE utf8_bin NULL DEFAULT NULL,
  `TENANT_ID_` varchar(255) CHARACTER SET utf8 COLLATE utf8_bin NULL DEFAULT '',
  PRIMARY KEY (`ID_`) USING BTREE,
  INDEX `ACT_IDX_EVENT_SUBSCR_CONFIG_`(`CONFIGURATION_`) USING BTREE,
  INDEX `ACT_FK_EVENT_EXEC`(`EXECUTION_ID_`) USING BTREE,
  CONSTRAINT `ACT_FK_EVENT_EXEC` FOREIGN KEY (`EXECUTION_ID_`) REFERENCES `act_ru_execution` (`ID_`) ON DELETE RESTRICT ON UPDATE RESTRICT
) ENGINE = InnoDB CHARACTER SET = utf8 COLLATE = utf8_bin ROW_FORMAT = Dynamic;

-- ----------------------------
-- Table structure for act_ru_execution
-- ----------------------------
DROP TABLE IF EXISTS `act_ru_execution`;
CREATE TABLE `act_ru_execution`  (
  `ID_` varchar(64) CHARACTER SET utf8 COLLATE utf8_bin NOT NULL,
  `REV_` int(11) NULL DEFAULT NULL,
  `PROC_INST_ID_` varchar(64) CHARACTER SET utf8 COLLATE utf8_bin NULL DEFAULT NULL,
  `BUSINESS_KEY_` varchar(255) CHARACTER SET utf8 COLLATE utf8_bin NULL DEFAULT NULL,
  `PARENT_ID_` varchar(64) CHARACTER SET utf8 COLLATE utf8_bin NULL DEFAULT NULL,
  `PROC_DEF_ID_` varchar(64) CHARACTER SET utf8 COLLATE utf8_bin NULL DEFAULT NULL,
  `SUPER_EXEC_` varchar(64) CHARACTER SET utf8 COLLATE utf8_bin NULL DEFAULT NULL,
  `ROOT_PROC_INST_ID_` varchar(64) CHARACTER SET utf8 COLLATE utf8_bin NULL DEFAULT NULL,
  `ACT_ID_` varchar(255) CHARACTER SET utf8 COLLATE utf8_bin NULL DEFAULT NULL,
  `IS_ACTIVE_` tinyint(4) NULL DEFAULT NULL,
  `IS_CONCURRENT_` tinyint(4) NULL DEFAULT NULL,
  `IS_SCOPE_` tinyint(4) NULL DEFAULT NULL,
  `IS_EVENT_SCOPE_` tinyint(4) NULL DEFAULT NULL,
  `IS_MI_ROOT_` tinyint(4) NULL DEFAULT NULL,
  `SUSPENSION_STATE_` int(11) NULL DEFAULT NULL,
  `CACHED_ENT_STATE_` int(11) NULL DEFAULT NULL,
  `TENANT_ID_` varchar(255) CHARACTER SET utf8 COLLATE utf8_bin NULL DEFAULT '',
  `NAME_` varchar(255) CHARACTER SET utf8 COLLATE utf8_bin NULL DEFAULT NULL,
  `START_TIME_` datetime(3) NULL DEFAULT NULL,
  `START_USER_ID_` varchar(255) CHARACTER SET utf8 COLLATE utf8_bin NULL DEFAULT NULL,
  `LOCK_TIME_` timestamp(3) NULL DEFAULT NULL,
  `IS_COUNT_ENABLED_` tinyint(4) NULL DEFAULT NULL,
  `EVT_SUBSCR_COUNT_` int(11) NULL DEFAULT NULL,
  `TASK_COUNT_` int(11) NULL DEFAULT NULL,
  `JOB_COUNT_` int(11) NULL DEFAULT NULL,
  `TIMER_JOB_COUNT_` int(11) NULL DEFAULT NULL,
  `SUSP_JOB_COUNT_` int(11) NULL DEFAULT NULL,
  `DEADLETTER_JOB_COUNT_` int(11) NULL DEFAULT NULL,
  `VAR_COUNT_` int(11) NULL DEFAULT NULL,
  `ID_LINK_COUNT_` int(11) NULL DEFAULT NULL,
  PRIMARY KEY (`ID_`) USING BTREE,
  INDEX `ACT_IDX_EXEC_BUSKEY`(`BUSINESS_KEY_`) USING BTREE,
  INDEX `ACT_IDC_EXEC_ROOT`(`ROOT_PROC_INST_ID_`) USING BTREE,
  INDEX `ACT_FK_EXE_PROCINST`(`PROC_INST_ID_`) USING BTREE,
  INDEX `ACT_FK_EXE_PARENT`(`PARENT_ID_`) USING BTREE,
  INDEX `ACT_FK_EXE_SUPER`(`SUPER_EXEC_`) USING BTREE,
  INDEX `ACT_FK_EXE_PROCDEF`(`PROC_DEF_ID_`) USING BTREE,
  CONSTRAINT `ACT_FK_EXE_PARENT` FOREIGN KEY (`PARENT_ID_`) REFERENCES `act_ru_execution` (`ID_`) ON DELETE CASCADE ON UPDATE RESTRICT,
  CONSTRAINT `ACT_FK_EXE_PROCDEF` FOREIGN KEY (`PROC_DEF_ID_`) REFERENCES `act_re_procdef` (`ID_`) ON DELETE RESTRICT ON UPDATE RESTRICT,
  CONSTRAINT `ACT_FK_EXE_PROCINST` FOREIGN KEY (`PROC_INST_ID_`) REFERENCES `act_ru_execution` (`ID_`) ON DELETE CASCADE ON UPDATE CASCADE,
  CONSTRAINT `ACT_FK_EXE_SUPER` FOREIGN KEY (`SUPER_EXEC_`) REFERENCES `act_ru_execution` (`ID_`) ON DELETE CASCADE ON UPDATE RESTRICT
) ENGINE = InnoDB CHARACTER SET = utf8 COLLATE = utf8_bin ROW_FORMAT = Dynamic;

-- ----------------------------
-- Records of act_ru_execution
-- ----------------------------
INSERT INTO `act_ru_execution` VALUES ('2505', 1, '2505', NULL, NULL, 'SupplierRegister:1:2504', NULL, '2505', NULL, 1, 0, 1, 0, 0, 1, NULL, '', NULL, '2020-05-10 18:44:09.358', NULL, NULL, 0, 0, 0, 0, 0, 0, 0, 0, 0);
INSERT INTO `act_ru_execution` VALUES ('2510', 2, '2505', NULL, '2505', 'SupplierRegister:1:2504', NULL, '2505', 'sid-4BD0748D-0444-4FC4-833C-D3B964B3D10C', 1, 0, 0, 0, 0, 1, NULL, '', NULL, '2020-05-10 18:44:09.360', NULL, NULL, 0, 0, 0, 0, 0, 0, 0, 0, 0);
INSERT INTO `act_ru_execution` VALUES ('47501', 1, '47501', NULL, NULL, 'TenderingApplyNotice:1:45005', NULL, '47501', NULL, 1, 0, 1, 0, 0, 1, NULL, '', NULL, '2020-05-19 10:25:54.252', NULL, NULL, 0, 0, 0, 0, 0, 0, 0, 0, 0);
INSERT INTO `act_ru_execution` VALUES ('47506', 2, '47501', NULL, '47501', 'TenderingApplyNotice:1:45005', NULL, '47501', 'approve', 1, 0, 0, 0, 0, 1, NULL, '', NULL, '2020-05-19 10:25:54.263', NULL, NULL, 0, 0, 0, 0, 0, 0, 0, 0, 0);
INSERT INTO `act_ru_execution` VALUES ('50001', 1, '50001', NULL, NULL, 'TenderingApplyNotice:1:45005', NULL, '50001', NULL, 1, 0, 1, 0, 0, 1, NULL, '', NULL, '2020-05-19 10:27:28.858', NULL, NULL, 0, 0, 0, 0, 0, 0, 0, 0, 0);
INSERT INTO `act_ru_execution` VALUES ('50006', 2, '50001', NULL, '50001', 'TenderingApplyNotice:1:45005', NULL, '50001', 'approve', 1, 0, 0, 0, 0, 1, NULL, '', NULL, '2020-05-19 10:27:28.873', NULL, NULL, 0, 0, 0, 0, 0, 0, 0, 0, 0);
INSERT INTO `act_ru_execution` VALUES ('52501', 1, '52501', NULL, NULL, 'TenderingApplyProject:1:22504', NULL, '52501', NULL, 1, 0, 1, 0, 0, 1, NULL, '', NULL, '2020-05-20 10:05:12.862', NULL, NULL, 0, 0, 0, 0, 0, 0, 0, 0, 0);
INSERT INTO `act_ru_execution` VALUES ('52506', 2, '52501', NULL, '52501', 'TenderingApplyProject:1:22504', NULL, '52501', 'approve', 1, 0, 0, 0, 0, 1, NULL, '', NULL, '2020-05-20 10:05:12.872', NULL, NULL, 0, 0, 0, 0, 0, 0, 0, 0, 0);
INSERT INTO `act_ru_execution` VALUES ('52514', 1, '52514', NULL, NULL, 'TenderingApplyNotice:1:45005', NULL, '52514', NULL, 1, 0, 1, 0, 0, 1, NULL, '', NULL, '2020-05-20 10:20:10.946', NULL, NULL, 0, 0, 0, 0, 0, 0, 0, 0, 0);
INSERT INTO `act_ru_execution` VALUES ('52519', 2, '52514', NULL, '52514', 'TenderingApplyNotice:1:45005', NULL, '52514', 'approve', 1, 0, 0, 0, 0, 1, NULL, '', NULL, '2020-05-20 10:20:10.946', NULL, NULL, 0, 0, 0, 0, 0, 0, 0, 0, 0);
INSERT INTO `act_ru_execution` VALUES ('52553', 1, '52553', NULL, NULL, 'TenderingApplyNotice:1:45005', NULL, '52553', NULL, 1, 0, 1, 0, 0, 1, NULL, '', NULL, '2020-05-20 10:20:14.627', NULL, NULL, 0, 0, 0, 0, 0, 0, 0, 0, 0);
INSERT INTO `act_ru_execution` VALUES ('52558', 2, '52553', NULL, '52553', 'TenderingApplyNotice:1:45005', NULL, '52553', 'approve', 1, 0, 0, 0, 0, 1, NULL, '', NULL, '2020-05-20 10:20:14.627', NULL, NULL, 0, 0, 0, 0, 0, 0, 0, 0, 0);
INSERT INTO `act_ru_execution` VALUES ('52566', 1, '52566', NULL, NULL, 'TenderingApplyNotice:1:45005', NULL, '52566', NULL, 1, 0, 1, 0, 0, 1, NULL, '', NULL, '2020-05-20 10:20:15.911', NULL, NULL, 0, 0, 0, 0, 0, 0, 0, 0, 0);
INSERT INTO `act_ru_execution` VALUES ('52571', 2, '52566', NULL, '52566', 'TenderingApplyNotice:1:45005', NULL, '52566', 'approve', 1, 0, 0, 0, 0, 1, NULL, '', NULL, '2020-05-20 10:20:15.911', NULL, NULL, 0, 0, 0, 0, 0, 0, 0, 0, 0);
INSERT INTO `act_ru_execution` VALUES ('67553', 1, '67553', NULL, NULL, 'TenderingApplyProject:1:22504', NULL, '67553', NULL, 1, 0, 1, 0, 0, 1, NULL, '', NULL, '2020-06-05 19:12:01.728', NULL, NULL, 0, 0, 0, 0, 0, 0, 0, 0, 0);
INSERT INTO `act_ru_execution` VALUES ('67558', 2, '67553', NULL, '67553', 'TenderingApplyProject:1:22504', NULL, '67553', 'approve', 1, 0, 0, 0, 0, 1, NULL, '', NULL, '2020-06-05 19:12:01.728', NULL, NULL, 0, 0, 0, 0, 0, 0, 0, 0, 0);

-- ----------------------------
-- Table structure for act_ru_identitylink
-- ----------------------------
DROP TABLE IF EXISTS `act_ru_identitylink`;
CREATE TABLE `act_ru_identitylink`  (
  `ID_` varchar(64) CHARACTER SET utf8 COLLATE utf8_bin NOT NULL,
  `REV_` int(11) NULL DEFAULT NULL,
  `GROUP_ID_` varchar(255) CHARACTER SET utf8 COLLATE utf8_bin NULL DEFAULT NULL,
  `TYPE_` varchar(255) CHARACTER SET utf8 COLLATE utf8_bin NULL DEFAULT NULL,
  `USER_ID_` varchar(255) CHARACTER SET utf8 COLLATE utf8_bin NULL DEFAULT NULL,
  `TASK_ID_` varchar(64) CHARACTER SET utf8 COLLATE utf8_bin NULL DEFAULT NULL,
  `PROC_INST_ID_` varchar(64) CHARACTER SET utf8 COLLATE utf8_bin NULL DEFAULT NULL,
  `PROC_DEF_ID_` varchar(64) CHARACTER SET utf8 COLLATE utf8_bin NULL DEFAULT NULL,
  PRIMARY KEY (`ID_`) USING BTREE,
  INDEX `ACT_IDX_IDENT_LNK_USER`(`USER_ID_`) USING BTREE,
  INDEX `ACT_IDX_IDENT_LNK_GROUP`(`GROUP_ID_`) USING BTREE,
  INDEX `ACT_IDX_ATHRZ_PROCEDEF`(`PROC_DEF_ID_`) USING BTREE,
  INDEX `ACT_FK_TSKASS_TASK`(`TASK_ID_`) USING BTREE,
  INDEX `ACT_FK_IDL_PROCINST`(`PROC_INST_ID_`) USING BTREE,
  CONSTRAINT `ACT_FK_ATHRZ_PROCEDEF` FOREIGN KEY (`PROC_DEF_ID_`) REFERENCES `act_re_procdef` (`ID_`) ON DELETE RESTRICT ON UPDATE RESTRICT,
  CONSTRAINT `ACT_FK_IDL_PROCINST` FOREIGN KEY (`PROC_INST_ID_`) REFERENCES `act_ru_execution` (`ID_`) ON DELETE RESTRICT ON UPDATE RESTRICT,
  CONSTRAINT `ACT_FK_TSKASS_TASK` FOREIGN KEY (`TASK_ID_`) REFERENCES `act_ru_task` (`ID_`) ON DELETE RESTRICT ON UPDATE RESTRICT
) ENGINE = InnoDB CHARACTER SET = utf8 COLLATE = utf8_bin ROW_FORMAT = Dynamic;

-- ----------------------------
-- Records of act_ru_identitylink
-- ----------------------------
INSERT INTO `act_ru_identitylink` VALUES ('2514', 1, NULL, 'participant', 'gys1', NULL, '2505', NULL);
INSERT INTO `act_ru_identitylink` VALUES ('2517', 1, NULL, 'participant', 'approve1', NULL, '2505', NULL);
INSERT INTO `act_ru_identitylink` VALUES ('47510', 1, NULL, 'participant', 'admin', NULL, '47501', NULL);
INSERT INTO `act_ru_identitylink` VALUES ('47513', 1, NULL, 'participant', 'approve1', NULL, '47501', NULL);
INSERT INTO `act_ru_identitylink` VALUES ('50010', 1, NULL, 'participant', 'admin', NULL, '50001', NULL);
INSERT INTO `act_ru_identitylink` VALUES ('50013', 1, NULL, 'participant', 'approve1', NULL, '50001', NULL);
INSERT INTO `act_ru_identitylink` VALUES ('52510', 1, NULL, 'participant', 'admin', NULL, '52501', NULL);
INSERT INTO `act_ru_identitylink` VALUES ('52513', 1, NULL, 'participant', 'approve1', NULL, '52501', NULL);
INSERT INTO `act_ru_identitylink` VALUES ('52523', 1, NULL, 'participant', 'admin', NULL, '52514', NULL);
INSERT INTO `act_ru_identitylink` VALUES ('52526', 1, NULL, 'participant', 'approve1', NULL, '52514', NULL);
INSERT INTO `act_ru_identitylink` VALUES ('52562', 1, NULL, 'participant', 'admin', NULL, '52553', NULL);
INSERT INTO `act_ru_identitylink` VALUES ('52565', 1, NULL, 'participant', 'approve1', NULL, '52553', NULL);
INSERT INTO `act_ru_identitylink` VALUES ('52575', 1, NULL, 'participant', 'admin', NULL, '52566', NULL);
INSERT INTO `act_ru_identitylink` VALUES ('52578', 1, NULL, 'participant', 'approve1', NULL, '52566', NULL);
INSERT INTO `act_ru_identitylink` VALUES ('67562', 1, NULL, 'participant', 'zb1', NULL, '67553', NULL);
INSERT INTO `act_ru_identitylink` VALUES ('67565', 1, NULL, 'participant', 'approve1', NULL, '67553', NULL);

-- ----------------------------
-- Table structure for act_ru_job
-- ----------------------------
DROP TABLE IF EXISTS `act_ru_job`;
CREATE TABLE `act_ru_job`  (
  `ID_` varchar(64) CHARACTER SET utf8 COLLATE utf8_bin NOT NULL,
  `REV_` int(11) NULL DEFAULT NULL,
  `TYPE_` varchar(255) CHARACTER SET utf8 COLLATE utf8_bin NOT NULL,
  `LOCK_EXP_TIME_` timestamp(3) NULL DEFAULT NULL,
  `LOCK_OWNER_` varchar(255) CHARACTER SET utf8 COLLATE utf8_bin NULL DEFAULT NULL,
  `EXCLUSIVE_` tinyint(1) NULL DEFAULT NULL,
  `EXECUTION_ID_` varchar(64) CHARACTER SET utf8 COLLATE utf8_bin NULL DEFAULT NULL,
  `PROCESS_INSTANCE_ID_` varchar(64) CHARACTER SET utf8 COLLATE utf8_bin NULL DEFAULT NULL,
  `PROC_DEF_ID_` varchar(64) CHARACTER SET utf8 COLLATE utf8_bin NULL DEFAULT NULL,
  `RETRIES_` int(11) NULL DEFAULT NULL,
  `EXCEPTION_STACK_ID_` varchar(64) CHARACTER SET utf8 COLLATE utf8_bin NULL DEFAULT NULL,
  `EXCEPTION_MSG_` varchar(4000) CHARACTER SET utf8 COLLATE utf8_bin NULL DEFAULT NULL,
  `DUEDATE_` timestamp(3) NULL DEFAULT NULL,
  `REPEAT_` varchar(255) CHARACTER SET utf8 COLLATE utf8_bin NULL DEFAULT NULL,
  `HANDLER_TYPE_` varchar(255) CHARACTER SET utf8 COLLATE utf8_bin NULL DEFAULT NULL,
  `HANDLER_CFG_` varchar(4000) CHARACTER SET utf8 COLLATE utf8_bin NULL DEFAULT NULL,
  `TENANT_ID_` varchar(255) CHARACTER SET utf8 COLLATE utf8_bin NULL DEFAULT '',
  PRIMARY KEY (`ID_`) USING BTREE,
  INDEX `ACT_FK_JOB_EXECUTION`(`EXECUTION_ID_`) USING BTREE,
  INDEX `ACT_FK_JOB_PROCESS_INSTANCE`(`PROCESS_INSTANCE_ID_`) USING BTREE,
  INDEX `ACT_FK_JOB_PROC_DEF`(`PROC_DEF_ID_`) USING BTREE,
  INDEX `ACT_FK_JOB_EXCEPTION`(`EXCEPTION_STACK_ID_`) USING BTREE,
  CONSTRAINT `ACT_FK_JOB_EXCEPTION` FOREIGN KEY (`EXCEPTION_STACK_ID_`) REFERENCES `act_ge_bytearray` (`ID_`) ON DELETE RESTRICT ON UPDATE RESTRICT,
  CONSTRAINT `ACT_FK_JOB_EXECUTION` FOREIGN KEY (`EXECUTION_ID_`) REFERENCES `act_ru_execution` (`ID_`) ON DELETE RESTRICT ON UPDATE RESTRICT,
  CONSTRAINT `ACT_FK_JOB_PROCESS_INSTANCE` FOREIGN KEY (`PROCESS_INSTANCE_ID_`) REFERENCES `act_ru_execution` (`ID_`) ON DELETE RESTRICT ON UPDATE RESTRICT,
  CONSTRAINT `ACT_FK_JOB_PROC_DEF` FOREIGN KEY (`PROC_DEF_ID_`) REFERENCES `act_re_procdef` (`ID_`) ON DELETE RESTRICT ON UPDATE RESTRICT
) ENGINE = InnoDB CHARACTER SET = utf8 COLLATE = utf8_bin ROW_FORMAT = Dynamic;

-- ----------------------------
-- Table structure for act_ru_suspended_job
-- ----------------------------
DROP TABLE IF EXISTS `act_ru_suspended_job`;
CREATE TABLE `act_ru_suspended_job`  (
  `ID_` varchar(64) CHARACTER SET utf8 COLLATE utf8_bin NOT NULL,
  `REV_` int(11) NULL DEFAULT NULL,
  `TYPE_` varchar(255) CHARACTER SET utf8 COLLATE utf8_bin NOT NULL,
  `EXCLUSIVE_` tinyint(1) NULL DEFAULT NULL,
  `EXECUTION_ID_` varchar(64) CHARACTER SET utf8 COLLATE utf8_bin NULL DEFAULT NULL,
  `PROCESS_INSTANCE_ID_` varchar(64) CHARACTER SET utf8 COLLATE utf8_bin NULL DEFAULT NULL,
  `PROC_DEF_ID_` varchar(64) CHARACTER SET utf8 COLLATE utf8_bin NULL DEFAULT NULL,
  `RETRIES_` int(11) NULL DEFAULT NULL,
  `EXCEPTION_STACK_ID_` varchar(64) CHARACTER SET utf8 COLLATE utf8_bin NULL DEFAULT NULL,
  `EXCEPTION_MSG_` varchar(4000) CHARACTER SET utf8 COLLATE utf8_bin NULL DEFAULT NULL,
  `DUEDATE_` timestamp(3) NULL DEFAULT NULL,
  `REPEAT_` varchar(255) CHARACTER SET utf8 COLLATE utf8_bin NULL DEFAULT NULL,
  `HANDLER_TYPE_` varchar(255) CHARACTER SET utf8 COLLATE utf8_bin NULL DEFAULT NULL,
  `HANDLER_CFG_` varchar(4000) CHARACTER SET utf8 COLLATE utf8_bin NULL DEFAULT NULL,
  `TENANT_ID_` varchar(255) CHARACTER SET utf8 COLLATE utf8_bin NULL DEFAULT '',
  PRIMARY KEY (`ID_`) USING BTREE,
  INDEX `ACT_FK_SUSPENDED_JOB_EXECUTION`(`EXECUTION_ID_`) USING BTREE,
  INDEX `ACT_FK_SUSPENDED_JOB_PROCESS_INSTANCE`(`PROCESS_INSTANCE_ID_`) USING BTREE,
  INDEX `ACT_FK_SUSPENDED_JOB_PROC_DEF`(`PROC_DEF_ID_`) USING BTREE,
  INDEX `ACT_FK_SUSPENDED_JOB_EXCEPTION`(`EXCEPTION_STACK_ID_`) USING BTREE,
  CONSTRAINT `ACT_FK_SUSPENDED_JOB_EXCEPTION` FOREIGN KEY (`EXCEPTION_STACK_ID_`) REFERENCES `act_ge_bytearray` (`ID_`) ON DELETE RESTRICT ON UPDATE RESTRICT,
  CONSTRAINT `ACT_FK_SUSPENDED_JOB_EXECUTION` FOREIGN KEY (`EXECUTION_ID_`) REFERENCES `act_ru_execution` (`ID_`) ON DELETE RESTRICT ON UPDATE RESTRICT,
  CONSTRAINT `ACT_FK_SUSPENDED_JOB_PROCESS_INSTANCE` FOREIGN KEY (`PROCESS_INSTANCE_ID_`) REFERENCES `act_ru_execution` (`ID_`) ON DELETE RESTRICT ON UPDATE RESTRICT,
  CONSTRAINT `ACT_FK_SUSPENDED_JOB_PROC_DEF` FOREIGN KEY (`PROC_DEF_ID_`) REFERENCES `act_re_procdef` (`ID_`) ON DELETE RESTRICT ON UPDATE RESTRICT
) ENGINE = InnoDB CHARACTER SET = utf8 COLLATE = utf8_bin ROW_FORMAT = Dynamic;

-- ----------------------------
-- Table structure for act_ru_task
-- ----------------------------
DROP TABLE IF EXISTS `act_ru_task`;
CREATE TABLE `act_ru_task`  (
  `ID_` varchar(64) CHARACTER SET utf8 COLLATE utf8_bin NOT NULL,
  `REV_` int(11) NULL DEFAULT NULL,
  `EXECUTION_ID_` varchar(64) CHARACTER SET utf8 COLLATE utf8_bin NULL DEFAULT NULL,
  `PROC_INST_ID_` varchar(64) CHARACTER SET utf8 COLLATE utf8_bin NULL DEFAULT NULL,
  `PROC_DEF_ID_` varchar(64) CHARACTER SET utf8 COLLATE utf8_bin NULL DEFAULT NULL,
  `NAME_` varchar(255) CHARACTER SET utf8 COLLATE utf8_bin NULL DEFAULT NULL,
  `PARENT_TASK_ID_` varchar(64) CHARACTER SET utf8 COLLATE utf8_bin NULL DEFAULT NULL,
  `DESCRIPTION_` varchar(4000) CHARACTER SET utf8 COLLATE utf8_bin NULL DEFAULT NULL,
  `TASK_DEF_KEY_` varchar(255) CHARACTER SET utf8 COLLATE utf8_bin NULL DEFAULT NULL,
  `OWNER_` varchar(255) CHARACTER SET utf8 COLLATE utf8_bin NULL DEFAULT NULL,
  `ASSIGNEE_` varchar(255) CHARACTER SET utf8 COLLATE utf8_bin NULL DEFAULT NULL,
  `DELEGATION_` varchar(64) CHARACTER SET utf8 COLLATE utf8_bin NULL DEFAULT NULL,
  `PRIORITY_` int(11) NULL DEFAULT NULL,
  `CREATE_TIME_` timestamp(3) NULL DEFAULT NULL,
  `DUE_DATE_` datetime(3) NULL DEFAULT NULL,
  `CATEGORY_` varchar(255) CHARACTER SET utf8 COLLATE utf8_bin NULL DEFAULT NULL,
  `SUSPENSION_STATE_` int(11) NULL DEFAULT NULL,
  `TENANT_ID_` varchar(255) CHARACTER SET utf8 COLLATE utf8_bin NULL DEFAULT '',
  `FORM_KEY_` varchar(255) CHARACTER SET utf8 COLLATE utf8_bin NULL DEFAULT NULL,
  `CLAIM_TIME_` datetime(3) NULL DEFAULT NULL,
  PRIMARY KEY (`ID_`) USING BTREE,
  INDEX `ACT_IDX_TASK_CREATE`(`CREATE_TIME_`) USING BTREE,
  INDEX `ACT_FK_TASK_EXE`(`EXECUTION_ID_`) USING BTREE,
  INDEX `ACT_FK_TASK_PROCINST`(`PROC_INST_ID_`) USING BTREE,
  INDEX `ACT_FK_TASK_PROCDEF`(`PROC_DEF_ID_`) USING BTREE,
  CONSTRAINT `ACT_FK_TASK_EXE` FOREIGN KEY (`EXECUTION_ID_`) REFERENCES `act_ru_execution` (`ID_`) ON DELETE RESTRICT ON UPDATE RESTRICT,
  CONSTRAINT `ACT_FK_TASK_PROCDEF` FOREIGN KEY (`PROC_DEF_ID_`) REFERENCES `act_re_procdef` (`ID_`) ON DELETE RESTRICT ON UPDATE RESTRICT,
  CONSTRAINT `ACT_FK_TASK_PROCINST` FOREIGN KEY (`PROC_INST_ID_`) REFERENCES `act_ru_execution` (`ID_`) ON DELETE RESTRICT ON UPDATE RESTRICT
) ENGINE = InnoDB CHARACTER SET = utf8 COLLATE = utf8_bin ROW_FORMAT = Dynamic;

-- ----------------------------
-- Records of act_ru_task
-- ----------------------------
INSERT INTO `act_ru_task` VALUES ('47512', 1, '47506', '47501', 'TenderingApplyNotice:1:45005', '', NULL, NULL, 'approve', NULL, 'approve1', NULL, 50, '2020-05-19 10:25:54.387', NULL, NULL, 1, '', NULL, NULL);
INSERT INTO `act_ru_task` VALUES ('50012', 1, '50006', '50001', 'TenderingApplyNotice:1:45005', '', NULL, NULL, 'approve', NULL, 'approve1', NULL, 50, '2020-05-19 10:27:28.996', NULL, NULL, 1, '', NULL, NULL);
INSERT INTO `act_ru_task` VALUES ('52512', 1, '52506', '52501', 'TenderingApplyProject:1:22504', '', NULL, NULL, 'approve', NULL, 'approve1', NULL, 50, '2020-05-20 10:05:13.002', NULL, NULL, 1, '', NULL, NULL);
INSERT INTO `act_ru_task` VALUES ('52525', 1, '52519', '52514', 'TenderingApplyNotice:1:45005', '', NULL, NULL, 'approve', NULL, 'approve1', NULL, 50, '2020-05-20 10:20:10.972', NULL, NULL, 1, '', NULL, NULL);
INSERT INTO `act_ru_task` VALUES ('52564', 1, '52558', '52553', 'TenderingApplyNotice:1:45005', '', NULL, NULL, 'approve', NULL, 'approve1', NULL, 50, '2020-05-20 10:20:14.655', NULL, NULL, 1, '', NULL, NULL);
INSERT INTO `act_ru_task` VALUES ('52577', 1, '52571', '52566', 'TenderingApplyNotice:1:45005', '', NULL, NULL, 'approve', NULL, 'approve1', NULL, 50, '2020-05-20 10:20:15.943', NULL, NULL, 1, '', NULL, NULL);
INSERT INTO `act_ru_task` VALUES ('67564', 1, '67558', '67553', 'TenderingApplyProject:1:22504', '', NULL, NULL, 'approve', NULL, 'approve1', NULL, 50, '2020-06-05 19:12:01.752', NULL, NULL, 1, '', NULL, NULL);

-- ----------------------------
-- Table structure for act_ru_timer_job
-- ----------------------------
DROP TABLE IF EXISTS `act_ru_timer_job`;
CREATE TABLE `act_ru_timer_job`  (
  `ID_` varchar(64) CHARACTER SET utf8 COLLATE utf8_bin NOT NULL,
  `REV_` int(11) NULL DEFAULT NULL,
  `TYPE_` varchar(255) CHARACTER SET utf8 COLLATE utf8_bin NOT NULL,
  `LOCK_EXP_TIME_` timestamp(3) NULL DEFAULT NULL,
  `LOCK_OWNER_` varchar(255) CHARACTER SET utf8 COLLATE utf8_bin NULL DEFAULT NULL,
  `EXCLUSIVE_` tinyint(1) NULL DEFAULT NULL,
  `EXECUTION_ID_` varchar(64) CHARACTER SET utf8 COLLATE utf8_bin NULL DEFAULT NULL,
  `PROCESS_INSTANCE_ID_` varchar(64) CHARACTER SET utf8 COLLATE utf8_bin NULL DEFAULT NULL,
  `PROC_DEF_ID_` varchar(64) CHARACTER SET utf8 COLLATE utf8_bin NULL DEFAULT NULL,
  `RETRIES_` int(11) NULL DEFAULT NULL,
  `EXCEPTION_STACK_ID_` varchar(64) CHARACTER SET utf8 COLLATE utf8_bin NULL DEFAULT NULL,
  `EXCEPTION_MSG_` varchar(4000) CHARACTER SET utf8 COLLATE utf8_bin NULL DEFAULT NULL,
  `DUEDATE_` timestamp(3) NULL DEFAULT NULL,
  `REPEAT_` varchar(255) CHARACTER SET utf8 COLLATE utf8_bin NULL DEFAULT NULL,
  `HANDLER_TYPE_` varchar(255) CHARACTER SET utf8 COLLATE utf8_bin NULL DEFAULT NULL,
  `HANDLER_CFG_` varchar(4000) CHARACTER SET utf8 COLLATE utf8_bin NULL DEFAULT NULL,
  `TENANT_ID_` varchar(255) CHARACTER SET utf8 COLLATE utf8_bin NULL DEFAULT '',
  PRIMARY KEY (`ID_`) USING BTREE,
  INDEX `ACT_FK_TIMER_JOB_EXECUTION`(`EXECUTION_ID_`) USING BTREE,
  INDEX `ACT_FK_TIMER_JOB_PROCESS_INSTANCE`(`PROCESS_INSTANCE_ID_`) USING BTREE,
  INDEX `ACT_FK_TIMER_JOB_PROC_DEF`(`PROC_DEF_ID_`) USING BTREE,
  INDEX `ACT_FK_TIMER_JOB_EXCEPTION`(`EXCEPTION_STACK_ID_`) USING BTREE,
  CONSTRAINT `ACT_FK_TIMER_JOB_EXCEPTION` FOREIGN KEY (`EXCEPTION_STACK_ID_`) REFERENCES `act_ge_bytearray` (`ID_`) ON DELETE RESTRICT ON UPDATE RESTRICT,
  CONSTRAINT `ACT_FK_TIMER_JOB_EXECUTION` FOREIGN KEY (`EXECUTION_ID_`) REFERENCES `act_ru_execution` (`ID_`) ON DELETE RESTRICT ON UPDATE RESTRICT,
  CONSTRAINT `ACT_FK_TIMER_JOB_PROCESS_INSTANCE` FOREIGN KEY (`PROCESS_INSTANCE_ID_`) REFERENCES `act_ru_execution` (`ID_`) ON DELETE RESTRICT ON UPDATE RESTRICT,
  CONSTRAINT `ACT_FK_TIMER_JOB_PROC_DEF` FOREIGN KEY (`PROC_DEF_ID_`) REFERENCES `act_re_procdef` (`ID_`) ON DELETE RESTRICT ON UPDATE RESTRICT
) ENGINE = InnoDB CHARACTER SET = utf8 COLLATE = utf8_bin ROW_FORMAT = Dynamic;

-- ----------------------------
-- Table structure for act_ru_variable
-- ----------------------------
DROP TABLE IF EXISTS `act_ru_variable`;
CREATE TABLE `act_ru_variable`  (
  `ID_` varchar(64) CHARACTER SET utf8 COLLATE utf8_bin NOT NULL,
  `REV_` int(11) NULL DEFAULT NULL,
  `TYPE_` varchar(255) CHARACTER SET utf8 COLLATE utf8_bin NOT NULL,
  `NAME_` varchar(255) CHARACTER SET utf8 COLLATE utf8_bin NOT NULL,
  `EXECUTION_ID_` varchar(64) CHARACTER SET utf8 COLLATE utf8_bin NULL DEFAULT NULL,
  `PROC_INST_ID_` varchar(64) CHARACTER SET utf8 COLLATE utf8_bin NULL DEFAULT NULL,
  `TASK_ID_` varchar(64) CHARACTER SET utf8 COLLATE utf8_bin NULL DEFAULT NULL,
  `BYTEARRAY_ID_` varchar(64) CHARACTER SET utf8 COLLATE utf8_bin NULL DEFAULT NULL,
  `DOUBLE_` double NULL DEFAULT NULL,
  `LONG_` bigint(20) NULL DEFAULT NULL,
  `TEXT_` varchar(4000) CHARACTER SET utf8 COLLATE utf8_bin NULL DEFAULT NULL,
  `TEXT2_` varchar(4000) CHARACTER SET utf8 COLLATE utf8_bin NULL DEFAULT NULL,
  PRIMARY KEY (`ID_`) USING BTREE,
  INDEX `ACT_IDX_VARIABLE_TASK_ID`(`TASK_ID_`) USING BTREE,
  INDEX `ACT_FK_VAR_EXE`(`EXECUTION_ID_`) USING BTREE,
  INDEX `ACT_FK_VAR_PROCINST`(`PROC_INST_ID_`) USING BTREE,
  INDEX `ACT_FK_VAR_BYTEARRAY`(`BYTEARRAY_ID_`) USING BTREE,
  CONSTRAINT `ACT_FK_VAR_BYTEARRAY` FOREIGN KEY (`BYTEARRAY_ID_`) REFERENCES `act_ge_bytearray` (`ID_`) ON DELETE RESTRICT ON UPDATE RESTRICT,
  CONSTRAINT `ACT_FK_VAR_EXE` FOREIGN KEY (`EXECUTION_ID_`) REFERENCES `act_ru_execution` (`ID_`) ON DELETE RESTRICT ON UPDATE RESTRICT,
  CONSTRAINT `ACT_FK_VAR_PROCINST` FOREIGN KEY (`PROC_INST_ID_`) REFERENCES `act_ru_execution` (`ID_`) ON DELETE RESTRICT ON UPDATE RESTRICT
) ENGINE = InnoDB CHARACTER SET = utf8 COLLATE = utf8_bin ROW_FORMAT = Dynamic;

-- ----------------------------
-- Records of act_ru_variable
-- ----------------------------
INSERT INTO `act_ru_variable` VALUES ('2506', 1, 'string', 'approve', '2505', '2505', NULL, NULL, NULL, NULL, 'approve1', NULL);
INSERT INTO `act_ru_variable` VALUES ('2508', 1, 'string', 'userid', '2505', '2505', NULL, NULL, NULL, NULL, 'gys1', NULL);
INSERT INTO `act_ru_variable` VALUES ('47502', 1, 'string', 'approve', '47501', '47501', NULL, NULL, NULL, NULL, 'approve1', NULL);
INSERT INTO `act_ru_variable` VALUES ('47504', 1, 'string', 'userid', '47501', '47501', NULL, NULL, NULL, NULL, 'admin', NULL);
INSERT INTO `act_ru_variable` VALUES ('50002', 1, 'string', 'approve', '50001', '50001', NULL, NULL, NULL, NULL, 'approve1', NULL);
INSERT INTO `act_ru_variable` VALUES ('50004', 1, 'string', 'userid', '50001', '50001', NULL, NULL, NULL, NULL, 'admin', NULL);
INSERT INTO `act_ru_variable` VALUES ('52502', 1, 'string', 'approve', '52501', '52501', NULL, NULL, NULL, NULL, 'approve1', NULL);
INSERT INTO `act_ru_variable` VALUES ('52504', 1, 'string', 'userid', '52501', '52501', NULL, NULL, NULL, NULL, 'admin', NULL);
INSERT INTO `act_ru_variable` VALUES ('52515', 1, 'string', 'approve', '52514', '52514', NULL, NULL, NULL, NULL, 'approve1', NULL);
INSERT INTO `act_ru_variable` VALUES ('52517', 1, 'string', 'userid', '52514', '52514', NULL, NULL, NULL, NULL, 'admin', NULL);
INSERT INTO `act_ru_variable` VALUES ('52554', 1, 'string', 'approve', '52553', '52553', NULL, NULL, NULL, NULL, 'approve1', NULL);
INSERT INTO `act_ru_variable` VALUES ('52556', 1, 'string', 'userid', '52553', '52553', NULL, NULL, NULL, NULL, 'admin', NULL);
INSERT INTO `act_ru_variable` VALUES ('52567', 1, 'string', 'approve', '52566', '52566', NULL, NULL, NULL, NULL, 'approve1', NULL);
INSERT INTO `act_ru_variable` VALUES ('52569', 1, 'string', 'userid', '52566', '52566', NULL, NULL, NULL, NULL, 'admin', NULL);
INSERT INTO `act_ru_variable` VALUES ('67554', 1, 'string', 'approve', '67553', '67553', NULL, NULL, NULL, NULL, 'approve1', NULL);
INSERT INTO `act_ru_variable` VALUES ('67556', 1, 'string', 'userid', '67553', '67553', NULL, NULL, NULL, NULL, 'zb1', NULL);

-- ----------------------------
-- Table structure for t_sys_applyform
-- ----------------------------
DROP TABLE IF EXISTS `t_sys_applyform`;
CREATE TABLE `t_sys_applyform`  (
  `urid` int(11) NOT NULL AUTO_INCREMENT COMMENT '',
  `code` varchar(255) CHARACTER SET utf8 COLLATE utf8_bin NOT NULL COMMENT '',
  `approvestate` char(1) CHARACTER SET utf8 COLLATE utf8_bin NOT NULL COMMENT '',
  `supplierid` int(11) NOT NULL COMMENT '',
  `projectid` int(11) NOT NULL COMMENT '',
  `content` varchar(4000) CHARACTER SET utf8 COLLATE utf8_bin NOT NULL COMMENT '',
  `principal` varchar(255) CHARACTER SET utf8 COLLATE utf8_bin NOT NULL COMMENT '',
  `createdby` varchar(255) CHARACTER SET utf8 COLLATE utf8_bin NOT NULL COMMENT '',
  `createdon` datetime(0) NOT NULL COMMENT '',
  `updatedby` varchar(255) CHARACTER SET utf8 COLLATE utf8_bin NOT NULL COMMENT '',
  `updatedon` datetime(0) NOT NULL COMMENT '',
  `reversion` int(11) NOT NULL DEFAULT 1 COMMENT '',
  `cancelstate` char(1) CHARACTER SET utf8 COLLATE utf8_bin NOT NULL COMMENT '',
  PRIMARY KEY (`urid`) USING BTREE,
  INDEX `FK_APPLYFORM_PROJECTID`(`projectid`) USING BTREE,
  INDEX `FK_APPLYFORM_SUPPLIERID`(`supplierid`) USING BTREE,
  CONSTRAINT `FK_APPLYFORM_PROJECTID` FOREIGN KEY (`projectid`) REFERENCES `t_sys_project` (`urid`) ON DELETE RESTRICT ON UPDATE RESTRICT,
  CONSTRAINT `FK_APPLYFORM_SUPPLIERID` FOREIGN KEY (`supplierid`) REFERENCES `t_sys_supplier` (`urid`) ON DELETE RESTRICT ON UPDATE RESTRICT
) ENGINE = InnoDB AUTO_INCREMENT = 6 CHARACTER SET = utf8 COLLATE = utf8_bin COMMENT = '' ROW_FORMAT = Dynamic;

-- ----------------------------
-- Records of t_sys_applyform
-- ----------------------------
INSERT INTO `t_sys_applyform` VALUES (6, 'A1820200603NCHULOAD20200603220212', '3', 37, 16, '', 'zb1', 'gys1', '2020-06-03 22:11:48', 'zb1', '2020-06-03 22:11:59', 1, '1');

-- ----------------------------
-- Table structure for t_sys_commontbook
-- ----------------------------
DROP TABLE IF EXISTS `t_sys_commontbook`;
CREATE TABLE `t_sys_commontbook`  (
  `urid` int(11) NOT NULL AUTO_INCREMENT COMMENT '',
  `projectid` int(11) NOT NULL COMMENT 'id',
  `content` varchar(255) CHARACTER SET utf8 COLLATE utf8_bin NULL DEFAULT NULL COMMENT '',
  `score` varchar(255) CHARACTER SET utf8 COLLATE utf8_bin NULL DEFAULT NULL COMMENT '',
  `supplierid` int(11) NULL DEFAULT NULL COMMENT 'id',
  `createdby` varchar(255) CHARACTER SET utf8 COLLATE utf8_bin NOT NULL COMMENT '',
  `createdon` datetime(0) NOT NULL COMMENT '',
  `updatedby` varchar(255) CHARACTER SET utf8 COLLATE utf8_bin NOT NULL COMMENT '',
  `updatedon` datetime(0) NOT NULL COMMENT '',
  `reversion` int(11) NOT NULL DEFAULT 1 COMMENT '',
  PRIMARY KEY (`urid`) USING BTREE
) ENGINE = InnoDB AUTO_INCREMENT = 1 CHARACTER SET = utf8 COLLATE = utf8_bin ROW_FORMAT = Dynamic;

-- ----------------------------
-- Records of t_sys_commontbook
-- ----------------------------
INSERT INTO `t_sys_commontbook` VALUES (1, 16, '89', '89', 37, 'expert2', '2020-06-04 00:04:53', 'expert2', '2020-06-04 00:04:53', 0);

-- ----------------------------
-- Table structure for t_sys_expert
-- ----------------------------
DROP TABLE IF EXISTS `t_sys_expert`;
CREATE TABLE `t_sys_expert`  (
  `urid` int(11) NOT NULL AUTO_INCREMENT COMMENT '',
  `code` varchar(255) CHARACTER SET utf8 COLLATE utf8_bin NOT NULL COMMENT '',
  `name` varchar(255) CHARACTER SET utf8 COLLATE utf8_bin NULL DEFAULT NULL COMMENT '',
  `sex` char(1) CHARACTER SET utf8 COLLATE utf8_bin NULL DEFAULT NULL COMMENT '',
  `birthday` date NULL DEFAULT NULL COMMENT '',
  `education` varchar(255) CHARACTER SET utf8 COLLATE utf8_bin NULL DEFAULT NULL COMMENT '',
  `educationbackground` varchar(255) CHARACTER SET utf8 COLLATE utf8_bin NULL DEFAULT NULL COMMENT '',
  `specialitydomain` varchar(255) CHARACTER SET utf8 COLLATE utf8_bin NULL DEFAULT NULL COMMENT '',
  `groupid` int(11) NULL DEFAULT NULL COMMENT '',
  `createdby` varchar(255) CHARACTER SET utf8 COLLATE utf8_bin NOT NULL COMMENT '',
  `createdon` datetime(0) NOT NULL COMMENT '',
  `updatedby` varchar(255) CHARACTER SET utf8 COLLATE utf8_bin NOT NULL COMMENT '',
  `updatedon` datetime(0) NOT NULL COMMENT '',
  `reversion` int(11) NOT NULL DEFAULT 1 COMMENT '\r\n',
  `typeid` int(11) NULL DEFAULT NULL COMMENT '',
  PRIMARY KEY (`urid`) USING BTREE,
  INDEX `FK_EXPERT_EXPERTGROUPID`(`groupid`) USING BTREE
) ENGINE = InnoDB AUTO_INCREMENT = 21 CHARACTER SET = utf8 COLLATE = utf8_bin COMMENT = '' ROW_FORMAT = Dynamic;

-- ----------------------------
-- Records of t_sys_expert
-- ----------------------------
INSERT INTO `t_sys_expert` VALUES (3, 'expert1', '', '2', '2020-06-03', '', '', '', 0, 'admin', '2020-05-14 12:14:29', 'admin', '2020-05-14 12:14:29', 0, 1);
INSERT INTO `t_sys_expert` VALUES (4, 'expert2', '', '2', '2020-06-03', '', '', '', 0, 'admin', '2020-05-14 12:19:19', 'admin', '2020-05-14 12:19:19', 0, 1);
INSERT INTO `t_sys_expert` VALUES (5, 'expert3', '', '1', '2020-06-03', '', '', '', 0, 'admin', '2020-05-14 12:19:34', 'admin', '2020-05-14 12:19:34', 0, 1);
INSERT INTO `t_sys_expert` VALUES (6, 'expert4', '', '1', '2020-06-03', '', '', '', 0, 'admin', '2020-05-14 12:19:46', 'admin', '2020-05-14 12:19:46', 0, 1);
INSERT INTO `t_sys_expert` VALUES (7, 'expert5', '', '1', '2020-06-03', '', '', '', 0, 'admin', '2020-05-14 12:19:56', 'admin', '2020-05-14 12:19:56', 0, 1);
INSERT INTO `t_sys_expert` VALUES (8, 'expert6', '', '1', '2020-06-03', '', '', '', 0, 'admin', '2020-05-14 12:20:09', 'admin', '2020-05-14 12:20:09', 0, 1);
INSERT INTO `t_sys_expert` VALUES (9, 'expert7', '', '1', '2020-06-03', '', '', '', 0, 'admin', '2020-05-14 12:20:18', 'admin', '2020-05-14 12:20:18', 0, 1);
INSERT INTO `t_sys_expert` VALUES (10, 'expert8', '', '1', '2020-06-03', '', '', '', 0, 'admin', '2020-05-14 12:20:27', 'admin', '2020-05-14 12:20:27', 0, 1);
INSERT INTO `t_sys_expert` VALUES (11, 'expert9', '', '1', '2020-06-03', '', '', '', 0, 'admin', '2020-05-14 12:20:37', 'admin', '2020-05-14 12:20:37', 0, 1);
INSERT INTO `t_sys_expert` VALUES (12, 'expert10', '', '1', '2020-06-03', '', '', '', 0, 'admin', '2020-05-14 12:20:46', 'admin', '2020-05-14 12:20:46', 0, 1);
INSERT INTO `t_sys_expert` VALUES (13, 'expert11', '', '1', '2020-06-03', '', '', '', 0, 'admin', '2020-05-14 12:20:55', 'admin', '2020-05-14 12:20:55', 0, 1);
INSERT INTO `t_sys_expert` VALUES (14, 'expert19', '', '2', '2020-06-03', '', '', '', 0, 'admin', '2020-05-14 18:16:17', 'admin', '2020-05-14 18:16:17', 0, 1);
INSERT INTO `t_sys_expert` VALUES (15, 'expert12', '', '1', '2020-06-03', '', '', '', 0, 'admin', '2020-05-14 20:51:39', 'admin', '2020-05-14 20:51:39', 0, 1);
INSERT INTO `t_sys_expert` VALUES (16, 'expert13', '', '2', '2020-06-03', '', '', '', 0, 'admin', '2020-05-14 20:55:28', 'admin', '2020-05-14 20:55:28', 0, 1);
INSERT INTO `t_sys_expert` VALUES (17, 'zj1', '', '2', '2020-06-03', '', '', '', 0, 'admin', '2020-05-31 14:41:57', 'admin', '2020-05-31 14:41:57', 0, 1);
INSERT INTO `t_sys_expert` VALUES (18, 'zj2', '', '1', '2020-06-03', '', '', '', 0, 'admin', '2020-05-31 14:42:00', 'admin', '2020-05-31 14:42:00', 0, 1);
INSERT INTO `t_sys_expert` VALUES (19, 'zj3', '', '1', '2020-06-03', '', '', '', 0, 'admin', '2020-05-31 14:42:04', 'admin', '2020-05-31 14:42:04', 0, 1);
INSERT INTO `t_sys_expert` VALUES (20, 'zj4', '', '1', '2020-06-03', '', '', '', 0, 'admin', '2020-05-31 14:42:06', 'admin', '2020-05-31 14:42:06', 0, 1);
INSERT INTO `t_sys_expert` VALUES (21, 'zj5', '', '1', '2020-06-03', '', '', '', 0, 'admin', '2020-05-31 14:42:11', 'admin', '2020-05-31 14:42:11', 0, 1);

-- ----------------------------
-- Table structure for t_sys_expert_type
-- ----------------------------
DROP TABLE IF EXISTS `t_sys_expert_type`;
CREATE TABLE `t_sys_expert_type`  (
  `urid` int(11) NOT NULL AUTO_INCREMENT COMMENT '',
  `code` varchar(255) CHARACTER SET utf8 COLLATE utf8_bin NOT NULL COMMENT '',
  `name` varchar(255) CHARACTER SET utf8 COLLATE utf8_bin NOT NULL COMMENT '',
  `parentid` int(11) NOT NULL COMMENT 'id',
  `createdby` varchar(255) CHARACTER SET utf8 COLLATE utf8_bin NOT NULL COMMENT '',
  `createdon` datetime(0) NOT NULL COMMENT '',
  `updatedby` varchar(255) CHARACTER SET utf8 COLLATE utf8_bin NOT NULL COMMENT '',
  `updatedon` datetime(0) NOT NULL COMMENT '',
  `reversion` int(11) NOT NULL DEFAULT 1 COMMENT '',
  PRIMARY KEY (`urid`) USING BTREE
) ENGINE = InnoDB AUTO_INCREMENT = 61 CHARACTER SET = utf8 COLLATE = utf8_bin ROW_FORMAT = Dynamic;

-- ----------------------------
-- Records of t_sys_expert_type
-- ----------------------------
INSERT INTO `t_sys_expert_type` VALUES (1, 'A01', '', 0, 'sys', '2020-05-09 11:17:10', 'sys', '2020-05-09 11:17:16', 1);
INSERT INTO `t_sys_expert_type` VALUES (2, 'A02', '', 0, 'sys', '2020-05-09 11:17:59', 'sys', '2020-05-09 11:18:03', 1);
INSERT INTO `t_sys_expert_type` VALUES (3, 'A03', '', 0, 'sys', '2020-05-09 11:18:32', 'sys', '2020-05-09 11:18:36', 1);
INSERT INTO `t_sys_expert_type` VALUES (4, 'A04', '', 0, 'sys', '2020-05-09 11:18:59', 'sys', '2020-05-09 11:19:10', 1);
INSERT INTO `t_sys_expert_type` VALUES (5, 'A05', '', 0, 'sys', '2020-05-09 11:19:41', 'sys', '2020-05-09 11:19:45', 1);
INSERT INTO `t_sys_expert_type` VALUES (6, 'A06', '', 0, 'sys', '2020-05-09 11:20:09', 'sys', '2020-05-09 11:20:14', 1);
INSERT INTO `t_sys_expert_type` VALUES (7, 'A07', '', 0, 'sys', '2020-05-09 11:20:41', 'sys', '2020-05-09 11:20:45', 1);
INSERT INTO `t_sys_expert_type` VALUES (8, 'A08', ' ', 0, 'sys', '2020-05-09 11:21:11', 'sys', '2020-05-09 11:21:15', 1);
INSERT INTO `t_sys_expert_type` VALUES (9, 'A09', '', 0, 'sys', '2020-05-09 11:21:42', 'sys', '2020-05-09 11:21:47', 1);
INSERT INTO `t_sys_expert_type` VALUES (10, 'B01', '', 0, 'sys', '2020-05-09 11:22:22', 'sys', '2020-05-09 11:22:26', 1);
INSERT INTO `t_sys_expert_type` VALUES (11, 'B02', '', 0, 'sys', '2020-05-09 11:22:57', 'sys', '2020-05-09 11:23:01', 1);
INSERT INTO `t_sys_expert_type` VALUES (12, 'B03', '', 0, 'sys', '2020-05-09 11:23:28', 'sys', '2020-05-09 11:23:32', 1);
INSERT INTO `t_sys_expert_type` VALUES (13, 'B04', '', 0, 'sys', '2020-05-09 11:24:04', 'sys', '2020-05-09 11:24:09', 1);
INSERT INTO `t_sys_expert_type` VALUES (14, 'B05', '', 0, 'sys', '2020-05-09 11:24:36', 'sys', '2020-05-09 11:24:40', 1);
INSERT INTO `t_sys_expert_type` VALUES (15, 'B06', '', 0, 'sys', '2020-05-09 11:25:02', 'sys', '2020-05-09 11:25:06', 1);
INSERT INTO `t_sys_expert_type` VALUES (16, 'B07', '', 0, 'sys', '2020-05-09 11:25:31', 'sys', '2020-05-09 11:25:36', 1);
INSERT INTO `t_sys_expert_type` VALUES (17, 'B08', '', 0, 'sys', '2020-05-09 11:25:51', 'sys', '2020-05-09 11:25:56', 1);
INSERT INTO `t_sys_expert_type` VALUES (18, 'C01', '', 0, 'sys', '2020-05-09 11:26:37', 'sys', '2020-05-09 11:26:42', 1);
INSERT INTO `t_sys_expert_type` VALUES (19, 'C02', '', 0, 'sys', '2020-05-09 11:27:10', 'sys', '2020-05-09 11:27:15', 1);
INSERT INTO `t_sys_expert_type` VALUES (20, 'C03', '', 0, 'sys', '2020-05-09 11:27:34', 'sys', '2020-05-09 11:27:38', 1);
INSERT INTO `t_sys_expert_type` VALUES (21, 'C04', '', 0, 'sys', '2020-05-09 11:28:13', 'sys', '2020-05-09 11:28:18', 1);
INSERT INTO `t_sys_expert_type` VALUES (22, 'C05', '', 0, 'sys', '2020-05-09 11:28:35', 'sys', '2020-05-09 11:28:40', 1);
INSERT INTO `t_sys_expert_type` VALUES (23, 'C06', '', 0, 'sys', '2020-05-09 11:28:56', 'sys', '2020-05-09 11:29:02', 1);
INSERT INTO `t_sys_expert_type` VALUES (24, 'C07', '', 0, 'sys', '2020-05-09 11:29:18', 'sys', '2020-05-09 11:29:23', 1);
INSERT INTO `t_sys_expert_type` VALUES (25, 'C08', '', 0, 'sys', '2020-05-09 11:29:37', 'sys', '2020-05-09 11:29:42', 1);
INSERT INTO `t_sys_expert_type` VALUES (26, 'C09', '', 0, 'sys', '2020-05-09 11:30:12', 'sys', '2020-05-09 11:30:16', 1);
INSERT INTO `t_sys_expert_type` VALUES (27, 'C10', '', 0, 'sys', '2020-05-09 11:30:32', 'sys', '2020-05-09 11:30:36', 1);
INSERT INTO `t_sys_expert_type` VALUES (28, 'C11', '', 0, 'sys', '2020-05-09 11:30:55', 'sys', '2020-05-09 11:31:00', 1);
INSERT INTO `t_sys_expert_type` VALUES (29, 'C12', '', 0, 'sys', '2020-05-09 11:31:17', 'sys', '2020-05-09 11:31:22', 1);

-- ----------------------------
-- Table structure for t_sys_expertgroup
-- ----------------------------
DROP TABLE IF EXISTS `t_sys_expertgroup`;
CREATE TABLE `t_sys_expertgroup`  (
  `urid` int(11) NOT NULL AUTO_INCREMENT COMMENT '',
  `createdby` varchar(255) CHARACTER SET utf8 COLLATE utf8_bin NOT NULL COMMENT '',
  `createdon` datetime(0) NOT NULL COMMENT '',
  `updatedby` varchar(255) CHARACTER SET utf8 COLLATE utf8_bin NOT NULL COMMENT '',
  `updatedon` datetime(0) NOT NULL COMMENT '',
  `reversion` int(11) NOT NULL DEFAULT 1 COMMENT '',
  `expertid` int(11) NULL DEFAULT NULL COMMENT '',
  `score` varchar(255) CHARACTER SET utf8 COLLATE utf8_bin NULL DEFAULT NULL COMMENT '',
  `projectid` int(11) NULL DEFAULT NULL COMMENT '',
  `grouplistid` int(11) NULL DEFAULT NULL COMMENT '',
  `status` char(255) CHARACTER SET utf8 COLLATE utf8_bin NOT NULL COMMENT '',
  PRIMARY KEY (`urid`) USING BTREE
) ENGINE = InnoDB AUTO_INCREMENT = 22 CHARACTER SET = utf8 COLLATE = utf8_bin ROW_FORMAT = Dynamic;

-- ----------------------------
-- Records of t_sys_expertgroup
-- ----------------------------
INSERT INTO `t_sys_expertgroup` VALUES (13, 'zb1', '2020-06-03 23:01:42', 'expert2', '2020-06-04 00:04:53', 0, 4, NULL, 16, 3, '1');
INSERT INTO `t_sys_expertgroup` VALUES (14, 'zb1', '2020-06-03 23:01:42', 'zb1', '2020-06-03 23:01:42', 0, 14, NULL, 16, 3, '0');
INSERT INTO `t_sys_expertgroup` VALUES (15, 'zb1', '2020-06-03 23:01:42', 'zb1', '2020-06-03 23:01:42', 0, 18, NULL, 16, 3, '0');
INSERT INTO `t_sys_expertgroup` VALUES (16, 'zb1', '2020-06-03 23:01:42', 'zb1', '2020-06-03 23:01:42', 0, 10, NULL, 16, 3, '0');
INSERT INTO `t_sys_expertgroup` VALUES (17, 'zb1', '2020-06-03 23:01:42', 'zb1', '2020-06-03 23:01:42', 0, 9, NULL, 16, 3, '0');
INSERT INTO `t_sys_expertgroup` VALUES (18, 'zb1', '2020-06-05 23:12:52', 'zb1', '2020-06-05 23:12:52', 0, 14, NULL, 17, 4, '0');
INSERT INTO `t_sys_expertgroup` VALUES (19, 'zb1', '2020-06-05 23:12:52', 'zb1', '2020-06-05 23:12:52', 0, 4, NULL, 17, 4, '0');
INSERT INTO `t_sys_expertgroup` VALUES (20, 'zb1', '2020-06-05 23:12:52', 'zb1', '2020-06-05 23:12:52', 0, 19, NULL, 17, 4, '0');
INSERT INTO `t_sys_expertgroup` VALUES (21, 'zb1', '2020-06-05 23:12:52', 'zb1', '2020-06-05 23:12:52', 0, 17, NULL, 17, 4, '0');
INSERT INTO `t_sys_expertgroup` VALUES (22, 'zb1', '2020-06-05 23:12:52', 'zb1', '2020-06-05 23:12:52', 0, 7, NULL, 17, 4, '0');

-- ----------------------------
-- Table structure for t_sys_grouplist
-- ----------------------------
DROP TABLE IF EXISTS `t_sys_grouplist`;
CREATE TABLE `t_sys_grouplist`  (
  `urid` int(11) NOT NULL AUTO_INCREMENT COMMENT '',
  `projectid` int(11) NULL DEFAULT NULL COMMENT '',
  `name` varchar(255) CHARACTER SET utf8 COLLATE utf8_bin NULL DEFAULT NULL COMMENT '',
  `createdby` varchar(255) CHARACTER SET utf8 COLLATE utf8_bin NOT NULL COMMENT '',
  `createdon` datetime(0) NOT NULL COMMENT '',
  `updatedby` varchar(255) CHARACTER SET utf8 COLLATE utf8_bin NOT NULL COMMENT '',
  `updatedon` datetime(0) NOT NULL COMMENT '',
  `reversion` int(11) NOT NULL DEFAULT 1 COMMENT '',
  `count` int(11) NULL DEFAULT NULL COMMENT '',
  `code` varchar(255) CHARACTER SET utf8 COLLATE utf8_bin NULL DEFAULT NULL COMMENT '',
  PRIMARY KEY (`urid`) USING BTREE
) ENGINE = InnoDB AUTO_INCREMENT = 4 CHARACTER SET = utf8 COLLATE = utf8_bin ROW_FORMAT = Dynamic;

-- ----------------------------
-- Records of t_sys_grouplist
-- ----------------------------
INSERT INTO `t_sys_grouplist` VALUES (3, 16, '', 'zb1', '2020-06-03 23:01:42', 'zb1', '2020-06-03 23:01:42', 0, 5, '162020-06-03');
INSERT INTO `t_sys_grouplist` VALUES (4, 17, '', 'zb1', '2020-06-05 23:12:52', 'zb1', '2020-06-05 23:12:52', 0, 5, '172020-06-05');

-- ----------------------------
-- Table structure for t_sys_invite
-- ----------------------------
DROP TABLE IF EXISTS `t_sys_invite`;
CREATE TABLE `t_sys_invite`  (
  `urid` int(11) NOT NULL AUTO_INCREMENT COMMENT '',
  `projectid` int(11) NOT NULL COMMENT '',
  `opentime` date NULL DEFAULT NULL COMMENT '',
  `openposition` varchar(255) CHARACTER SET utf8 COLLATE utf8_bin NULL DEFAULT NULL COMMENT '',
  `hit` varchar(255) CHARACTER SET utf8 COLLATE utf8_bin NULL DEFAULT NULL COMMENT '',
  `hitscore` varchar(255) CHARACTER SET utf8 COLLATE utf8_bin NULL DEFAULT NULL COMMENT '',
  `hittime` date NULL DEFAULT NULL COMMENT '',
  `createdby` varchar(255) CHARACTER SET utf8 COLLATE utf8_bin NOT NULL COMMENT '',
  `createdon` datetime(0) NOT NULL COMMENT '',
  `updatedby` varchar(255) CHARACTER SET utf8 COLLATE utf8_bin NOT NULL COMMENT '',
  `updatedon` datetime(0) NOT NULL COMMENT '',
  `reversion` int(11) NOT NULL DEFAULT 1 COMMENT '',
  `supplierid` int(11) NULL DEFAULT NULL COMMENT '',
  PRIMARY KEY (`urid`) USING BTREE,
  INDEX `FK_INVITE_PROJECTID`(`projectid`) USING BTREE,
  INDEX `FK_INVITE_SUPPLIERID`(`supplierid`) USING BTREE,
  CONSTRAINT `FK_INVITE_PROJECTID` FOREIGN KEY (`projectid`) REFERENCES `t_sys_project` (`urid`) ON DELETE RESTRICT ON UPDATE RESTRICT,
  CONSTRAINT `FK_INVITE_SUPPLIERID` FOREIGN KEY (`supplierid`) REFERENCES `t_sys_supplier` (`urid`) ON DELETE RESTRICT ON UPDATE RESTRICT
) ENGINE = InnoDB CHARACTER SET = utf8 COLLATE = utf8_bin COMMENT = '' ROW_FORMAT = Dynamic;

-- ----------------------------
-- Table structure for t_sys_menu
-- ----------------------------
DROP TABLE IF EXISTS `t_sys_menu`;
CREATE TABLE `t_sys_menu`  (
  `urid` int(11) NOT NULL AUTO_INCREMENT COMMENT '',
  `url` varchar(64) CHARACTER SET utf8 COLLATE utf8_bin NOT NULL COMMENT 'url',
  `path` varchar(64) CHARACTER SET utf8 COLLATE utf8_bin NULL DEFAULT NULL COMMENT '',
  `component` varchar(64) CHARACTER SET utf8 COLLATE utf8_bin NULL DEFAULT NULL COMMENT '',
  `name` varchar(64) CHARACTER SET utf8 COLLATE utf8_bin NULL DEFAULT NULL COMMENT '',
  `icon` varchar(64) CHARACTER SET utf8 COLLATE utf8_bin NULL DEFAULT NULL COMMENT '',
  `parentid` int(11) NULL DEFAULT NULL COMMENT '',
  `enabled` char(1) CHARACTER SET utf8 COLLATE utf8_bin NULL DEFAULT '1' COMMENT '',
  `createdby` varchar(255) CHARACTER SET utf8 COLLATE utf8_bin NOT NULL COMMENT '',
  `updatedby` varchar(255) CHARACTER SET utf8 COLLATE utf8_bin NOT NULL COMMENT '',
  `createdon` datetime(0) NOT NULL COMMENT '',
  `updatedon` datetime(0) NOT NULL COMMENT '',
  `reversion` int(11) NOT NULL DEFAULT 1 COMMENT '',
  PRIMARY KEY (`urid`) USING BTREE
) ENGINE = InnoDB AUTO_INCREMENT = 32 CHARACTER SET = utf8 COLLATE = utf8_bin COMMENT = '' ROW_FORMAT = Dynamic;

-- ----------------------------
-- Records of t_sys_menu
-- ----------------------------
INSERT INTO `t_sys_menu` VALUES (1, '/', NULL, NULL, '', NULL, 0, '1', 'sys', 'sys', '2020-04-29 20:10:02', '2020-04-29 20:10:04', 1);
INSERT INTO `t_sys_menu` VALUES (2, '/', '/home', 'Home', '', 'fa fa-cubes', 1, '1', 'sys', 'sys', '2020-04-29 20:11:06', '2020-04-29 20:11:08', 1);
INSERT INTO `t_sys_menu` VALUES (3, '/', '/home', 'Home', '', 'fa fa-building', 1, '1', 'sys', 'sys', '2020-04-29 20:12:06', '2020-04-29 20:12:09', 1);
INSERT INTO `t_sys_menu` VALUES (4, '/', '/home', 'Home', '', 'fa fa-sitemap', 1, '1', 'sys', 'sys', '2020-04-29 20:12:52', '2020-04-29 20:12:55', 1);
INSERT INTO `t_sys_menu` VALUES (5, '/', '/home', 'Home', '', 'fa fa-windows', 1, '1', 'sys', 'sys', '2020-04-29 20:13:47', '2020-04-29 20:13:50', 1);
INSERT INTO `t_sys_menu` VALUES (6, '/', '/home', 'Home', '', 'fa fa-server', 1, '1', 'sys', 'sys', '2020-04-29 20:14:20', '2020-04-29 20:14:24', 1);
INSERT INTO `t_sys_menu` VALUES (7, '/', '/home', 'Home', '', 'fa fa-street-view', 1, '1', 'sys', 'sys', '2020-04-29 20:15:02', '2020-04-29 20:15:05', 1);
INSERT INTO `t_sys_menu` VALUES (8, '/', '/home', 'Home', '', 'fa fa-newspaper-o', 1, '1', 'sys', 'sys', '2020-04-29 20:15:35', '2020-04-29 20:15:38', 1);
INSERT INTO `t_sys_menu` VALUES (9, '/tendering/applyproduct/**', '/tendering/applyproduct', 'TenderingApplyProduct', '', NULL, 2, '1', 'sys', 'sys', '2020-04-29 20:23:28', '2020-04-29 20:23:30', 1);
INSERT INTO `t_sys_menu` VALUES (10, '/tendering/applyproductfile/**', '/tendering/applyproductfile', 'TenderingApplyProductFile', '', NULL, 2, '1', 'sys', 'sys', '2020-04-29 20:24:34', '2020-04-29 20:24:37', 1);
INSERT INTO `t_sys_menu` VALUES (11, '/bid/tenderinginfo/**', '/bid/tenderinginfo', 'BidTenderingInfo', '', NULL, 3, '1', 'sys', 'sys', '2020-04-29 20:26:07', '2020-04-29 20:26:09', 1);
INSERT INTO `t_sys_menu` VALUES (12, '/bid/buytendingbook/**', '/bid/buytendingbook', 'BidBuyTendingBook', '', NULL, 3, '1', 'sys', 'sys', '2020-04-29 20:28:46', '2020-04-29 20:28:49', 1);
INSERT INTO `t_sys_menu` VALUES (13, '/bid/tendingbooklist/**', '/bid/makebidfbook', 'BidMakeBidBook', '', NULL, 3, '1', 'sys', 'sys', '2020-04-29 20:30:27', '2020-04-29 20:30:29', 1);
INSERT INTO `t_sys_menu` VALUES (17, '/project/projectapply/**', '/project/apply', 'ProjectApply', '', NULL, 4, '1', 'sys', 'sys', '2020-04-29 20:46:19', '2020-04-29 20:46:21', 1);
INSERT INTO `t_sys_menu` VALUES (18, '/project/projectinfo/**', '/project/info', 'ProjectInfo', '', NULL, 4, '1', 'sys', 'sys', '2020-04-29 20:46:55', '2020-04-29 20:46:58', 1);
INSERT INTO `t_sys_menu` VALUES (19, '/notece/noticeapply/**', '/notice/apply', 'NoticeApply', '', NULL, 8, '1', 'sys', 'sys', '2020-04-29 20:50:00', '2020-04-29 20:50:03', 1);
INSERT INTO `t_sys_menu` VALUES (20, '/expert/expertinfo/**', '/expert/expertinfo', 'ExpertApplyInfo', '', NULL, 7, '1', 'sys', 'sys', '2020-04-29 20:51:55', '2020-04-29 20:51:58', 1);
INSERT INTO `t_sys_menu` VALUES (21, '/system/userinfo/**', '/system/userinfo', 'SystemUserInfo', '', NULL, 5, '1', 'sys', 'sys', '2020-04-29 20:53:32', '2020-04-29 20:53:35', 1);
INSERT INTO `t_sys_menu` VALUES (22, '/system/roleinfo/**', '/system/roleinfo', 'SystemRoleInfo', '', NULL, 5, '1', 'sys', 'sys', '2020-04-29 20:54:28', '2020-04-29 20:54:31', 1);
INSERT INTO `t_sys_menu` VALUES (23, '/system/permissinfo/**', '/system/permissinfo', 'SystemPermissInfo', '', NULL, 5, '1', 'sys', 'sys', '2020-04-29 20:55:22', '2020-04-29 20:55:25', 1);
INSERT INTO `t_sys_menu` VALUES (24, '/workflow/busbiness', '/workflow/business', 'WorkFlowBusiness', '', NULL, 6, '1', 'sys', 'sys', '2020-04-29 20:57:14', '2020-04-29 20:57:16', 1);
INSERT INTO `t_sys_menu` VALUES (25, '/', '/home', 'Home', '', 'fa fa-user-o', 1, '1', 'sys', 'sys', '2020-04-29 21:06:26', '2020-04-29 21:06:30', 1);
INSERT INTO `t_sys_menu` VALUES (26, '/supplier/supplierinfo/**', '/supplier/info', 'SupplierInfo', '', NULL, 25, '1', 'sys', 'sys', '2020-04-29 21:08:09', '2020-04-29 21:08:11', 1);
INSERT INTO `t_sys_menu` VALUES (27, '/expert/bidcomment/**', '/expert/bidcomment', 'ExpertBidCommont', '', NULL, 7, '1', 'sys', 'sys', '2020-04-29 21:21:29', '2020-04-29 21:21:31', 1);
INSERT INTO `t_sys_menu` VALUES (28, '/tendering/makexpertgroup/**', '/tending/makeexpertgroup', 'TenderingMakeExpertGroup', '', NULL, 2, '1', 'sys', 'sys', '2020-05-08 15:44:39', '2020-05-08 15:44:41', 1);
INSERT INTO `t_sys_menu` VALUES (29, '/tendering/resolveprpblem/**', '/tendering/resolveprpblem', 'TenderingResolveProblem', '', NULL, 2, '1', 'sys', 'sys', '2020-05-08 15:46:20', '2020-05-08 15:46:22', 1);
INSERT INTO `t_sys_menu` VALUES (30, '/supplier/supplierapprove/**', '/supplier/approve', 'SupplierApprove', '', NULL, 25, '1', 'sys', 'sys', '2020-05-08 15:54:01', '2020-05-08 15:54:03', 1);
INSERT INTO `t_sys_menu` VALUES (31, '/notice/info/**', '/notice/info', 'NoticeInfo', '', NULL, 8, '1', 'sys', 'sys', '2020-05-08 16:06:18', '2020-05-08 16:06:20', 1);
INSERT INTO `t_sys_menu` VALUES (32, '/notice/tenderingnotice/**', '/notice/tenderingnotice', 'NoticeTenderingNotice', '', NULL, 8, '1', 'sys', 'sys', '2020-05-08 16:06:42', '2020-05-08 16:06:44', 1);

-- ----------------------------
-- Table structure for t_sys_message
-- ----------------------------
DROP TABLE IF EXISTS `t_sys_message`;
CREATE TABLE `t_sys_message`  (
  `urid` int(11) NOT NULL COMMENT '',
  `tenderingid` int(11) NULL DEFAULT NULL COMMENT 'id',
  `supplierid` int(11) NULL DEFAULT NULL COMMENT 'id',
  `projectid` int(11) NULL DEFAULT NULL COMMENT 'id',
  `sendtime` datetime(0) NULL DEFAULT NULL COMMENT '',
  `lastmessageid` int(11) NULL DEFAULT NULL COMMENT 'id',
  `content` varchar(4000) CHARACTER SET utf8 COLLATE utf8_bin NULL DEFAULT NULL COMMENT '',
  `createdby` varchar(255) CHARACTER SET utf8 COLLATE utf8_bin NOT NULL COMMENT '',
  `createdon` datetime(0) NOT NULL COMMENT '',
  `updatedby` varchar(255) CHARACTER SET utf8 COLLATE utf8_bin NOT NULL COMMENT '',
  `updatedon` datetime(0) NOT NULL COMMENT '',
  `reversion` int(11) NOT NULL DEFAULT 1 COMMENT '',
  PRIMARY KEY (`urid`) USING BTREE,
  INDEX `FK_MESSAGE_SUPPLIERID`(`supplierid`) USING BTREE,
  INDEX `FK_MESSAGE_TENDERINGID`(`tenderingid`) USING BTREE,
  INDEX `FK_MESSAGE_PROJECTID`(`projectid`) USING BTREE,
  CONSTRAINT `FK_MESSAGE_PROJECTID` FOREIGN KEY (`projectid`) REFERENCES `t_sys_project` (`urid`) ON DELETE RESTRICT ON UPDATE RESTRICT,
  CONSTRAINT `FK_MESSAGE_SUPPLIERID` FOREIGN KEY (`supplierid`) REFERENCES `t_sys_supplier` (`urid`) ON DELETE RESTRICT ON UPDATE RESTRICT,
  CONSTRAINT `FK_MESSAGE_TENDERINGID` FOREIGN KEY (`tenderingid`) REFERENCES `t_sys_user` (`urid`) ON DELETE RESTRICT ON UPDATE RESTRICT
) ENGINE = InnoDB CHARACTER SET = utf8 COLLATE = utf8_bin COMMENT = '' ROW_FORMAT = Dynamic;

-- ----------------------------
-- Table structure for t_sys_mytask
-- ----------------------------
DROP TABLE IF EXISTS `t_sys_mytask`;
CREATE TABLE `t_sys_mytask`  (
  `urid` int(11) NOT NULL AUTO_INCREMENT COMMENT '',
  `taskid` varchar(255) CHARACTER SET utf8 COLLATE utf8_bin NULL DEFAULT NULL COMMENT 'id',
  `assignee` varchar(255) CHARACTER SET utf8 COLLATE utf8_bin NULL DEFAULT NULL COMMENT '',
  `processInstenceid` varchar(255) CHARACTER SET utf8 COLLATE utf8_bin NULL DEFAULT NULL COMMENT 'id',
  `tasktype` varchar(255) CHARACTER SET utf8 COLLATE utf8_bin NOT NULL COMMENT '',
  `suggest` varchar(255) CHARACTER SET utf8 COLLATE utf8_bin NULL DEFAULT NULL COMMENT '',
  `complete` char(255) CHARACTER SET utf8 COLLATE utf8_bin NULL DEFAULT NULL COMMENT '',
  `createdby` varchar(255) CHARACTER SET utf8 COLLATE utf8_bin NOT NULL COMMENT '',
  `createdon` datetime(0) NOT NULL COMMENT '',
  `updatedby` varchar(255) CHARACTER SET utf8 COLLATE utf8_bin NOT NULL COMMENT '',
  `updatedon` datetime(0) NOT NULL COMMENT '',
  `reversion` int(11) NOT NULL DEFAULT 1 COMMENT '',
  PRIMARY KEY (`urid`) USING BTREE
) ENGINE = InnoDB CHARACTER SET = utf8 COLLATE = utf8_bin ROW_FORMAT = Dynamic;

-- ----------------------------
-- Table structure for t_sys_notice
-- ----------------------------
DROP TABLE IF EXISTS `t_sys_notice`;
CREATE TABLE `t_sys_notice`  (
  `urid` int(11) NOT NULL AUTO_INCREMENT COMMENT '',
  `code` varchar(255) CHARACTER SET utf8 COLLATE utf8_bin NOT NULL COMMENT '',
  `tendingid` varchar(32) CHARACTER SET utf8 COLLATE utf8_bin NOT NULL COMMENT 'id\r\n',
  `position` varchar(255) CHARACTER SET utf8 COLLATE utf8_bin NULL DEFAULT NULL COMMENT '',
  `time` date NOT NULL COMMENT '',
  `projectid` int(11) NOT NULL COMMENT '',
  `startdate` date NOT NULL COMMENT '',
  `enddate` date NOT NULL COMMENT '',
  `createdby` varchar(255) CHARACTER SET utf8 COLLATE utf8_bin NOT NULL COMMENT '',
  `createdon` datetime(0) NOT NULL COMMENT '',
  `updatedby` varchar(255) CHARACTER SET utf8 COLLATE utf8_bin NOT NULL COMMENT '',
  `updatedon` datetime(0) NOT NULL COMMENT '',
  `reversion` int(11) NOT NULL DEFAULT 1 COMMENT '',
  `approvestate` char(1) CHARACTER SET utf8 COLLATE utf8_bin NOT NULL COMMENT '',
  `cancelstate` char(1) CHARACTER SET utf8 COLLATE utf8_bin NOT NULL COMMENT '',
  `content` varchar(4000) CHARACTER SET utf8 COLLATE utf8_bin NOT NULL COMMENT '',
  `name` varchar(255) CHARACTER SET utf8 COLLATE utf8_bin NOT NULL COMMENT '',
  `processinstanceid` varchar(255) CHARACTER SET utf8 COLLATE utf8_bin NULL DEFAULT NULL COMMENT 'id',
  PRIMARY KEY (`urid`) USING BTREE,
  UNIQUE INDEX `name`(`name`) USING BTREE,
  INDEX `FK_NOTICE_PROJECTID`(`projectid`) USING BTREE,
  CONSTRAINT `FK_NOTICE_PROJECTID` FOREIGN KEY (`projectid`) REFERENCES `t_sys_project` (`urid`) ON DELETE RESTRICT ON UPDATE RESTRICT
) ENGINE = InnoDB AUTO_INCREMENT = 25 CHARACTER SET = utf8 COLLATE = utf8_bin COMMENT = '' ROW_FORMAT = Dynamic;

-- ----------------------------
-- Records of t_sys_notice
-- ----------------------------
INSERT INTO `t_sys_notice` VALUES (25, 'A1420200605gjsyzl20200605191224', 'zb1', NULL, '2020-06-17', 17, '2020-06-05', '2020-06-25', 'zb1', '2020-06-05 23:15:47', 'approve1', '2020-06-05 23:16:16', 2, '3', '1', '', '', '70001');

-- ----------------------------
-- Table structure for t_sys_product
-- ----------------------------
DROP TABLE IF EXISTS `t_sys_product`;
CREATE TABLE `t_sys_product`  (
  `urid` int(11) NOT NULL AUTO_INCREMENT COMMENT '',
  `projectid` int(11) NOT NULL COMMENT 'id',
  `name` varchar(255) CHARACTER SET utf8 COLLATE utf8_bin NOT NULL COMMENT '',
  `type` varchar(255) CHARACTER SET utf8 COLLATE utf8_bin NOT NULL COMMENT '',
  `unit` varchar(255) CHARACTER SET utf8 COLLATE utf8_bin NOT NULL COMMENT '',
  `amount` varchar(255) CHARACTER SET utf8 COLLATE utf8_bin NOT NULL COMMENT '',
  `company` varchar(255) CHARACTER SET utf8 COLLATE utf8_bin NULL DEFAULT NULL COMMENT '',
  `time` date NULL DEFAULT NULL COMMENT '',
  `address` varchar(255) CHARACTER SET utf8 COLLATE utf8_bin NULL DEFAULT NULL COMMENT '',
  `supplierid` varchar(255) CHARACTER SET utf8 COLLATE utf8_bin NULL DEFAULT NULL COMMENT '',
  `createdby` varchar(255) CHARACTER SET utf8 COLLATE utf8_bin NOT NULL COMMENT '',
  `updatedby` varchar(255) CHARACTER SET utf8 COLLATE utf8_bin NOT NULL COMMENT '',
  `createdon` datetime(0) NOT NULL COMMENT '',
  `updatedon` datetime(0) NOT NULL COMMENT '',
  `reversion` int(11) NOT NULL DEFAULT 1 COMMENT '',
  PRIMARY KEY (`urid`) USING BTREE,
  INDEX `FK_PRODUCT_PROJECTID`(`projectid`) USING BTREE,
  CONSTRAINT `FK_PRODUCT_PROJECTID` FOREIGN KEY (`projectid`) REFERENCES `t_sys_project` (`urid`) ON DELETE RESTRICT ON UPDATE RESTRICT
) ENGINE = InnoDB AUTO_INCREMENT = 3 CHARACTER SET = utf8 COLLATE = utf8_bin ROW_FORMAT = Dynamic;

-- ----------------------------
-- Records of t_sys_product
-- ----------------------------
INSERT INTO `t_sys_product` VALUES (3, 23, '', '', '', '100', '', '2020-06-06', '', 'gys1', 'zb1', 'zb1', '2020-06-06 15:07:33', '2020-06-06 15:07:33', 0);

-- ----------------------------
-- Table structure for t_sys_project
-- ----------------------------
DROP TABLE IF EXISTS `t_sys_project`;
CREATE TABLE `t_sys_project`  (
  `urid` int(11) NOT NULL AUTO_INCREMENT COMMENT '',
  `code` varchar(255) CHARACTER SET utf8 COLLATE utf8_bin NULL DEFAULT NULL COMMENT '',
  `tenderingid` varchar(255) CHARACTER SET utf8 COLLATE utf8_bin NULL DEFAULT NULL COMMENT 'id',
  `projectcode` varchar(32) CHARACTER SET utf8 COLLATE utf8_bin NOT NULL COMMENT '',
  `projectname` varchar(255) CHARACTER SET utf8 COLLATE utf8_bin NOT NULL COMMENT '',
  `approvestate` char(1) CHARACTER SET utf8 COLLATE utf8_bin NULL DEFAULT NULL COMMENT '',
  `cancelstate` char(1) CHARACTER SET utf8 COLLATE utf8_bin NULL DEFAULT NULL COMMENT '',
  `projectcontent` varchar(4000) CHARACTER SET utf8 COLLATE utf8_bin NULL DEFAULT NULL COMMENT '',
  `invitationtype` char(1) CHARACTER SET utf8 COLLATE utf8_bin NULL DEFAULT NULL COMMENT '',
  `applydate` date NULL DEFAULT NULL COMMENT '',
  `finishdate` date NULL DEFAULT NULL COMMENT '',
  `createdby` varchar(255) CHARACTER SET utf8 COLLATE utf8_bin NOT NULL COMMENT '',
  `createdon` datetime(0) NOT NULL COMMENT '',
  `updatedby` varchar(255) CHARACTER SET utf8 COLLATE utf8_bin NOT NULL,
  `updatedon` datetime(0) NOT NULL COMMENT '',
  `reversion` int(11) NOT NULL DEFAULT 1 COMMENT '',
  `status` char(1) CHARACTER SET utf8 COLLATE utf8_bin NULL DEFAULT NULL COMMENT '',
  `typeid` int(11) NOT NULL COMMENT '',
  `processinstanceid` varchar(255) CHARACTER SET utf8 COLLATE utf8_bin NULL DEFAULT NULL COMMENT 'id',
  PRIMARY KEY (`urid`) USING BTREE,
  UNIQUE INDEX `name`(`projectname`) USING BTREE,
  UNIQUE INDEX `code`(`projectcode`) USING BTREE
) ENGINE = InnoDB AUTO_INCREMENT = 24 CHARACTER SET = utf8 COLLATE = utf8_bin COMMENT = '' ROW_FORMAT = Dynamic;

-- ----------------------------
-- Records of t_sys_project
-- ----------------------------
INSERT INTO `t_sys_project` VALUES (16, 'A1820200603NCHULOAD20200603220212', 'zb1', '20200603NCHULOAD', '', '3', '1', '', '1', '2020-06-03', NULL, 'zb1', '2020-06-03 22:01:54', 'approve1', '2020-06-03 22:00:42', 2, NULL, 18, '65001');
INSERT INTO `t_sys_project` VALUES (17, 'A1420200605gjsyzl20200605191224', 'zb1', '20200605gjsyzl', '', '3', '1', '', '1', '2020-06-05', NULL, 'zb1', '2020-06-05 19:08:43', 'approve1', '2020-06-05 19:12:16', 2, NULL, 14, '67501');
INSERT INTO `t_sys_project` VALUES (18, NULL, 'zb1', '20200605load', 'XXXXXX', '4', '1', 'XXXXXX', '1', '2020-06-05', NULL, 'zb1', '2020-06-05 19:09:48', 'approve1', '2020-06-05 19:12:16', 2, NULL, 8, '67514');
INSERT INTO `t_sys_project` VALUES (19, 'A0220200605build20200605191233', 'zb1', '20200605build', 'XXXXXXf', '3', '1', 'XXXXXX', '1', '2020-06-05', NULL, 'zb1', '2020-06-05 19:10:36', 'approve1', '2020-06-05 19:12:16', 2, NULL, 2, '67540');
INSERT INTO `t_sys_project` VALUES (21, 'A0120200605work20200605191239', 'zb1', '20200605work', 'XXX', '3', '1', 'XXX', '1', '2020-06-05', NULL, 'zb1', '2020-06-05 19:11:05', 'approve1', '2020-06-05 19:12:16', 2, NULL, 1, '67527');
INSERT INTO `t_sys_project` VALUES (22, NULL, 'zb1', '20200605buy', 'XXX', '2', '1', 'XXX', '1', '2020-06-05', NULL, 'zb1', '2020-06-05 19:11:52', 'zb1', '2020-06-05 19:07:40', 1, NULL, 16, '67553');
INSERT INTO `t_sys_project` VALUES (23, 'A0120200606Hourse20200606160312', 'zb1', '20200606Hourse', 'XXX', '3', '1', 'XXX', '1', '2020-06-06', NULL, 'zb1', '2020-06-06 15:07:33', 'approve1', '2020-06-06 15:05:32', 2, NULL, 1, '70018');
INSERT INTO `t_sys_project` VALUES (24, 'A0212320200606160659', 'zb1', '123', 'wda', '3', '1', 'wda', '1', '2020-06-06', NULL, 'zb1', '2020-06-06 16:05:52', 'approve1', '2020-06-06 15:05:32', 2, NULL, 2, '70035');

-- ----------------------------
-- Table structure for t_sys_project_extend
-- ----------------------------
DROP TABLE IF EXISTS `t_sys_project_extend`;
CREATE TABLE `t_sys_project_extend`  (
  `urid` int(11) NOT NULL AUTO_INCREMENT COMMENT '',
  `projectid` int(11) NOT NULL COMMENT 'id',
  `extend1` varchar(255) CHARACTER SET utf8 COLLATE utf8_bin NULL DEFAULT NULL,
  `extend2` varchar(255) CHARACTER SET utf8 COLLATE utf8_bin NULL DEFAULT NULL,
  `extend3` varchar(255) CHARACTER SET utf8 COLLATE utf8_bin NULL DEFAULT NULL,
  `extend4` varchar(255) CHARACTER SET utf8 COLLATE utf8_bin NULL DEFAULT NULL,
  `extend5` varchar(255) CHARACTER SET utf8 COLLATE utf8_bin NULL DEFAULT NULL,
  `extend6` varchar(255) CHARACTER SET utf8 COLLATE utf8_bin NULL DEFAULT NULL,
  `extend7` varchar(255) CHARACTER SET utf8 COLLATE utf8_bin NULL DEFAULT NULL,
  `extend8` varchar(255) CHARACTER SET utf8 COLLATE utf8_bin NULL DEFAULT NULL,
  `extend9` varchar(255) CHARACTER SET utf8 COLLATE utf8_bin NULL DEFAULT NULL,
  `extend10` varchar(255) CHARACTER SET utf8 COLLATE utf8_bin NULL DEFAULT NULL,
  `extend11` varchar(255) CHARACTER SET utf8 COLLATE utf8_bin NULL DEFAULT NULL,
  `extend12` varchar(255) CHARACTER SET utf8 COLLATE utf8_bin NULL DEFAULT NULL,
  `extend13` varchar(255) CHARACTER SET utf8 COLLATE utf8_bin NULL DEFAULT NULL,
  `extend14` varchar(255) CHARACTER SET utf8 COLLATE utf8_bin NULL DEFAULT NULL,
  `extend15` varchar(255) CHARACTER SET utf8 COLLATE utf8_bin NULL DEFAULT NULL,
  `extend16` varchar(255) CHARACTER SET utf8 COLLATE utf8_bin NULL DEFAULT NULL,
  `extend17` varchar(255) CHARACTER SET utf8 COLLATE utf8_bin NULL DEFAULT NULL,
  `extend18` varchar(255) CHARACTER SET utf8 COLLATE utf8_bin NULL DEFAULT NULL,
  `extend19` varchar(255) CHARACTER SET utf8 COLLATE utf8_bin NULL DEFAULT NULL,
  `extend20` varchar(255) CHARACTER SET utf8 COLLATE utf8_bin NULL DEFAULT NULL,
  `createdby` varchar(255) CHARACTER SET utf8 COLLATE utf8_bin NOT NULL COMMENT '',
  `createdon` datetime(0) NOT NULL COMMENT '',
  `updatedby` varchar(255) CHARACTER SET utf8 COLLATE utf8_bin NOT NULL COMMENT '',
  `updatedon` datetime(0) NOT NULL COMMENT '',
  `reversion` int(11) NOT NULL DEFAULT 1 COMMENT '',
  PRIMARY KEY (`urid`) USING BTREE,
  INDEX `PROJECTEXTEND_PROJECTID`(`projectid`) USING BTREE,
  CONSTRAINT `PROJECTEXTEND_PROJECTID` FOREIGN KEY (`projectid`) REFERENCES `t_sys_project` (`urid`) ON DELETE RESTRICT ON UPDATE RESTRICT
) ENGINE = InnoDB CHARACTER SET = utf8 COLLATE = utf8_bin ROW_FORMAT = Dynamic;

-- ----------------------------
-- Table structure for t_sys_project_type
-- ----------------------------
DROP TABLE IF EXISTS `t_sys_project_type`;
CREATE TABLE `t_sys_project_type`  (
  `urid` int(11) NOT NULL AUTO_INCREMENT COMMENT '',
  `code` varchar(255) CHARACTER SET utf8 COLLATE utf8_bin NOT NULL COMMENT '',
  `name` varchar(255) CHARACTER SET utf8 COLLATE utf8_bin NOT NULL COMMENT '',
  `parentid` int(11) NOT NULL COMMENT 'id',
  `createdby` varchar(255) CHARACTER SET utf8 COLLATE utf8_bin NOT NULL COMMENT '',
  `createdon` datetime(0) NOT NULL COMMENT '',
  `updatedby` varchar(255) CHARACTER SET utf8 COLLATE utf8_bin NOT NULL COMMENT '',
  `updatedon` datetime(0) NOT NULL COMMENT '',
  `reversion` int(11) NOT NULL DEFAULT 1 COMMENT '',
  PRIMARY KEY (`urid`) USING BTREE
) ENGINE = InnoDB AUTO_INCREMENT = 27 CHARACTER SET = utf8 COLLATE = utf8_bin ROW_FORMAT = Dynamic;

-- ----------------------------
-- Records of t_sys_project_type
-- ----------------------------
INSERT INTO `t_sys_project_type` VALUES (1, 'A01', '', 0, 'sys', '2020-05-14 16:01:34', 'sys', '2020-05-14 16:01:39', 1);
INSERT INTO `t_sys_project_type` VALUES (2, 'A02', '', 0, 'sys', '2020-05-14 16:01:34', 'sys', '2020-05-14 16:01:39', 1);
INSERT INTO `t_sys_project_type` VALUES (3, 'A03', '', 0, 'sys', '2020-05-14 16:01:34', 'sys', '2020-05-14 16:01:39', 1);
INSERT INTO `t_sys_project_type` VALUES (4, 'A04', '', 0, 'sys', '2020-05-14 16:01:34', 'sys', '2020-05-14 16:01:39', 1);
INSERT INTO `t_sys_project_type` VALUES (5, 'A05', '', 0, 'sys', '2020-05-14 16:01:34', 'sys', '2020-05-14 16:01:39', 1);
INSERT INTO `t_sys_project_type` VALUES (6, 'A06', '', 0, 'sys', '2020-05-14 16:01:34', 'sys', '2020-05-14 16:01:39', 1);
INSERT INTO `t_sys_project_type` VALUES (7, 'A07', '', 0, 'sys', '2020-05-14 16:01:34', 'sys', '2020-05-14 16:01:39', 1);
INSERT INTO `t_sys_project_type` VALUES (8, 'A08', '', 0, 'sys', '2020-05-14 16:01:34', 'sys', '2020-05-14 16:01:39', 1);
INSERT INTO `t_sys_project_type` VALUES (9, 'A09', '', 0, 'sys', '2020-05-14 16:01:34', 'sys', '2020-05-14 16:01:39', 1);
INSERT INTO `t_sys_project_type` VALUES (10, 'A10', '', 0, 'sys', '2020-05-14 16:01:34', 'sys', '2020-05-14 16:01:39', 1);
INSERT INTO `t_sys_project_type` VALUES (11, 'A11', '', 0, 'sys', '2020-05-14 16:01:34', 'sys', '2020-05-14 16:01:39', 1);
INSERT INTO `t_sys_project_type` VALUES (12, 'A12', '', 0, 'sys', '2020-05-14 16:01:34', 'sys', '2020-05-14 16:01:39', 1);
INSERT INTO `t_sys_project_type` VALUES (13, 'A13', '', 0, 'sys', '2020-05-14 16:01:34', 'sys', '2020-05-14 16:01:39', 1);
INSERT INTO `t_sys_project_type` VALUES (14, 'A14', '', 0, 'sys', '2020-05-14 16:01:34', 'sys', '2020-05-14 16:01:39', 1);
INSERT INTO `t_sys_project_type` VALUES (15, 'A15', '', 0, 'sys', '2020-05-14 16:01:34', 'sys', '2020-05-14 16:01:39', 1);
INSERT INTO `t_sys_project_type` VALUES (16, 'A16', '', 0, 'sys', '2020-05-14 16:01:34', 'sys', '2020-05-14 16:01:39', 1);
INSERT INTO `t_sys_project_type` VALUES (17, 'A17', '', 0, 'sys', '2020-05-14 16:01:34', 'sys', '2020-05-14 16:01:39', 1);
INSERT INTO `t_sys_project_type` VALUES (18, 'A18', '', 0, 'sys', '2020-05-14 16:01:34', 'sys', '2020-05-14 16:01:39', 1);
INSERT INTO `t_sys_project_type` VALUES (19, 'A19', '', 0, 'sys', '2020-05-14 16:01:34', 'sys', '2020-05-14 16:01:39', 1);
INSERT INTO `t_sys_project_type` VALUES (20, 'A20', '', 0, 'sys', '2020-05-14 16:01:34', 'sys', '2020-05-14 16:01:39', 1);
INSERT INTO `t_sys_project_type` VALUES (21, 'A21', '', 0, 'sys', '2020-05-14 16:01:34', 'sys', '2020-05-14 16:01:39', 1);
INSERT INTO `t_sys_project_type` VALUES (22, 'A22', '', 0, 'sys', '2020-05-14 16:01:34', 'sys', '2020-05-14 16:01:39', 1);
INSERT INTO `t_sys_project_type` VALUES (23, 'A23', '', 0, 'sys', '2020-05-14 16:01:34', 'sys', '2020-05-14 16:01:39', 1);
INSERT INTO `t_sys_project_type` VALUES (24, 'A24', '', 0, 'sys', '2020-05-14 16:01:34', 'sys', '2020-05-14 16:01:39', 1);
INSERT INTO `t_sys_project_type` VALUES (25, 'A25', '', 0, 'sys', '2020-05-14 16:01:34', 'sys', '2020-05-14 16:01:39', 1);
INSERT INTO `t_sys_project_type` VALUES (26, 'A26', '', 0, 'sys', '2020-05-14 16:01:34', 'sys', '2020-05-14 16:01:39', 1);
INSERT INTO `t_sys_project_type` VALUES (27, 'A27', '', 0, 'sys', '2020-05-14 16:01:34', 'sys', '2020-05-14 16:01:39', 1);

-- ----------------------------
-- Table structure for t_sys_role
-- ----------------------------
DROP TABLE IF EXISTS `t_sys_role`;
CREATE TABLE `t_sys_role`  (
  `urid` int(11) NOT NULL AUTO_INCREMENT COMMENT '',
  `code` varchar(32) CHARACTER SET utf8 COLLATE utf8_bin NOT NULL COMMENT '',
  `name` varchar(32) CHARACTER SET utf8 COLLATE utf8_bin NOT NULL COMMENT '',
  `candelete` char(1) CHARACTER SET utf8 COLLATE utf8_bin NOT NULL COMMENT ' 0 1',
  `createdby` varchar(255) CHARACTER SET utf8 COLLATE utf8_bin NOT NULL COMMENT '',
  `createdon` datetime(0) NOT NULL COMMENT '',
  `updatedby` varchar(255) CHARACTER SET utf8 COLLATE utf8_bin NOT NULL COMMENT '',
  `updatedon` datetime(0) NOT NULL COMMENT '',
  `reversion` int(11) NOT NULL DEFAULT 1 COMMENT '',
  PRIMARY KEY (`urid`) USING BTREE,
  UNIQUE INDEX `code`(`code`) USING BTREE,
  UNIQUE INDEX `name`(`name`) USING BTREE
) ENGINE = InnoDB AUTO_INCREMENT = 62 CHARACTER SET = utf8 COLLATE = utf8_bin COMMENT = '' ROW_FORMAT = Dynamic;

-- ----------------------------
-- Records of t_sys_role
-- ----------------------------
INSERT INTO `t_sys_role` VALUES (1, 'ROLE_ADMIN', '', '0', 'admin', '2020-05-01 21:04:42', 'admin', '2020-05-01 22:58:21', 21);
INSERT INTO `t_sys_role` VALUES (2, 'ROLE_SUPPLIER', '', '0', 'admin', '2020-05-01 21:04:42', 'admin', '2020-05-01 22:58:34', 3);
INSERT INTO `t_sys_role` VALUES (3, 'ROLE_TENDERING', '', '0', 'admin', '2020-05-01 21:04:42', 'admin', '2020-05-02 18:04:36', 2);
INSERT INTO `t_sys_role` VALUES (4, 'ROLE_EXPERT', '', '0', 'admin', '2020-05-01 21:04:42', 'sys', '2020-05-01 21:04:42', 1);
INSERT INTO `t_sys_role` VALUES (60, 'ROLE_APPROVER', '', '0', 'admin', '2020-05-08 16:13:32', 'admin', '2020-05-08 16:13:32', 1);
INSERT INTO `t_sys_role` VALUES (61, 'ROLE_TEST', '', '1', 'admin', '2020-06-06 14:21:45', 'admin', '2020-06-06 14:21:45', 1);

-- ----------------------------
-- Table structure for t_sys_role_menu
-- ----------------------------
DROP TABLE IF EXISTS `t_sys_role_menu`;
CREATE TABLE `t_sys_role_menu`  (
  `urid` int(11) NOT NULL AUTO_INCREMENT COMMENT '',
  `roleid` int(11) NOT NULL COMMENT 'id',
  `menuid` int(11) NULL DEFAULT NULL COMMENT '\r\n',
  `createdby` varchar(255) CHARACTER SET utf8 COLLATE utf8_bin NOT NULL COMMENT '',
  `createdon` datetime(0) NOT NULL COMMENT '',
  `updatedby` varchar(255) CHARACTER SET utf8 COLLATE utf8_bin NOT NULL COMMENT '',
  `updatedon` datetime(0) NOT NULL COMMENT '',
  `reversion` int(11) NOT NULL DEFAULT 1 COMMENT '',
  PRIMARY KEY (`urid`) USING BTREE,
  INDEX `FK_ROLEMENU_ROLEID`(`roleid`) USING BTREE,
  INDEX `FK_ROLEMENU_MENUID`(`menuid`) USING BTREE,
  CONSTRAINT `FK_ROLEMENU_MENUID` FOREIGN KEY (`menuid`) REFERENCES `t_sys_menu` (`urid`) ON DELETE RESTRICT ON UPDATE RESTRICT,
  CONSTRAINT `FK_ROLEMENU_ROLEID` FOREIGN KEY (`roleid`) REFERENCES `t_sys_role` (`urid`) ON DELETE RESTRICT ON UPDATE RESTRICT
) ENGINE = InnoDB AUTO_INCREMENT = 764 CHARACTER SET = utf8 COLLATE = utf8_bin COMMENT = '' ROW_FORMAT = Dynamic;

-- ----------------------------
-- Records of t_sys_role_menu
-- ----------------------------
INSERT INTO `t_sys_role_menu` VALUES (629, 3, 2, 'admin', '2020-05-13 15:55:48', 'admin', '2020-05-13 15:55:48', 1);
INSERT INTO `t_sys_role_menu` VALUES (630, 3, 9, 'admin', '2020-05-13 15:55:48', 'admin', '2020-05-13 15:55:48', 1);
INSERT INTO `t_sys_role_menu` VALUES (631, 3, 10, 'admin', '2020-05-13 15:55:48', 'admin', '2020-05-13 15:55:48', 1);
INSERT INTO `t_sys_role_menu` VALUES (632, 3, 28, 'admin', '2020-05-13 15:55:48', 'admin', '2020-05-13 15:55:48', 1);
INSERT INTO `t_sys_role_menu` VALUES (633, 3, 29, 'admin', '2020-05-13 15:55:48', 'admin', '2020-05-13 15:55:48', 1);
INSERT INTO `t_sys_role_menu` VALUES (634, 3, 18, 'admin', '2020-05-13 15:55:48', 'admin', '2020-05-13 15:55:48', 1);
INSERT INTO `t_sys_role_menu` VALUES (635, 3, 20, 'admin', '2020-05-13 15:55:48', 'admin', '2020-05-13 15:55:48', 1);
INSERT INTO `t_sys_role_menu` VALUES (636, 3, 31, 'admin', '2020-05-13 15:55:48', 'admin', '2020-05-13 15:55:48', 1);
INSERT INTO `t_sys_role_menu` VALUES (637, 3, 32, 'admin', '2020-05-13 15:55:48', 'admin', '2020-05-13 15:55:48', 1);
INSERT INTO `t_sys_role_menu` VALUES (638, 3, 26, 'admin', '2020-05-13 15:55:48', 'admin', '2020-05-13 15:55:48', 1);
INSERT INTO `t_sys_role_menu` VALUES (639, 3, 4, 'admin', '2020-05-13 15:55:48', 'admin', '2020-05-13 15:55:48', 1);
INSERT INTO `t_sys_role_menu` VALUES (640, 3, 7, 'admin', '2020-05-13 15:55:48', 'admin', '2020-05-13 15:55:48', 1);
INSERT INTO `t_sys_role_menu` VALUES (641, 3, 8, 'admin', '2020-05-13 15:55:48', 'admin', '2020-05-13 15:55:48', 1);
INSERT INTO `t_sys_role_menu` VALUES (642, 3, 25, 'admin', '2020-05-13 15:55:48', 'admin', '2020-05-13 15:55:48', 1);
INSERT INTO `t_sys_role_menu` VALUES (694, 2, 29, 'admin', '2020-05-31 15:16:22', 'admin', '2020-05-31 15:16:22', 1);
INSERT INTO `t_sys_role_menu` VALUES (695, 2, 3, 'admin', '2020-05-31 15:16:22', 'admin', '2020-05-31 15:16:22', 1);
INSERT INTO `t_sys_role_menu` VALUES (696, 2, 11, 'admin', '2020-05-31 15:16:22', 'admin', '2020-05-31 15:16:22', 1);
INSERT INTO `t_sys_role_menu` VALUES (697, 2, 12, 'admin', '2020-05-31 15:16:22', 'admin', '2020-05-31 15:16:22', 1);
INSERT INTO `t_sys_role_menu` VALUES (698, 2, 13, 'admin', '2020-05-31 15:16:22', 'admin', '2020-05-31 15:16:22', 1);
INSERT INTO `t_sys_role_menu` VALUES (699, 2, 18, 'admin', '2020-05-31 15:16:22', 'admin', '2020-05-31 15:16:22', 1);
INSERT INTO `t_sys_role_menu` VALUES (700, 2, 31, 'admin', '2020-05-31 15:16:22', 'admin', '2020-05-31 15:16:22', 1);
INSERT INTO `t_sys_role_menu` VALUES (701, 2, 26, 'admin', '2020-05-31 15:16:22', 'admin', '2020-05-31 15:16:22', 1);
INSERT INTO `t_sys_role_menu` VALUES (702, 2, 2, 'admin', '2020-05-31 15:16:22', 'admin', '2020-05-31 15:16:22', 1);
INSERT INTO `t_sys_role_menu` VALUES (703, 2, 4, 'admin', '2020-05-31 15:16:22', 'admin', '2020-05-31 15:16:22', 1);
INSERT INTO `t_sys_role_menu` VALUES (704, 2, 8, 'admin', '2020-05-31 15:16:22', 'admin', '2020-05-31 15:16:22', 1);
INSERT INTO `t_sys_role_menu` VALUES (705, 2, 25, 'admin', '2020-05-31 15:16:22', 'admin', '2020-05-31 15:16:22', 1);
INSERT INTO `t_sys_role_menu` VALUES (710, 4, 29, 'admin', '2020-06-03 19:58:18', 'admin', '2020-06-03 19:58:18', 1);
INSERT INTO `t_sys_role_menu` VALUES (711, 4, 18, 'admin', '2020-06-03 19:58:18', 'admin', '2020-06-03 19:58:18', 1);
INSERT INTO `t_sys_role_menu` VALUES (712, 4, 7, 'admin', '2020-06-03 19:58:18', 'admin', '2020-06-03 19:58:18', 1);
INSERT INTO `t_sys_role_menu` VALUES (713, 4, 20, 'admin', '2020-06-03 19:58:18', 'admin', '2020-06-03 19:58:18', 1);
INSERT INTO `t_sys_role_menu` VALUES (714, 4, 27, 'admin', '2020-06-03 19:58:18', 'admin', '2020-06-03 19:58:18', 1);
INSERT INTO `t_sys_role_menu` VALUES (715, 4, 31, 'admin', '2020-06-03 19:58:18', 'admin', '2020-06-03 19:58:18', 1);
INSERT INTO `t_sys_role_menu` VALUES (716, 4, 2, 'admin', '2020-06-03 19:58:18', 'admin', '2020-06-03 19:58:18', 1);
INSERT INTO `t_sys_role_menu` VALUES (717, 4, 4, 'admin', '2020-06-03 19:58:18', 'admin', '2020-06-03 19:58:18', 1);
INSERT INTO `t_sys_role_menu` VALUES (718, 4, 8, 'admin', '2020-06-03 19:58:18', 'admin', '2020-06-03 19:58:18', 1);
INSERT INTO `t_sys_role_menu` VALUES (719, 1, 5, 'admin', '2020-06-05 18:58:01', 'admin', '2020-06-05 18:58:01', 1);
INSERT INTO `t_sys_role_menu` VALUES (720, 1, 21, 'admin', '2020-06-05 18:58:01', 'admin', '2020-06-05 18:58:01', 1);
INSERT INTO `t_sys_role_menu` VALUES (721, 1, 22, 'admin', '2020-06-05 18:58:01', 'admin', '2020-06-05 18:58:01', 1);
INSERT INTO `t_sys_role_menu` VALUES (722, 1, 23, 'admin', '2020-06-05 18:58:01', 'admin', '2020-06-05 18:58:01', 1);
INSERT INTO `t_sys_role_menu` VALUES (723, 1, 6, 'admin', '2020-06-05 18:58:01', 'admin', '2020-06-05 18:58:01', 1);
INSERT INTO `t_sys_role_menu` VALUES (724, 1, 24, 'admin', '2020-06-05 18:58:01', 'admin', '2020-06-05 18:58:01', 1);
INSERT INTO `t_sys_role_menu` VALUES (725, 61, 1, 'admin', '2020-06-06 14:21:54', 'admin', '2020-06-06 14:21:54', 1);
INSERT INTO `t_sys_role_menu` VALUES (726, 61, 2, 'admin', '2020-06-06 14:21:54', 'admin', '2020-06-06 14:21:54', 1);
INSERT INTO `t_sys_role_menu` VALUES (727, 61, 9, 'admin', '2020-06-06 14:21:54', 'admin', '2020-06-06 14:21:54', 1);
INSERT INTO `t_sys_role_menu` VALUES (728, 61, 10, 'admin', '2020-06-06 14:21:54', 'admin', '2020-06-06 14:21:54', 1);
INSERT INTO `t_sys_role_menu` VALUES (729, 61, 28, 'admin', '2020-06-06 14:21:54', 'admin', '2020-06-06 14:21:54', 1);
INSERT INTO `t_sys_role_menu` VALUES (730, 61, 29, 'admin', '2020-06-06 14:21:54', 'admin', '2020-06-06 14:21:54', 1);
INSERT INTO `t_sys_role_menu` VALUES (731, 61, 3, 'admin', '2020-06-06 14:21:54', 'admin', '2020-06-06 14:21:54', 1);
INSERT INTO `t_sys_role_menu` VALUES (732, 61, 11, 'admin', '2020-06-06 14:21:54', 'admin', '2020-06-06 14:21:54', 1);
INSERT INTO `t_sys_role_menu` VALUES (733, 61, 12, 'admin', '2020-06-06 14:21:54', 'admin', '2020-06-06 14:21:54', 1);
INSERT INTO `t_sys_role_menu` VALUES (734, 61, 13, 'admin', '2020-06-06 14:21:54', 'admin', '2020-06-06 14:21:54', 1);
INSERT INTO `t_sys_role_menu` VALUES (735, 61, 4, 'admin', '2020-06-06 14:21:54', 'admin', '2020-06-06 14:21:54', 1);
INSERT INTO `t_sys_role_menu` VALUES (736, 61, 17, 'admin', '2020-06-06 14:21:54', 'admin', '2020-06-06 14:21:54', 1);
INSERT INTO `t_sys_role_menu` VALUES (737, 61, 18, 'admin', '2020-06-06 14:21:54', 'admin', '2020-06-06 14:21:54', 1);
INSERT INTO `t_sys_role_menu` VALUES (738, 61, 5, 'admin', '2020-06-06 14:21:54', 'admin', '2020-06-06 14:21:54', 1);
INSERT INTO `t_sys_role_menu` VALUES (739, 61, 21, 'admin', '2020-06-06 14:21:54', 'admin', '2020-06-06 14:21:54', 1);
INSERT INTO `t_sys_role_menu` VALUES (740, 61, 22, 'admin', '2020-06-06 14:21:54', 'admin', '2020-06-06 14:21:54', 1);
INSERT INTO `t_sys_role_menu` VALUES (741, 61, 23, 'admin', '2020-06-06 14:21:54', 'admin', '2020-06-06 14:21:54', 1);
INSERT INTO `t_sys_role_menu` VALUES (742, 61, 6, 'admin', '2020-06-06 14:21:54', 'admin', '2020-06-06 14:21:54', 1);
INSERT INTO `t_sys_role_menu` VALUES (743, 61, 24, 'admin', '2020-06-06 14:21:54', 'admin', '2020-06-06 14:21:54', 1);
INSERT INTO `t_sys_role_menu` VALUES (744, 61, 7, 'admin', '2020-06-06 14:21:54', 'admin', '2020-06-06 14:21:54', 1);
INSERT INTO `t_sys_role_menu` VALUES (745, 61, 20, 'admin', '2020-06-06 14:21:54', 'admin', '2020-06-06 14:21:54', 1);
INSERT INTO `t_sys_role_menu` VALUES (746, 61, 27, 'admin', '2020-06-06 14:21:54', 'admin', '2020-06-06 14:21:54', 1);
INSERT INTO `t_sys_role_menu` VALUES (747, 61, 8, 'admin', '2020-06-06 14:21:54', 'admin', '2020-06-06 14:21:54', 1);
INSERT INTO `t_sys_role_menu` VALUES (748, 61, 19, 'admin', '2020-06-06 14:21:54', 'admin', '2020-06-06 14:21:54', 1);
INSERT INTO `t_sys_role_menu` VALUES (749, 61, 31, 'admin', '2020-06-06 14:21:54', 'admin', '2020-06-06 14:21:54', 1);
INSERT INTO `t_sys_role_menu` VALUES (750, 61, 32, 'admin', '2020-06-06 14:21:54', 'admin', '2020-06-06 14:21:54', 1);
INSERT INTO `t_sys_role_menu` VALUES (751, 61, 25, 'admin', '2020-06-06 14:21:54', 'admin', '2020-06-06 14:21:54', 1);
INSERT INTO `t_sys_role_menu` VALUES (752, 61, 26, 'admin', '2020-06-06 14:21:54', 'admin', '2020-06-06 14:21:54', 1);
INSERT INTO `t_sys_role_menu` VALUES (753, 61, 30, 'admin', '2020-06-06 14:21:54', 'admin', '2020-06-06 14:21:54', 1);
INSERT INTO `t_sys_role_menu` VALUES (754, 60, 29, 'admin', '2020-06-06 15:13:57', 'admin', '2020-06-06 15:13:57', 1);
INSERT INTO `t_sys_role_menu` VALUES (755, 60, 17, 'admin', '2020-06-06 15:13:57', 'admin', '2020-06-06 15:13:57', 1);
INSERT INTO `t_sys_role_menu` VALUES (756, 60, 20, 'admin', '2020-06-06 15:13:57', 'admin', '2020-06-06 15:13:57', 1);
INSERT INTO `t_sys_role_menu` VALUES (757, 60, 19, 'admin', '2020-06-06 15:13:57', 'admin', '2020-06-06 15:13:57', 1);
INSERT INTO `t_sys_role_menu` VALUES (758, 60, 25, 'admin', '2020-06-06 15:13:57', 'admin', '2020-06-06 15:13:57', 1);
INSERT INTO `t_sys_role_menu` VALUES (759, 60, 26, 'admin', '2020-06-06 15:13:57', 'admin', '2020-06-06 15:13:57', 1);
INSERT INTO `t_sys_role_menu` VALUES (760, 60, 30, 'admin', '2020-06-06 15:13:57', 'admin', '2020-06-06 15:13:57', 1);
INSERT INTO `t_sys_role_menu` VALUES (761, 60, 2, 'admin', '2020-06-06 15:13:57', 'admin', '2020-06-06 15:13:57', 1);
INSERT INTO `t_sys_role_menu` VALUES (762, 60, 4, 'admin', '2020-06-06 15:13:57', 'admin', '2020-06-06 15:13:57', 1);
INSERT INTO `t_sys_role_menu` VALUES (763, 60, 7, 'admin', '2020-06-06 15:13:57', 'admin', '2020-06-06 15:13:57', 1);
INSERT INTO `t_sys_role_menu` VALUES (764, 60, 8, 'admin', '2020-06-06 15:13:57', 'admin', '2020-06-06 15:13:57', 1);

-- ----------------------------
-- Table structure for t_sys_sumup
-- ----------------------------
DROP TABLE IF EXISTS `t_sys_sumup`;
CREATE TABLE `t_sys_sumup`  (
  `urid` int(11) NOT NULL AUTO_INCREMENT COMMENT '',
  `code` varchar(255) CHARACTER SET utf8 COLLATE utf8_bin NULL DEFAULT NULL COMMENT '',
  `projectid` int(11) NULL DEFAULT NULL COMMENT '',
  `description` varchar(1024) CHARACTER SET utf8 COLLATE utf8_bin NULL DEFAULT NULL COMMENT '',
  `hitdescription` varchar(1024) CHARACTER SET utf8 COLLATE utf8_bin NULL DEFAULT NULL COMMENT '',
  `result` varchar(255) CHARACTER SET utf8 COLLATE utf8_bin NULL DEFAULT NULL COMMENT '',
  `opdate` datetime(0) NULL DEFAULT NULL COMMENT '',
  `userid` int(11) NULL DEFAULT NULL COMMENT '',
  `createdby` varchar(255) CHARACTER SET utf8 COLLATE utf8_bin NOT NULL COMMENT '',
  `createdon` datetime(0) NOT NULL COMMENT '',
  `updatedby` varchar(255) CHARACTER SET utf8 COLLATE utf8_bin NOT NULL COMMENT '',
  `updatedon` datetime(0) NOT NULL COMMENT '',
  `reversion` int(11) NOT NULL DEFAULT 1 COMMENT '',
  PRIMARY KEY (`urid`) USING BTREE,
  INDEX `FK_SUMUP_PROJECTID`(`projectid`) USING BTREE,
  INDEX `FK_SUMUP_USERID`(`userid`) USING BTREE,
  CONSTRAINT `FK_SUMUP_PROJECTID` FOREIGN KEY (`projectid`) REFERENCES `t_sys_project` (`urid`) ON DELETE RESTRICT ON UPDATE RESTRICT,
  CONSTRAINT `FK_SUMUP_USERID` FOREIGN KEY (`userid`) REFERENCES `t_sys_user` (`urid`) ON DELETE RESTRICT ON UPDATE RESTRICT
) ENGINE = InnoDB CHARACTER SET = utf8 COLLATE = utf8_bin COMMENT = '' ROW_FORMAT = Dynamic;

-- ----------------------------
-- Table structure for t_sys_supplier
-- ----------------------------
DROP TABLE IF EXISTS `t_sys_supplier`;
CREATE TABLE `t_sys_supplier`  (
  `urid` int(11) NOT NULL AUTO_INCREMENT COMMENT '',
  `userid` varchar(32) CHARACTER SET utf8 COLLATE utf8_bin NOT NULL COMMENT '',
  `password` varchar(255) CHARACTER SET utf8 COLLATE utf8_bin NOT NULL COMMENT '',
  `salt` varchar(255) CHARACTER SET utf8 COLLATE utf8_bin NOT NULL COMMENT '',
  `score` int(11) NULL DEFAULT NULL COMMENT '',
  `bidcount` int(255) NULL DEFAULT NULL COMMENT '',
  `taxid` varchar(64) CHARACTER SET utf8 COLLATE utf8_bin NOT NULL COMMENT '',
  `email` varchar(255) CHARACTER SET utf8 COLLATE utf8_bin NOT NULL COMMENT '',
  `invitedcount` int(11) NULL DEFAULT NULL COMMENT '',
  `name` varchar(255) CHARACTER SET utf8 COLLATE utf8_bin NOT NULL COMMENT '',
  `approvestate` char(1) CHARACTER SET utf8 COLLATE utf8_bin NOT NULL COMMENT ' 1- 2- 3-4-',
  `cancelstate` char(1) CHARACTER SET utf8 COLLATE utf8_bin NOT NULL COMMENT ' 1- 2- 3-',
  `address` varchar(255) CHARACTER SET utf8 COLLATE utf8_bin NOT NULL COMMENT '',
  `telephone` varchar(255) CHARACTER SET utf8 COLLATE utf8_bin NOT NULL COMMENT '',
  `typeid` int(11) NULL DEFAULT NULL COMMENT '',
  `createdby` varchar(255) CHARACTER SET utf8 COLLATE utf8_bin NOT NULL COMMENT '',
  `createdon` datetime(0) NOT NULL COMMENT '',
  `updatedby` varchar(255) CHARACTER SET utf8 COLLATE utf8_bin NOT NULL COMMENT '',
  `updatedon` datetime(0) NOT NULL COMMENT '',
  `reversion` int(11) NOT NULL DEFAULT 1 COMMENT '',
  `processinstanceid` varchar(255) CHARACTER SET utf8 COLLATE utf8_bin NULL DEFAULT NULL COMMENT 'id',
  PRIMARY KEY (`urid`) USING BTREE,
  INDEX `FK_SUPPLIER_TYPEID`(`typeid`) USING BTREE,
  CONSTRAINT `FK_SUPPLIER_TYPEID` FOREIGN KEY (`typeid`) REFERENCES `t_sys_suppliertype` (`urid`) ON DELETE RESTRICT ON UPDATE RESTRICT
) ENGINE = InnoDB AUTO_INCREMENT = 52 CHARACTER SET = utf8 COLLATE = utf8_bin COMMENT = '' ROW_FORMAT = Dynamic;

-- ----------------------------
-- Records of t_sys_supplier
-- ----------------------------
INSERT INTO `t_sys_supplier` VALUES (37, 'gys1', '9cdb37d50269c44b1dde775fe27d2ad0', 'JijwGRzU/tg62xKRcPThUw==', NULL, NULL, 'gys1', '1527048350@qq.com', NULL, '', '3', '1', '', '15270483503', NULL, 'gys1', '2020-05-10 18:46:46', 'gys1', '2020-05-10 18:46:46', 0, '2518');
INSERT INTO `t_sys_supplier` VALUES (38, 'gys2', '4adfea6806e67a6d352e0fdaa92d8c64', 'HH0hIlQU9s8Vyn68EO0EKw==', NULL, NULL, 'gys2', '1527048351@qq.com', NULL, '', '3', '1', '', '15270483501', NULL, 'gys2', '2020-05-10 18:47:22', 'gys2', '2020-05-10 18:47:22', 0, '2531');
INSERT INTO `t_sys_supplier` VALUES (39, 'gys3', '36deb77c516caf198d99235dbb237724', 'zmGWFWpiXXVE/ffdGpVQkw==', NULL, NULL, 'gys3', '1527048352@qq.com', NULL, 'test', '3', '1', 'test', '15270483502', NULL, 'gys3', '2020-05-10 18:48:43', 'admin', '2020-05-10 21:48:01', 1, '2544');
INSERT INTO `t_sys_supplier` VALUES (40, 'gys4', '1170ff46aef2e791853afba6291c0513', 'zJNubG7ovVzt3SjcMQZUQA==', NULL, NULL, 'gys4', '1527048354@qq.com', NULL, 'test', '4', '1', 'test', '15270483504', NULL, 'gys4', '2020-05-10 18:48:55', 'admin', '2020-05-10 21:50:30', 1, '2557');
INSERT INTO `t_sys_supplier` VALUES (41, 'gys5', 'b80eb60825ebc16ee407aef54bd9e9b0', 'i7IoIgULWycJC7IIBPF2HA==', NULL, NULL, 'gys5', '1527048355@qq.com', NULL, 'test', '4', '1', 'test', '15270483505', NULL, 'gys5', '2020-05-10 18:49:07', 'admin', '2020-05-10 21:51:42', 1, '2570');
INSERT INTO `t_sys_supplier` VALUES (42, 'gys6', '5c711ac8db00fd4f1956de6e1b731a85', 'xxq8ZNQ2mkarz4WgDS02xw==', NULL, NULL, 'gys6', '1527048356@qq.com', NULL, 'test', '3', '1', 'test', '15270483506', NULL, 'gys6', '2020-05-10 18:49:17', 'admin', '2020-05-10 21:52:35', 1, '2583');
INSERT INTO `t_sys_supplier` VALUES (43, 'gys7', '7d70fcd368b19d8a5d4c9947d57f28b0', 'G6wIBf16YV/X3YN5CwpQtA==', NULL, NULL, 'gys7', '1527048357@qq.com', NULL, 'test', '4', '1', 'test', '15270483507', NULL, 'gys7', '2020-05-10 18:49:31', 'admin', '2020-05-10 21:53:42', 1, '2596');
INSERT INTO `t_sys_supplier` VALUES (44, 'gys8', 'e2409ad806f25e218e61e96c2b19a530', 'lsTUYrSnJ/KyxUZu2W0cqA==', NULL, NULL, 'gys8', '1527048358@qq.com', NULL, 'test', '3', '1', 'test', '15270483508', NULL, 'gys8', '2020-05-10 18:49:42', 'admin', '2020-05-10 21:55:19', 1, '2609');
INSERT INTO `t_sys_supplier` VALUES (45, 'gys9', '692b5644297258a835e0507addaf8462', 'r89/NwtF9x7SCLwIpMvBFg==', NULL, NULL, 'gys9', '1527048359@qq.com', NULL, 'test', '3', '1', 'test', '15270483509', NULL, 'gys9', '2020-05-10 18:49:53', 'admin', '2020-05-11 10:02:20', 1, '2622');
INSERT INTO `t_sys_supplier` VALUES (46, 'gys10', '0c1d679702f485c6ab1e685163800ec9', '5Ta1KlmXWNT391JbT3//aA==', NULL, NULL, 'gys10', '1527048310@qq.com', NULL, 'test', '4', '1', 'test', '15270483510', NULL, 'gys10', '2020-05-10 18:50:14', 'admin', '2020-05-10 22:19:51', 1, '2635');
INSERT INTO `t_sys_supplier` VALUES (47, 'gys11', '5f49ee5bd99accc9da19731e2af0c842', 'VOHZOQx2CUISTLzqMYbIug==', NULL, NULL, 'gys11', '1527048311@qq.com', NULL, 'test', '3', '1', 'test', '15270483511', NULL, 'gys11', '2020-05-10 18:50:25', 'admin', '2020-05-11 10:09:54', 1, '2648');
INSERT INTO `t_sys_supplier` VALUES (48, 'gys12', '2f3058828cb5017daf04b99e84e2f43e', 'rFlXRhMNeJliJOP1zcN1tw==', NULL, NULL, 'gys12', '1527048312@qq.com', NULL, 'test', '3', '1', 'test', '15270483512', NULL, 'gys12', '2020-05-10 18:50:41', 'admin', '2020-05-12 14:54:06', 1, '2661');
INSERT INTO `t_sys_supplier` VALUES (49, 'gys13', '20c6dd38532bc2db6bf38629c3991e89', 'qP6Ywy00r7QJFP0y21aXdg==', NULL, NULL, 'gys13', '1527048313@qq.com', NULL, 'test', '4', '1', 'test', '15270483513', NULL, 'gys13', '2020-05-10 18:51:04', 'admin', '2020-05-12 14:54:01', 1, '2674');
INSERT INTO `t_sys_supplier` VALUES (50, 'gys14', '6a749e7a9193e5bb30113ee30acd7661', 'yvc2MXAC9yempdWjSusguA==', NULL, NULL, 'gys14', '1527048314@qq.com', NULL, 'test', '4', '1', 'test', '15270483514', NULL, 'gys14', '2020-05-10 18:51:19', 'admin', '2020-05-10 21:55:34', 1, '2687');
INSERT INTO `t_sys_supplier` VALUES (51, 'test888', '9acfe7ce18eea7a153a92d6b72c39978', '5/Goasj1Bc2Py41kA9i9xw==', NULL, NULL, 'test888', '1527018352@qq.com', NULL, 'test888', '3', '1', 'test888', '15270483888', NULL, 'test888', '2020-05-12 15:44:13', 'approve1', '2020-05-13 16:18:33', 1, '17501');
INSERT INTO `t_sys_supplier` VALUES (52, 'MySupplier', '65bcbfe0db07b74f898e18a4e4aa2603', 'xNqSVvaOdfx5Jz80F+rfnQ==', NULL, NULL, 'MySupplier', '1527348352@qq.com', NULL, 'MySupplier', '3', '1', 'MySupplier', '15270483523', NULL, 'MySupplier', '2020-05-13 09:14:01', 'admin', '2020-05-13 09:14:29', 1, '20002');

-- ----------------------------
-- Table structure for t_sys_supplierlist
-- ----------------------------
DROP TABLE IF EXISTS `t_sys_supplierlist`;
CREATE TABLE `t_sys_supplierlist`  (
  `urid` int(11) NOT NULL AUTO_INCREMENT COMMENT '',
  `code` varchar(255) CHARACTER SET utf8 COLLATE utf8_bin NULL DEFAULT NULL COMMENT '',
  `projectid` int(11) NULL DEFAULT NULL COMMENT '',
  `supplierid` int(11) NULL DEFAULT NULL COMMENT 'id',
  `createdby` varchar(255) CHARACTER SET utf8 COLLATE utf8_bin NOT NULL COMMENT '',
  `createdon` datetime(0) NOT NULL COMMENT '',
  `updatedby` varchar(255) CHARACTER SET utf8 COLLATE utf8_bin NOT NULL COMMENT '',
  `updatedon` datetime(0) NOT NULL COMMENT '',
  `reversion` int(11) NOT NULL DEFAULT 1 COMMENT '',
  `approvestate` char(1) CHARACTER SET utf8 COLLATE utf8_bin NOT NULL COMMENT '',
  `tenderid` varchar(32) CHARACTER SET utf8 COLLATE utf8_bin NULL DEFAULT NULL COMMENT 'id',
  PRIMARY KEY (`urid`) USING BTREE,
  INDEX `FK_SUPPLIERLIST_PROID`(`projectid`) USING BTREE,
  INDEX `FK_SUPPLIERLIST_SUPID`(`supplierid`) USING BTREE,
  CONSTRAINT `FK_SUPPLIERLIST_PROJECTID` FOREIGN KEY (`projectid`) REFERENCES `t_sys_project` (`urid`) ON DELETE RESTRICT ON UPDATE RESTRICT
) ENGINE = InnoDB AUTO_INCREMENT = 13 CHARACTER SET = utf8 COLLATE = utf8_bin COMMENT = '' ROW_FORMAT = Dynamic;

-- ----------------------------
-- Records of t_sys_supplierlist
-- ----------------------------
INSERT INTO `t_sys_supplierlist` VALUES (10, 'A1820200603NCHULOAD20200603220212', 16, 37, 'gys1', '2020-06-03 22:09:42', 'zb1', '2020-06-03 22:10:07', 1, '3', 'zb1');
INSERT INTO `t_sys_supplierlist` VALUES (11, 'A1420200605gjsyzl20200605191224', 17, 37, 'gys1', '2020-06-05 22:57:09', 'zb1', '2020-06-05 22:58:56', 1, '3', 'zb1');
INSERT INTO `t_sys_supplierlist` VALUES (12, 'A0220200605build20200605191233', 19, 37, 'gys1', '2020-06-05 23:08:27', 'zb1', '2020-06-05 23:08:41', 1, '3', 'zb1');
INSERT INTO `t_sys_supplierlist` VALUES (13, 'A0120200605work20200605191239', 21, 37, 'gys1', '2020-06-05 23:08:30', 'zb1', '2020-06-05 23:08:43', 1, '3', 'zb1');

-- ----------------------------
-- Table structure for t_sys_suppliertype
-- ----------------------------
DROP TABLE IF EXISTS `t_sys_suppliertype`;
CREATE TABLE `t_sys_suppliertype`  (
  `urid` int(11) NOT NULL AUTO_INCREMENT COMMENT '',
  `parentid` int(11) NOT NULL COMMENT 'id',
  `code` varchar(255) CHARACTER SET utf8 COLLATE utf8_bin NOT NULL COMMENT '',
  `name` varchar(255) CHARACTER SET utf8 COLLATE utf8_bin NOT NULL COMMENT '',
  `createdby` varchar(255) CHARACTER SET utf8 COLLATE utf8_bin NOT NULL COMMENT '',
  `createdon` datetime(0) NOT NULL COMMENT '',
  `updatedby` varchar(255) CHARACTER SET utf8 COLLATE utf8_bin NOT NULL COMMENT '',
  `updatedon` datetime(0) NOT NULL COMMENT '',
  `reversion` int(11) NOT NULL DEFAULT 1 COMMENT '',
  PRIMARY KEY (`urid`) USING BTREE
) ENGINE = InnoDB AUTO_INCREMENT = 27 CHARACTER SET = utf8 COLLATE = utf8_bin COMMENT = '\r\n' ROW_FORMAT = Dynamic;

-- ----------------------------
-- Records of t_sys_suppliertype
-- ----------------------------
INSERT INTO `t_sys_suppliertype` VALUES (1, 0, 'A01', '', 'sys', '2020-05-14 16:01:34', 'sys', '2020-05-14 16:01:39', 1);
INSERT INTO `t_sys_suppliertype` VALUES (2, 0, 'A02', '', 'sys', '2020-05-14 16:01:34', 'sys', '2020-05-14 16:01:39', 1);
INSERT INTO `t_sys_suppliertype` VALUES (3, 0, 'A03', '', 'sys', '2020-05-14 16:01:34', 'sys', '2020-05-14 16:01:39', 1);
INSERT INTO `t_sys_suppliertype` VALUES (4, 0, 'A04', '', 'sys', '2020-05-14 16:01:34', 'sys', '2020-05-14 16:01:39', 1);
INSERT INTO `t_sys_suppliertype` VALUES (5, 0, 'A05', '', 'sys', '2020-05-14 16:01:34', 'sys', '2020-05-14 16:01:39', 1);
INSERT INTO `t_sys_suppliertype` VALUES (6, 0, 'A06', '', 'sys', '2020-05-14 16:01:34', 'sys', '2020-05-14 16:01:39', 1);
INSERT INTO `t_sys_suppliertype` VALUES (7, 0, 'A07', '', 'sys', '2020-05-14 16:01:34', 'sys', '2020-05-14 16:01:39', 1);
INSERT INTO `t_sys_suppliertype` VALUES (8, 0, 'A08', '', 'sys', '2020-05-14 16:01:34', 'sys', '2020-05-14 16:01:39', 1);
INSERT INTO `t_sys_suppliertype` VALUES (9, 0, 'A09', '', 'sys', '2020-05-14 16:01:34', 'sys', '2020-05-14 16:01:39', 1);
INSERT INTO `t_sys_suppliertype` VALUES (10, 0, 'A10', '', 'sys', '2020-05-14 16:01:34', 'sys', '2020-05-14 16:01:39', 1);
INSERT INTO `t_sys_suppliertype` VALUES (11, 0, 'A11', '', 'sys', '2020-05-14 16:01:34', 'sys', '2020-05-14 16:01:39', 1);
INSERT INTO `t_sys_suppliertype` VALUES (12, 0, 'A12', '', 'sys', '2020-05-14 16:01:34', 'sys', '2020-05-14 16:01:39', 1);
INSERT INTO `t_sys_suppliertype` VALUES (13, 0, 'A13', '', 'sys', '2020-05-14 16:01:34', 'sys', '2020-05-14 16:01:39', 1);
INSERT INTO `t_sys_suppliertype` VALUES (14, 0, 'A14', '', 'sys', '2020-05-14 16:01:34', 'sys', '2020-05-14 16:01:39', 1);
INSERT INTO `t_sys_suppliertype` VALUES (15, 0, 'A15', '', 'sys', '2020-05-14 16:01:34', 'sys', '2020-05-14 16:01:39', 1);
INSERT INTO `t_sys_suppliertype` VALUES (16, 0, 'A16', '', 'sys', '2020-05-14 16:01:34', 'sys', '2020-05-14 16:01:39', 1);
INSERT INTO `t_sys_suppliertype` VALUES (17, 0, 'A17', '', 'sys', '2020-05-14 16:01:34', 'sys', '2020-05-14 16:01:39', 1);
INSERT INTO `t_sys_suppliertype` VALUES (18, 0, 'A18', '', 'sys', '2020-05-14 16:01:34', 'sys', '2020-05-14 16:01:39', 1);
INSERT INTO `t_sys_suppliertype` VALUES (19, 0, 'A19', '', 'sys', '2020-05-14 16:01:34', 'sys', '2020-05-14 16:01:39', 1);
INSERT INTO `t_sys_suppliertype` VALUES (20, 0, 'A20', '', 'sys', '2020-05-14 16:01:34', 'sys', '2020-05-14 16:01:39', 1);
INSERT INTO `t_sys_suppliertype` VALUES (21, 0, 'A21', '', 'sys', '2020-05-14 16:01:34', 'sys', '2020-05-14 16:01:39', 1);
INSERT INTO `t_sys_suppliertype` VALUES (22, 0, 'A22', '', 'sys', '2020-05-14 16:01:34', 'sys', '2020-05-14 16:01:39', 1);
INSERT INTO `t_sys_suppliertype` VALUES (23, 0, 'A23', '', 'sys', '2020-05-14 16:01:34', 'sys', '2020-05-14 16:01:39', 1);
INSERT INTO `t_sys_suppliertype` VALUES (24, 0, 'A24', '', 'sys', '2020-05-14 16:01:34', 'sys', '2020-05-14 16:01:39', 1);
INSERT INTO `t_sys_suppliertype` VALUES (25, 0, 'A25', '', 'sys', '2020-05-14 16:01:34', 'sys', '2020-05-14 16:01:39', 1);
INSERT INTO `t_sys_suppliertype` VALUES (26, 0, 'A26', '', 'sys', '2020-05-14 16:01:34', 'sys', '2020-05-14 16:01:39', 1);
INSERT INTO `t_sys_suppliertype` VALUES (27, 0, 'A27', '', 'sys', '2020-05-14 16:01:34', 'sys', '2020-05-14 16:01:39', 1);

-- ----------------------------
-- Table structure for t_sys_user
-- ----------------------------
DROP TABLE IF EXISTS `t_sys_user`;
CREATE TABLE `t_sys_user`  (
  `urid` int(11) NOT NULL AUTO_INCREMENT COMMENT '',
  `code` varchar(32) CHARACTER SET utf8 COLLATE utf8_bin NOT NULL COMMENT '',
  `lastlogintime` datetime(0) NULL DEFAULT NULL COMMENT '',
  `password` varchar(32) CHARACTER SET utf8 COLLATE utf8_bin NOT NULL COMMENT '',
  `salt` varchar(255) CHARACTER SET utf8 COLLATE utf8_bin NOT NULL COMMENT '',
  `status` char(1) CHARACTER SET utf8 COLLATE utf8_bin NOT NULL COMMENT ' 1-2- 3-',
  `createdby` varchar(255) CHARACTER SET utf8 COLLATE utf8_bin NOT NULL COMMENT '',
  `createdon` datetime(0) NOT NULL COMMENT '',
  `updatedby` varchar(255) CHARACTER SET utf8 COLLATE utf8_bin NOT NULL COMMENT '',
  `updatedon` datetime(0) NOT NULL COMMENT '',
  `reversion` int(11) NOT NULL DEFAULT 1 COMMENT '',
  `changedpassword` char(1) CHARACTER SET utf8 COLLATE utf8_bin NOT NULL DEFAULT '0' COMMENT '0- 1-',
  PRIMARY KEY (`urid`) USING BTREE
) ENGINE = InnoDB AUTO_INCREMENT = 106 CHARACTER SET = utf8 COLLATE = utf8_bin COMMENT = '' ROW_FORMAT = Dynamic;

-- ----------------------------
-- Records of t_sys_user
-- ----------------------------
INSERT INTO `t_sys_user` VALUES (2, 'admin', '2020-06-06 15:13:48', '3ab99da7990c25ff6f684328f083210a', '1CyVPRBn8vmsZzy5xV5ohg==', '2', 'admin', '2020-04-28 09:56:48', 'admin', '2020-06-06 15:13:48', 4, '1');
INSERT INTO `t_sys_user` VALUES (32, 'approve1', '2020-06-06 15:05:32', 'f16dac4080424b2cfc34644bde1ae9e1', 'XiORg/dHFE/e4rM37EH6gw==', '2', 'admin', '2020-05-10 11:02:02', 'admin', '2020-06-06 15:05:32', 5, '1');
INSERT INTO `t_sys_user` VALUES (33, 'approve2', '2020-05-10 11:02:45', '474f00c57f77471f432ede3b4539ecc1', 'dGjPaXXk33L6pLPdskIDyQ==', '2', 'admin', '2020-05-10 11:02:08', 'admin', '2020-05-12 15:47:54', 5, '1');
INSERT INTO `t_sys_user` VALUES (58, 'gys1', '2020-06-06 15:10:38', '2ad1a980aeced56e4643a8d5a128140a', 'zF/VgZUWwGUIxsgBJJgIJw==', '2', 'gys1', '2020-05-10 18:46:46', 'gys1', '2020-06-06 15:10:38', 6, '1');
INSERT INTO `t_sys_user` VALUES (59, 'gys2', '2020-06-04 19:44:42', '7b527fb1b5e81e1961de554bb2e71710', 'zOyROtWk6dlmYC1MOssiSQ==', '2', 'gys2', '2020-05-10 18:47:22', 'gys2', '2020-06-04 19:44:42', 6, '1');
INSERT INTO `t_sys_user` VALUES (60, 'gys3', NULL, '36deb77c516caf198d99235dbb237724', 'zmGWFWpiXXVE/ffdGpVQkw==', '2', 'gys3', '2020-05-10 18:48:43', 'admin', '2020-05-12 15:47:54', 5, '0');
INSERT INTO `t_sys_user` VALUES (61, 'gys4', NULL, '1170ff46aef2e791853afba6291c0513', 'zJNubG7ovVzt3SjcMQZUQA==', '2', 'gys4', '2020-05-10 18:48:55', 'admin', '2020-05-12 15:47:54', 5, '0');
INSERT INTO `t_sys_user` VALUES (62, 'gys5', NULL, 'b80eb60825ebc16ee407aef54bd9e9b0', 'i7IoIgULWycJC7IIBPF2HA==', '2', 'gys5', '2020-05-10 18:49:07', 'admin', '2020-05-12 15:47:54', 5, '0');
INSERT INTO `t_sys_user` VALUES (63, 'gys6', NULL, '5c711ac8db00fd4f1956de6e1b731a85', 'xxq8ZNQ2mkarz4WgDS02xw==', '2', 'gys6', '2020-05-10 18:49:17', 'admin', '2020-05-12 15:47:54', 5, '0');
INSERT INTO `t_sys_user` VALUES (64, 'gys7', NULL, '7d70fcd368b19d8a5d4c9947d57f28b0', 'G6wIBf16YV/X3YN5CwpQtA==', '2', 'gys7', '2020-05-10 18:49:31', 'admin', '2020-05-12 15:47:54', 5, '0');
INSERT INTO `t_sys_user` VALUES (65, 'gys8', NULL, 'e2409ad806f25e218e61e96c2b19a530', 'lsTUYrSnJ/KyxUZu2W0cqA==', '2', 'gys8', '2020-05-10 18:49:42', 'admin', '2020-05-13 10:18:41', 1, '0');
INSERT INTO `t_sys_user` VALUES (66, 'gys9', NULL, '692b5644297258a835e0507addaf8462', 'r89/NwtF9x7SCLwIpMvBFg==', '2', 'gys9', '2020-05-10 18:49:53', 'admin', '2020-05-11 10:10:10', 1, '0');
INSERT INTO `t_sys_user` VALUES (67, 'gys10', NULL, '0c1d679702f485c6ab1e685163800ec9', '5Ta1KlmXWNT391JbT3//aA==', '2', 'gys10', '2020-05-10 18:50:14', 'admin', '2020-05-13 10:18:13', 1, '0');
INSERT INTO `t_sys_user` VALUES (68, 'gys11', '2020-05-11 10:11:28', '77f83094e304ce9b09eba4e4e6376070', 'xzmBZvwXpc90jZBCEfgaww==', '2', 'gys11', '2020-05-10 18:50:25', 'gys11', '2020-05-11 10:11:28', 2, '1');
INSERT INTO `t_sys_user` VALUES (69, 'gys12', NULL, '2f3058828cb5017daf04b99e84e2f43e', 'rFlXRhMNeJliJOP1zcN1tw==', '2', 'gys12', '2020-05-10 18:50:41', 'admin', '2020-05-12 14:54:07', 1, '0');
INSERT INTO `t_sys_user` VALUES (70, 'gys13', NULL, '20c6dd38532bc2db6bf38629c3991e89', 'qP6Ywy00r7QJFP0y21aXdg==', '2', 'gys13', '2020-05-10 18:51:04', 'admin', '2020-05-13 10:18:13', 1, '0');
INSERT INTO `t_sys_user` VALUES (71, 'gys14', NULL, '6a749e7a9193e5bb30113ee30acd7661', 'yvc2MXAC9yempdWjSusguA==', '2', 'gys14', '2020-05-10 18:51:19', 'admin', '2020-05-13 10:18:13', 1, '0');
INSERT INTO `t_sys_user` VALUES (72, 'zapjoe', NULL, '85c0eea3fd5224c2f1a85f60e3814939', 'Oa3OOfSK8bK02RSdpNQicg==', '2', 'admin', '2020-05-12 14:10:19', 'admin', '2020-05-12 14:10:19', 0, '0');
INSERT INTO `t_sys_user` VALUES (73, 'joe', '2020-05-13 16:13:22', '5d86935fe18c3cf60492c11fcdcf2107', 'gtJpdrj3GqMSQF6nF32K1g==', '2', 'admin', '2020-05-12 14:24:00', 'joe', '2020-05-13 16:13:22', 1, '1');
INSERT INTO `t_sys_user` VALUES (74, 'test888', NULL, '9acfe7ce18eea7a153a92d6b72c39978', '5/Goasj1Bc2Py41kA9i9xw==', '2', 'test888', '2020-05-12 15:44:13', 'admin', '2020-05-13 10:18:13', 1, '0');
INSERT INTO `t_sys_user` VALUES (75, 'test1', '2020-05-12 20:29:33', '6077c7fbaf28ff15f562791a165adf2e', 'apRYc/5XTpeoEboO3ZFLpQ==', '2', 'admin', '2020-05-12 20:29:15', 'admin', '2020-05-12 20:29:33', 0, '0');
INSERT INTO `t_sys_user` VALUES (76, 'MySupplier', NULL, '65bcbfe0db07b74f898e18a4e4aa2603', 'xNqSVvaOdfx5Jz80F+rfnQ==', '2', 'MySupplier', '2020-05-13 09:14:01', 'admin', '2020-05-13 09:14:29', 1, '0');
INSERT INTO `t_sys_user` VALUES (77, 'tender1', '2020-05-14 10:58:20', '400bb6453c91fdcbf2feae793acf33a2', 'hahrAQ2pK+Dd3KzxAbKLzQ==', '2', 'admin', '2020-05-13 14:51:35', 'tender1', '2020-05-14 10:58:20', 1, '1');
INSERT INTO `t_sys_user` VALUES (78, 'tender2', '2020-05-13 14:54:32', '93c23468b4f9b6af83816c6ccf5c5beb', 'ojB4+8/wNcWihtP0SDhBlw==', '2', 'admin', '2020-05-13 14:51:44', 'tender2', '2020-05-13 14:54:32', 1, '1');
INSERT INTO `t_sys_user` VALUES (79, 'tender3', '2020-05-13 14:55:13', '7bcafc36bd88159dc2629d669b88fe8a', 'EFOOn+Celr2DM+7H7ndlMg==', '2', 'admin', '2020-05-13 14:51:52', 'tender3', '2020-05-13 14:55:13', 1, '1');
INSERT INTO `t_sys_user` VALUES (80, 'tender4', NULL, 'c1f71bc21297ae910239c587ddb526f2', 'BJvQ/86mz3jhCseojqSk4A==', '2', 'admin', '2020-05-13 14:52:06', 'admin', '2020-05-13 14:52:06', 0, '0');
INSERT INTO `t_sys_user` VALUES (81, 'expert1', '2020-06-03 23:00:49', '0235c04131090e6f62a2f54e3606c61b', 'RD8MJFCEoyO9/w/nPmdKKg==', '2', 'admin', '2020-05-14 10:44:50', 'expert1', '2020-06-03 23:00:49', 1, '1');
INSERT INTO `t_sys_user` VALUES (82, 'expert2', '2020-06-06 15:42:44', 'dcbe1bc73e2c0191c19f8811a12a744f', 'pAjd+HEgkc9NBj0bU6vkTw==', '2', 'admin', '2020-05-14 12:19:07', 'expert2', '2020-06-06 15:42:44', 1, '1');
INSERT INTO `t_sys_user` VALUES (83, 'expert3', NULL, '1121282ff4655f48c642943fd508fefe', 'Kz7YyDnpVSyGPA5MTr+Qqg==', '2', 'admin', '2020-05-14 12:19:28', 'admin', '2020-05-14 12:19:28', 0, '0');
INSERT INTO `t_sys_user` VALUES (84, 'expert4', NULL, 'e2afbba656ac57f47904cd45df435b63', 'K/fwW4+438OZUW6/9F7d/Q==', '2', 'admin', '2020-05-14 12:19:39', 'admin', '2020-05-14 12:19:39', 0, '0');
INSERT INTO `t_sys_user` VALUES (85, 'expert5', NULL, '0b89684b2ab6d7705520863c45e9b0ee', 'U+E9KmJoT7AGthC4XGRaDw==', '2', 'admin', '2020-05-14 12:19:51', 'admin', '2020-05-14 12:19:51', 0, '0');
INSERT INTO `t_sys_user` VALUES (86, 'expert6', NULL, 'addd0a028db1c68e2475ed9190345502', 'kCUB78JP1NZmCdIHWh1niw==', '2', 'admin', '2020-05-14 12:20:04', 'admin', '2020-05-14 12:20:04', 0, '0');
INSERT INTO `t_sys_user` VALUES (87, 'expert7', NULL, '2a8ae3dff6f7bc857298eb04fb2ab680', 'B511QtMen963VHH/uvzkbA==', '2', 'admin', '2020-05-14 12:20:13', 'admin', '2020-05-14 12:20:13', 0, '0');
INSERT INTO `t_sys_user` VALUES (88, 'expert8', NULL, '389d6168c71fd1875cb7893d64c62e08', 'gQHCL/gJevdwmsh63YFbUg==', '2', 'admin', '2020-05-14 12:20:23', 'admin', '2020-05-14 12:20:23', 0, '0');
INSERT INTO `t_sys_user` VALUES (89, 'expert9', NULL, '9b674d0aef7890a5be56daf12f61ca72', '53Z80ESRLV39xRL4pw2uQQ==', '2', 'admin', '2020-05-14 12:20:33', 'admin', '2020-05-14 12:20:33', 0, '0');
INSERT INTO `t_sys_user` VALUES (90, 'expert10', NULL, '91e280439e5dc55c66155ee69225b3cf', 's9IaqQY33nNWIRfpa+toMw==', '2', 'admin', '2020-05-14 12:20:43', 'admin', '2020-05-14 12:20:43', 0, '0');
INSERT INTO `t_sys_user` VALUES (91, 'expert11', NULL, 'b8d04c2d11f51f78ec497d07c35631c9', 'UkJp+j/0cxpVIzvS+Jpwfw==', '2', 'admin', '2020-05-14 12:20:51', 'admin', '2020-05-14 12:20:51', 0, '0');
INSERT INTO `t_sys_user` VALUES (92, 'expert19', '2020-05-14 18:16:50', '7cc92c7e185b4303c2258171e4efe57d', 'cSh/206ckRQsu8rPcxX+yA==', '2', 'admin', '2020-05-14 18:15:43', 'expert19', '2020-05-14 18:16:50', 1, '1');
INSERT INTO `t_sys_user` VALUES (93, 'expert12', '2020-05-14 20:52:56', '29c123d120bb17c95bb57116fd1b1870', 'q7GMoWBjMi/98HMcZPY4pA==', '2', 'admin', '2020-05-14 20:51:33', 'expert12', '2020-05-14 20:52:56', 1, '1');
INSERT INTO `t_sys_user` VALUES (94, 'expert13', '2020-05-14 20:58:27', '4c784951c1566e6722a226a0f5ec8d48', 'ejo5f09iuYyY8KK4KGELvg==', '2', 'admin', '2020-05-14 20:55:11', 'expert13', '2020-05-14 20:58:27', 1, '1');
INSERT INTO `t_sys_user` VALUES (95, 'zbs', '2020-05-30 15:03:27', 'f8a79914bfca39b92b09066c7048f699', 'hG7nOOMHJ3t0q45+KKWYQA==', '2', 'admin', '2020-05-30 15:02:57', 'zbs', '2020-05-30 15:03:27', 1, '1');
INSERT INTO `t_sys_user` VALUES (96, 'zb1', '2020-06-06 14:26:34', '74bf3fb1c01ec3d8256e23303d0f2b3a', 'JUZI9LRkc8WAQrnExPqZng==', '2', 'admin', '2020-05-31 14:40:46', 'zb1', '2020-06-06 14:26:34', 1, '1');
INSERT INTO `t_sys_user` VALUES (97, 'zb2', '2020-06-01 22:21:55', '28e14e8f57af1553acda63c8d45caa53', '8RsGVJr4KfJPAZvBDRm06w==', '2', 'admin', '2020-05-31 14:40:51', 'zb2', '2020-06-01 22:21:55', 1, '1');
INSERT INTO `t_sys_user` VALUES (98, 'zb3', NULL, '3ebe1c20d641d1b55efbfb596303ba67', '4Ev/YK7sLHqc+8IdZSKS2g==', '2', 'admin', '2020-05-31 14:40:55', 'admin', '2020-05-31 14:40:55', 0, '0');
INSERT INTO `t_sys_user` VALUES (99, 'zb4', NULL, '5b06b6ee13a9be49006b98b56b9c1a45', 'lt1QC0a+LaPDWVZiu8HGqA==', '2', 'admin', '2020-05-31 14:41:00', 'admin', '2020-05-31 14:41:00', 0, '0');
INSERT INTO `t_sys_user` VALUES (100, 'zb5', NULL, '3e1eab0e097578a87885309107c4b2b4', 'W7xmBt1mUEq2Qkz8Uq0g9A==', '2', 'admin', '2020-05-31 14:41:04', 'admin', '2020-05-31 14:41:04', 0, '0');
INSERT INTO `t_sys_user` VALUES (101, 'zj1', '2020-06-03 21:00:17', '9c33baa278804d0f449e9303187093c9', 'tl8G48o7J0mwClgnzh5ihQ==', '2', 'admin', '2020-05-31 14:41:36', 'zj1', '2020-06-03 21:00:17', 1, '1');
INSERT INTO `t_sys_user` VALUES (102, 'zj2', NULL, 'f7cfd0dd1af6df2193b4d0f86c5a7d8f', 'Zy7EIx5haHfIdcIRAE27RQ==', '2', 'admin', '2020-05-31 14:41:41', 'admin', '2020-05-31 14:41:41', 0, '0');
INSERT INTO `t_sys_user` VALUES (103, 'zj3', NULL, 'e6b5831249fa73c169f648b21d15f92f', 'vQ+faoLDhL5+V4uspMZ+aA==', '2', 'admin', '2020-05-31 14:41:44', 'admin', '2020-05-31 14:41:44', 0, '0');
INSERT INTO `t_sys_user` VALUES (104, 'zj4', NULL, 'f1b1990fd7158018f0d654a205934382', 'Iz4Ik9J9voYqEHkvHM6sEA==', '2', 'admin', '2020-05-31 14:41:48', 'admin', '2020-05-31 14:41:48', 0, '0');
INSERT INTO `t_sys_user` VALUES (105, 'zj5', NULL, '2ff8b07a45197c0e33e8c8960464718c', 'VKVgTLRYybqjTwKfwdQ1ig==', '2', 'admin', '2020-05-31 14:41:52', 'admin', '2020-05-31 14:41:52', 0, '0');
INSERT INTO `t_sys_user` VALUES (106, 'test', '2020-06-06 14:22:43', '310253ec982d5e8b5f4ff905efa4974c', '3e4uFvHBG/O0KvYCRsOuEQ==', '2', 'admin', '2020-06-06 14:22:17', 'admin', '2020-06-06 15:15:13', 3, '1');

-- ----------------------------
-- Table structure for t_sys_user_extend
-- ----------------------------
DROP TABLE IF EXISTS `t_sys_user_extend`;
CREATE TABLE `t_sys_user_extend`  (
  `urid` int(11) NOT NULL AUTO_INCREMENT COMMENT '',
  `userid` int(11) NOT NULL COMMENT 'id',
  `extend1` varchar(255) CHARACTER SET utf8 COLLATE utf8_bin NULL DEFAULT NULL,
  `extend2` varchar(255) CHARACTER SET utf8 COLLATE utf8_bin NULL DEFAULT NULL,
  `extend3` varchar(255) CHARACTER SET utf8 COLLATE utf8_bin NULL DEFAULT NULL,
  `extend4` varchar(255) CHARACTER SET utf8 COLLATE utf8_bin NULL DEFAULT NULL,
  `extend5` varchar(255) CHARACTER SET utf8 COLLATE utf8_bin NULL DEFAULT NULL,
  `extend6` varchar(255) CHARACTER SET utf8 COLLATE utf8_bin NULL DEFAULT NULL,
  `extend7` varchar(255) CHARACTER SET utf8 COLLATE utf8_bin NULL DEFAULT NULL,
  `extend8` varchar(255) CHARACTER SET utf8 COLLATE utf8_bin NULL DEFAULT NULL,
  `extend9` varchar(255) CHARACTER SET utf8 COLLATE utf8_bin NULL DEFAULT NULL,
  `extend10` varchar(255) CHARACTER SET utf8 COLLATE utf8_bin NULL DEFAULT NULL,
  `extend11` varchar(255) CHARACTER SET utf8 COLLATE utf8_bin NULL DEFAULT NULL,
  `extend12` varchar(255) CHARACTER SET utf8 COLLATE utf8_bin NULL DEFAULT NULL,
  `extend13` varchar(255) CHARACTER SET utf8 COLLATE utf8_bin NULL DEFAULT NULL,
  `extend14` varchar(255) CHARACTER SET utf8 COLLATE utf8_bin NULL DEFAULT NULL,
  `extend15` varchar(255) CHARACTER SET utf8 COLLATE utf8_bin NULL DEFAULT NULL,
  `extend16` varchar(255) CHARACTER SET utf8 COLLATE utf8_bin NULL DEFAULT NULL,
  `extend17` varchar(255) CHARACTER SET utf8 COLLATE utf8_bin NULL DEFAULT NULL,
  `extend18` varchar(255) CHARACTER SET utf8 COLLATE utf8_bin NULL DEFAULT NULL,
  `extend19` varchar(255) CHARACTER SET utf8 COLLATE utf8_bin NULL DEFAULT NULL,
  `extend20` varchar(255) CHARACTER SET utf8 COLLATE utf8_bin NULL DEFAULT NULL,
  `createdby` varchar(255) CHARACTER SET utf8 COLLATE utf8_bin NOT NULL COMMENT '',
  `createdon` datetime(0) NOT NULL COMMENT '',
  `updatedby` varchar(255) CHARACTER SET utf8 COLLATE utf8_bin NOT NULL COMMENT '',
  `updatedon` datetime(0) NOT NULL COMMENT '',
  `reversion` int(11) NOT NULL DEFAULT 1 COMMENT '',
  PRIMARY KEY (`urid`) USING BTREE,
  INDEX `USEREXTEND_USERID`(`userid`) USING BTREE,
  CONSTRAINT `USEREXTEND_USERID` FOREIGN KEY (`userid`) REFERENCES `t_sys_user` (`urid`) ON DELETE RESTRICT ON UPDATE RESTRICT
) ENGINE = InnoDB CHARACTER SET = utf8 COLLATE = utf8_bin ROW_FORMAT = Dynamic;

-- ----------------------------
-- Table structure for t_sys_user_role
-- ----------------------------
DROP TABLE IF EXISTS `t_sys_user_role`;
CREATE TABLE `t_sys_user_role`  (
  `urid` int(11) NOT NULL AUTO_INCREMENT COMMENT '',
  `userid` int(11) NOT NULL COMMENT 'id',
  `roleid` int(11) NOT NULL COMMENT 'id',
  `createdby` varchar(255) CHARACTER SET utf8 COLLATE utf8_bin NOT NULL COMMENT '',
  `createdon` datetime(0) NOT NULL COMMENT '',
  `updatedby` varchar(255) CHARACTER SET utf8 COLLATE utf8_bin NOT NULL COMMENT '',
  `updatedon` datetime(0) NOT NULL COMMENT '',
  `reversion` int(11) NOT NULL DEFAULT 1 COMMENT '',
  PRIMARY KEY (`urid`) USING BTREE,
  INDEX `FK_USERROLE_ROLEID`(`roleid`) USING BTREE,
  INDEX `FK_USERROLE_USERID`(`userid`) USING BTREE,
  CONSTRAINT `FK_USERROLE_ROLEID` FOREIGN KEY (`roleid`) REFERENCES `t_sys_role` (`urid`) ON DELETE RESTRICT ON UPDATE RESTRICT,
  CONSTRAINT `FK_USERROLE_USERID` FOREIGN KEY (`userid`) REFERENCES `t_sys_user` (`urid`) ON DELETE RESTRICT ON UPDATE RESTRICT
) ENGINE = InnoDB AUTO_INCREMENT = 107 CHARACTER SET = utf8 COLLATE = utf8_bin COMMENT = '' ROW_FORMAT = Dynamic;

-- ----------------------------
-- Records of t_sys_user_role
-- ----------------------------
INSERT INTO `t_sys_user_role` VALUES (16, 32, 60, 'admin', '2020-05-10 11:02:02', 'admin', '2020-05-10 11:02:02', 0);
INSERT INTO `t_sys_user_role` VALUES (17, 33, 60, 'admin', '2020-05-10 11:02:08', 'admin', '2020-05-10 11:02:08', 0);
INSERT INTO `t_sys_user_role` VALUES (18, 66, 2, 'admin', '2020-05-11 10:02:20', 'admin', '2020-05-11 10:02:20', 0);
INSERT INTO `t_sys_user_role` VALUES (19, 68, 2, 'admin', '2020-05-11 10:09:54', 'admin', '2020-05-11 10:09:54', 0);
INSERT INTO `t_sys_user_role` VALUES (20, 69, 2, 'admin', '2020-05-12 14:54:07', 'admin', '2020-05-12 14:54:07', 0);
INSERT INTO `t_sys_user_role` VALUES (45, 58, 2, 'admin', '2020-05-13 09:12:49', 'admin', '2020-05-13 09:12:49', 0);
INSERT INTO `t_sys_user_role` VALUES (46, 76, 2, 'admin', '2020-05-13 09:14:29', 'admin', '2020-05-13 09:14:29', 0);
INSERT INTO `t_sys_user_role` VALUES (48, 60, 2, 'admin', '2020-05-13 10:16:13', 'admin', '2020-05-13 10:16:13', 0);
INSERT INTO `t_sys_user_role` VALUES (49, 61, 2, 'admin', '2020-05-13 10:16:21', 'admin', '2020-05-13 10:16:21', 0);
INSERT INTO `t_sys_user_role` VALUES (50, 62, 2, 'admin', '2020-05-13 10:16:26', 'admin', '2020-05-13 10:16:26', 0);
INSERT INTO `t_sys_user_role` VALUES (51, 59, 2, 'admin', '2020-05-13 10:16:30', 'admin', '2020-05-13 10:16:30', 0);
INSERT INTO `t_sys_user_role` VALUES (52, 63, 2, 'admin', '2020-05-13 10:16:46', 'admin', '2020-05-13 10:16:46', 0);
INSERT INTO `t_sys_user_role` VALUES (53, 64, 2, 'admin', '2020-05-13 10:16:50', 'admin', '2020-05-13 10:16:50', 0);
INSERT INTO `t_sys_user_role` VALUES (54, 75, 2, 'admin', '2020-05-13 10:18:00', 'admin', '2020-05-13 10:18:00', 0);
INSERT INTO `t_sys_user_role` VALUES (56, 73, 2, 'admin', '2020-05-13 10:18:08', 'admin', '2020-05-13 10:18:08', 0);
INSERT INTO `t_sys_user_role` VALUES (57, 72, 2, 'admin', '2020-05-13 10:18:11', 'admin', '2020-05-13 10:18:11', 0);
INSERT INTO `t_sys_user_role` VALUES (58, 71, 2, 'admin', '2020-05-13 10:18:19', 'admin', '2020-05-13 10:18:19', 0);
INSERT INTO `t_sys_user_role` VALUES (59, 70, 2, 'admin', '2020-05-13 10:18:22', 'admin', '2020-05-13 10:18:22', 0);
INSERT INTO `t_sys_user_role` VALUES (61, 67, 2, 'admin', '2020-05-13 10:18:33', 'admin', '2020-05-13 10:18:33', 0);
INSERT INTO `t_sys_user_role` VALUES (62, 65, 2, 'admin', '2020-05-13 10:18:45', 'admin', '2020-05-13 10:18:45', 0);
INSERT INTO `t_sys_user_role` VALUES (63, 77, 3, 'admin', '2020-05-13 14:52:12', 'admin', '2020-05-13 14:52:12', 0);
INSERT INTO `t_sys_user_role` VALUES (64, 78, 3, 'admin', '2020-05-13 14:52:17', 'admin', '2020-05-13 14:52:17', 0);
INSERT INTO `t_sys_user_role` VALUES (65, 79, 3, 'admin', '2020-05-13 14:52:22', 'admin', '2020-05-13 14:52:22', 0);
INSERT INTO `t_sys_user_role` VALUES (66, 80, 3, 'admin', '2020-05-13 14:52:27', 'admin', '2020-05-13 14:52:27', 0);
INSERT INTO `t_sys_user_role` VALUES (67, 2, 1, 'admin', '2020-05-13 16:01:33', 'admin', '2020-05-13 16:01:33', 0);
INSERT INTO `t_sys_user_role` VALUES (70, 74, 2, 'admin', '2020-05-14 11:24:54', 'admin', '2020-05-14 11:24:54', 0);
INSERT INTO `t_sys_user_role` VALUES (80, 81, 4, 'admin', '2020-05-14 12:14:26', 'admin', '2020-05-14 12:14:26', 0);
INSERT INTO `t_sys_user_role` VALUES (81, 82, 4, 'admin', '2020-05-14 12:19:19', 'admin', '2020-05-14 12:19:19', 0);
INSERT INTO `t_sys_user_role` VALUES (82, 83, 4, 'admin', '2020-05-14 12:19:34', 'admin', '2020-05-14 12:19:34', 0);
INSERT INTO `t_sys_user_role` VALUES (83, 84, 4, 'admin', '2020-05-14 12:19:46', 'admin', '2020-05-14 12:19:46', 0);
INSERT INTO `t_sys_user_role` VALUES (84, 85, 4, 'admin', '2020-05-14 12:19:56', 'admin', '2020-05-14 12:19:56', 0);
INSERT INTO `t_sys_user_role` VALUES (85, 86, 4, 'admin', '2020-05-14 12:20:09', 'admin', '2020-05-14 12:20:09', 0);
INSERT INTO `t_sys_user_role` VALUES (86, 87, 4, 'admin', '2020-05-14 12:20:18', 'admin', '2020-05-14 12:20:18', 0);
INSERT INTO `t_sys_user_role` VALUES (87, 88, 4, 'admin', '2020-05-14 12:20:27', 'admin', '2020-05-14 12:20:27', 0);
INSERT INTO `t_sys_user_role` VALUES (88, 89, 4, 'admin', '2020-05-14 12:20:37', 'admin', '2020-05-14 12:20:37', 0);
INSERT INTO `t_sys_user_role` VALUES (89, 90, 4, 'admin', '2020-05-14 12:20:46', 'admin', '2020-05-14 12:20:46', 0);
INSERT INTO `t_sys_user_role` VALUES (90, 91, 4, 'admin', '2020-05-14 12:20:55', 'admin', '2020-05-14 12:20:55', 0);
INSERT INTO `t_sys_user_role` VALUES (91, 92, 4, 'admin', '2020-05-14 18:16:17', 'admin', '2020-05-14 18:16:17', 0);
INSERT INTO `t_sys_user_role` VALUES (92, 93, 4, 'admin', '2020-05-14 20:51:39', 'admin', '2020-05-14 20:51:39', 0);
INSERT INTO `t_sys_user_role` VALUES (93, 94, 4, 'admin', '2020-05-14 20:55:28', 'admin', '2020-05-14 20:55:28', 0);
INSERT INTO `t_sys_user_role` VALUES (94, 95, 3, 'admin', '2020-05-30 15:03:02', 'admin', '2020-05-30 15:03:02', 0);
INSERT INTO `t_sys_user_role` VALUES (95, 96, 3, 'admin', '2020-05-31 14:41:10', 'admin', '2020-05-31 14:41:10', 0);
INSERT INTO `t_sys_user_role` VALUES (96, 97, 3, 'admin', '2020-05-31 14:41:14', 'admin', '2020-05-31 14:41:14', 0);
INSERT INTO `t_sys_user_role` VALUES (97, 98, 3, 'admin', '2020-05-31 14:41:18', 'admin', '2020-05-31 14:41:18', 0);
INSERT INTO `t_sys_user_role` VALUES (98, 99, 3, 'admin', '2020-05-31 14:41:23', 'admin', '2020-05-31 14:41:23', 0);
INSERT INTO `t_sys_user_role` VALUES (99, 100, 3, 'admin', '2020-05-31 14:41:28', 'admin', '2020-05-31 14:41:28', 0);
INSERT INTO `t_sys_user_role` VALUES (100, 101, 4, 'admin', '2020-05-31 14:41:57', 'admin', '2020-05-31 14:41:57', 0);
INSERT INTO `t_sys_user_role` VALUES (101, 102, 4, 'admin', '2020-05-31 14:42:00', 'admin', '2020-05-31 14:42:00', 0);
INSERT INTO `t_sys_user_role` VALUES (102, 103, 4, 'admin', '2020-05-31 14:42:04', 'admin', '2020-05-31 14:42:04', 0);
INSERT INTO `t_sys_user_role` VALUES (103, 104, 4, 'admin', '2020-05-31 14:42:06', 'admin', '2020-05-31 14:42:06', 0);
INSERT INTO `t_sys_user_role` VALUES (104, 105, 4, 'admin', '2020-05-31 14:42:11', 'admin', '2020-05-31 14:42:11', 0);
INSERT INTO `t_sys_user_role` VALUES (107, 106, 61, 'admin', '2020-06-06 14:25:18', 'admin', '2020-06-06 14:25:18', 0);

-- ----------------------------
-- Table structure for t_sys_userfile
-- ----------------------------
DROP TABLE IF EXISTS `t_sys_userfile`;
CREATE TABLE `t_sys_userfile`  (
  `urid` int(11) NOT NULL AUTO_INCREMENT COMMENT '',
  `code` varchar(255) CHARACTER SET utf8 COLLATE utf8_bin NULL DEFAULT NULL COMMENT '',
  `type` char(1) CHARACTER SET utf8 COLLATE utf8_bin NULL DEFAULT NULL COMMENT '',
  `name` varchar(255) CHARACTER SET utf8 COLLATE utf8_bin NULL DEFAULT NULL COMMENT '',
  `userid` int(11) NULL DEFAULT NULL COMMENT '',
  `uploadtime` datetime(0) NULL DEFAULT NULL COMMENT '',
  `projectid` int(11) NULL DEFAULT NULL COMMENT '',
  `download` int(11) NULL DEFAULT 0 COMMENT '',
  `url` varchar(255) CHARACTER SET utf8 COLLATE utf8_bin NULL DEFAULT NULL COMMENT '',
  `createdby` varchar(255) CHARACTER SET utf8 COLLATE utf8_bin NOT NULL COMMENT '',
  `createdon` datetime(0) NOT NULL COMMENT '',
  `updatedby` varchar(255) CHARACTER SET utf8 COLLATE utf8_bin NOT NULL COMMENT '',
  `updatedon` datetime(0) NOT NULL COMMENT '',
  `reversion` int(11) NOT NULL DEFAULT 1 COMMENT '',
  `amount` varchar(255) CHARACTER SET utf8 COLLATE utf8_bin NULL DEFAULT NULL COMMENT '',
  `content` varchar(4000) CHARACTER SET utf8 COLLATE utf8_bin NULL DEFAULT NULL COMMENT '',
  `uploadname` varchar(255) CHARACTER SET utf8 COLLATE utf8_bin NULL DEFAULT NULL COMMENT '',
  PRIMARY KEY (`urid`) USING BTREE,
  INDEX `FK_INVITEBOOK_COMPANYID`(`name`) USING BTREE,
  INDEX `FK_INVITEBOOK_PROJECTID`(`projectid`) USING BTREE,
  INDEX `FK_FILE_USERID`(`userid`) USING BTREE,
  CONSTRAINT `FK_FILE_PROJECTID` FOREIGN KEY (`projectid`) REFERENCES `t_sys_project` (`urid`) ON DELETE RESTRICT ON UPDATE RESTRICT,
  CONSTRAINT `FK_FILE_USERID` FOREIGN KEY (`userid`) REFERENCES `t_sys_user` (`urid`) ON DELETE RESTRICT ON UPDATE RESTRICT
) ENGINE = InnoDB AUTO_INCREMENT = 20 CHARACTER SET = utf8 COLLATE = utf8_bin COMMENT = '' ROW_FORMAT = Dynamic;

-- ----------------------------
-- Records of t_sys_userfile
-- ----------------------------
INSERT INTO `t_sys_userfile` VALUES (16, '162020-06-03', '1', '', 96, '2020-06-03 22:55:58', 16, 1, 'E:\\SupplierBidding\\uploadFile\\zb1\\2020-06-03\\.txt', 'zb1', '2020-06-03 22:55:58', 'zb1', '2020-06-03 22:55:58', 0, '200', '', '.txt');
INSERT INTO `t_sys_userfile` VALUES (17, '162020-06-03', '2', '', 58, '2020-06-03 22:59:45', 16, 0, 'E:\\SupplierBidding\\uploadFile\\gys1\\2020-06-03\\ - 0.txt', 'gys1', '2020-06-03 22:59:45', 'gys1', '2020-06-03 22:59:45', 0, '0', '', ' - 0.txt');
INSERT INTO `t_sys_userfile` VALUES (18, '212020-06-05', '1', '', 96, '2020-06-05 23:10:55', 21, 0, 'E:\\SupplierBidding\\uploadFile\\zb1\\2020-06-05\\ - 8.txt', 'zb1', '2020-06-05 23:10:55', 'zb1', '2020-06-05 23:10:55', 0, '200', '', ' - 8.txt');
INSERT INTO `t_sys_userfile` VALUES (19, '192020-06-05', '1', '', 96, '2020-06-05 23:11:50', 19, 0, 'E:\\SupplierBidding\\uploadFile\\zb1\\2020-06-05\\ - 3.txt', 'zb1', '2020-06-05 23:11:50', 'zb1', '2020-06-05 23:11:50', 0, '200', '', ' - 3.txt');
INSERT INTO `t_sys_userfile` VALUES (20, '172020-06-05', '1', '', 96, '2020-06-05 23:12:15', 17, 0, 'E:\\SupplierBidding\\uploadFile\\zb1\\2020-06-05\\.md', 'zb1', '2020-06-05 23:12:15', 'zb1', '2020-06-05 23:12:15', 0, '200', '', '.md');

SET FOREIGN_KEY_CHECKS = 1;
